<?xml version="1.0" encoding="UTF-8"?>
<window>
	<views>50,51,511,52,53,54,55,551,56,501,57</views>
	<defaultcontrol>50</defaultcontrol>
	<onload>ClearProperty(MediaMenu,Home)</onload>
	<onload>SetFocus(50)</onload>
	<menucontrol>9000</menucontrol>
	<controls>
		<include condition="Skin.HasSetting(Sub_MainMenuBG)">SubBackgroundLists</include>
		<include>DefaultBackground</include>
		<include content="View_50_List" condition="!Skin.HasSetting(ListCenterFocus)">
		    <param name="ListType">list</param>
		</include>
		<include content="View_50_List" condition="Skin.HasSetting(ListCenterFocus)">
		    <param name="ListType">fixedlist</param>
		</include>
		<include>View_51_Panel</include>
		<include>View_511_Panel2</include>
		<include content="View_52_BigList" condition="!Skin.HasSetting(ListCenterFocus)">
		    <param name="ListType">list</param>
		</include>
		<include content="View_52_BigList" condition="Skin.HasSetting(ListCenterFocus)">
		    <param name="ListType">fixedlist</param>
		</include>
		<include>View_53_Icons</include>
		<include content="View_54_LowList" condition="!Skin.HasSetting(ListCenterFocus)">
		    <param name="ListType">list</param>
		</include>
		<include content="View_54_LowList" condition="Skin.HasSetting(ListCenterFocus)">
		    <param name="ListType">fixedlist</param>
		</include>
		<include>View_55_BigPanel</include>
		<include>View_551_BigPanel2</include>
		<include content="View_56_Fanart">
		    <param name="focusposition">2</param>
		</include>
        <include content="View_501_TallList" condition="!Skin.HasSetting(ListCenterFocus)">
		    <param name="ListType">list</param>
		</include>
		<include content="View_501_TallList" condition="Skin.HasSetting(ListCenterFocus)">
		    <param name="ListType">fixedlist</param>
		</include>
		<include>View_57_SimpleList</include>
		<control type="group">
			<include>VignetteFade</include>
			<include>Time</include>
		</control>
		<control type="group" id="8999" description="Side menu 9000 group">
			<include>9000Commons</include>
			<include>9000NavCommons</include>
			<control type="group">
			    <posx>-60</posx>
			    <posy>-13</posy>
			    <include condition="Skin.HasSetting(Enable.TouchSupport)" content="DialogCloseButtonCommons">
			        <param name="Action">SetFocus(50)</param>
				    <param name="ondown">9000</param>
			    </include>
			    <animation effect="fade" time="200" start="100" end="20" reversible="true" condition="!ControlGroup(9000).HasFocus() + !Control.HasFocus(909090)">Conditional</animation>
		    </control>
			<control type="grouplist" id="9000">
				<include>9000GrouplistParameters</include>
				<control type="label" id="9181">
					<textcolor>$VAR[HighlightColor]</textcolor>
					<align>left</align>
					<textoffsetx>10</textoffsetx>
					<include>9000ViewButtons</include>
					<label>$LOCALIZE[31026]</label>
				</control>
				<control type="radiobutton" id="7">
					<label>$LOCALIZE[25001]</label>
					<visible>Control.IsEnabled(7)</visible>
					<texturenofocus border="3">buttons/ButtonNF.png</texturenofocus>
					<include>9000SysButtons</include>
				</control>
				<control type="radiobutton" id="8">
					<label>$LOCALIZE[24999]</label>
					<visible>Control.IsEnabled(8)</visible>
					<texturenofocus border="3">buttons/ButtonNF.png</texturenofocus>
					<include>9000SysButtons</include>
				</control>
				<control type="button" id="9">
					<label>$LOCALIZE[24034]</label>
					<texturenofocus border="3">buttons/ButtonNF.png</texturenofocus>
					<include>9000SysButtons</include>
				</control>
				<control type="button" id="5">
					<label>$LOCALIZE[10004]</label>
					<texturenofocus border="3">buttons/ButtonNF.png</texturenofocus>
					<include>9000SysButtons</include>
				</control>

			</control>
		</control>
        <include condition="Skin.HasSetting(Show.EHJumpToLetter)">ScriptJumpToLetter</include>
	</controls>
</window>