<?xml version="1.0" encoding="UTF-8"?>
<includes>

    <include name="StandardFavouritesLayout">

	    <include content="BackgroundOverlay">
			<param name="parentid" value="450"/>
		</include>

	    <control type="panel" id="450" description="Grid">
			<posx>30</posx>
			<posy>60</posy>
			<width>1860</width>
			<height>1000</height>
			<orientation>vertical</orientation>
			<onleft>450</onleft>
			<onright>450</onright>
			<onup>450</onup>
			<ondown>450</ondown>
			<preloaditems>12</preloaditems>
			<pagecontrol>60</pagecontrol>
			<scrolltime>400</scrolltime>
			<itemlayout height="500" width="310" condition="!Skin.HasSetting(Show.SmallerFavourites)">
				<include content="GenericFavouriteIconBig">
					<param name="isFocused">false</param>
				</include>
			</itemlayout>
			<focusedlayout height="500" width="310" condition="!Skin.HasSetting(Show.SmallerFavourites)">
				<include content="GenericFavouriteIconBig">
					<param name="isFocused">true</param>
				</include>
			</focusedlayout>
			<itemlayout height="333" width="200" condition="Skin.HasSetting(Show.3RowFavourites)">
				<include content="GenericFavouriteIconMed">
					<param name="isFocused">false</param>
				</include>
			</itemlayout>
			<focusedlayout height="333" width="200" condition="Skin.HasSetting(Show.3RowFavourites)">
				<include content="GenericFavouriteIconMed">
					<param name="isFocused">true</param>
				</include>
			</focusedlayout>
			<itemlayout height="250" width="180" condition="Skin.HasSetting(Show.4RowFavourites)">
				<include content="GenericFavouriteIconSmall">
					<param name="isFocused">false</param>
				</include>
			</itemlayout>
			<focusedlayout height="250" width="180" condition="Skin.HasSetting(Show.4RowFavourites)">
				<include content="GenericFavouriteIconSmall">
					<param name="isFocused">true</param>
				</include>
			</focusedlayout>
		</control>
		<control type="scrollbar" id="60">
			<animation effect="slide" start="0,0" end="-8,0" time="150">Focus</animation>
			<animation effect="slide" start="-8,0" end="0,0" time="300">UnFocus</animation>
			<posx>20r</posx>
			<posy>360</posy>
			<width>36</width>
			<height>700</height>
			<texturesliderbackground></texturesliderbackground>
			<texturesliderbar></texturesliderbar>
			<texturesliderbarfocus></texturesliderbarfocus>
			<textureslidernib border="18">OSD/ScrollbarNibNF.png</textureslidernib>
			<textureslidernibfocus border="18" colordiffuse="$VAR[HighlightColor]">OSD/ScrollbarNibFO.png</textureslidernibfocus>
			<showonepage>false</showonepage>
			<orientation>vertical</orientation>
			<onleft>450</onleft>
		</control>

		<include>Time</include>

	</include>

	<include name="AlternateFavouritesBigList">

		<include content="BackgroundOverlay">
			<param name="parentid" value="450"/>
		</include>

	    <control type="list" id="450">
			<posx>30</posx>
            <width>1860</width>
		    <posy>40</posy>
    	    <height>1040</height>
		    <pagecontrol>60</pagecontrol>
            <onright>60</onright>
		    <onup>450</onup>
		    <ondown>450</ondown>
		    <preloaditems>4</preloaditems>
			<itemlayout height="104" width="1070">
			    <control type="image">
				    <posx>845</posx>
				    <height>104</height>
				    <width>1010</width>
				    <texture flipy="true" border="3">list/ListNF.png</texture>
			    </control>
			    <include content="ShadowedImage">
				    <param name="top">5</param>
				    <param name="left">795</param>
				    <param name="width">233</param>
				    <param name="height">90</param>
				    <param name="shadowoffset">4</param>
				    <param name="texture">$INFO[ListItem.Icon]</param>
				    <param name="align">center</param>
                    <param name="visibility">!String.IsEmpty(ListItem.Icon)</param>
			    </include>
				<include content="ShadowedImage">
				    <param name="top">5</param>
				    <param name="left">795</param>
				    <param name="width">233</param>
				    <param name="height">90</param>
				    <param name="shadowoffset">4</param>
				    <param name="texture">DefaultFolder.png</param>
				    <param name="align">center</param>
                    <param name="visibility">String.IsEmpty(ListItem.Icon)</param>
			    </include>
	            <control type="label">
		            <posx>985</posx>
		            <posy>10</posy>
		            <height>40</height>
		            <width>860</width>
		            <font>font16</font>
		            <aligny>center</aligny>
		            <label>$INFO[ListItem.Label]</label>
	            </control>
			</itemlayout>
			<focusedlayout height="104" width="1070">
			    <control type="image">
				    <posx>845</posx>
				    <width>1010</width>
				    <height>104</height>
				    <texture border="4" colordiffuse="$VAR[HighlightColor]">img/WhiteRoundedST2.png</texture>
				    <animation effect="fade" start="105" end="50" time="105" condition="!Control.HasFocus(450)">Conditional</animation>
			    </control>
				<include content="ShadowedImage">
				    <param name="top">5</param>
				    <param name="left">795</param>
				    <param name="width">233</param>
				    <param name="height">90</param>
				    <param name="shadowoffset">4</param>
				    <param name="texture">$INFO[ListItem.Icon]</param>
				    <param name="align">center</param>
                    <param name="visibility">!String.IsEmpty(ListItem.Icon)</param>
			    </include>
				<include content="ShadowedImage">
				    <param name="top">5</param>
				    <param name="left">795</param>
				    <param name="width">233</param>
				    <param name="height">90</param>
				    <param name="shadowoffset">4</param>
				    <param name="texture">DefaultFolder.png</param>
				    <param name="align">center</param>
                    <param name="visibility">String.IsEmpty(ListItem.Icon)</param>
			    </include>
				<control type="label">
		            <posx>985</posx>
		            <posy>10</posy>
		            <height>40</height>
		            <width>860</width>
		            <font>font16</font>
		            <textcolor>$VAR[FocusedTextColor]</textcolor>
		            <shadowcolor></shadowcolor>
		            <aligny>center</aligny>
		            <label>$INFO[ListItem.Label]</label>
	            </control>
			</focusedlayout>
	    </control>
	    <control type="scrollbar" id="60">
		    <animation effect="slide" start="0,0" end="-8,0" time="150">Focus</animation>
		    <animation effect="slide" start="-8,0" end="0,0" time="300">UnFocus</animation>
		    <posx>21r</posx>
		    <posy>60</posy>
		    <width>36</width>
		    <height>1120</height>
		    <texturesliderbackground></texturesliderbackground>
		    <texturesliderbar></texturesliderbar>
		    <texturesliderbarfocus></texturesliderbarfocus>
		    <textureslidernib border="18">OSD/ScrollbarNibNF.png</textureslidernib>
		    <textureslidernibfocus border="18" colordiffuse="$VAR[HighlightColor]">OSD/ScrollbarNibFO.png</textureslidernibfocus>
		    <showonepage>false</showonepage>
		    <orientation>vertical</orientation>
		    <onleft>450</onleft>
		    <onright>450</onright>
	    </control>

		<control type="group" description="Media Info Panel">
            <include>OpenClose</include>
            <posx>0</posx>
            <posy>40</posy>
            <width>880</width>
            <control type="label" description="Heading Label">
                <top>230</top>
                <left>10</left>
                <width>850</width>
                <height>60</height>
                <aligny>center</aligny>
                <align>center</align>
                <textcolor>$VAR[HighlightColor]</textcolor>
                <font>font20_title</font>
                <wrapmultiline>true</wrapmultiline>
                <label>$INFO[ListItem.Label]</label>
            </control>
		    <include content="ShadowedImage">
                <param name="top">305</param>
                <param name="left">10</param>
			    <param name="width">850</param>
				<param name="height">599</param>
				<param name="texture">$INFO[ListItem.Icon]</param>
				<param name="visibility">!String.IsEmpty(ListItem.Icon)</param>
			</include>
			<include content="ShadowedImage">
                <param name="top">305</param>
                <param name="left">10</param>
			    <param name="width">850</param>
				<param name="height">599</param>
				<param name="texture">DefaultFolder.png</param>
				<param name="visibility">String.IsEmpty(ListItem.Icon)</param>
			</include>
        </control>

		<include>Time</include>

	</include>

	<include name="AlternateFavouritesList">
        <param name="ListLabelFont"></param>
        <param name="itemheight"></param>
		<definition>

		    <include content="BackgroundOverlay">
			    <param name="parentid" value="450"/>
			    <param name="overlaytop" value="60"/>
			    <param name="overlayheight" value="1860"/>
		    </include>
		    <visible>Control.IsVisible(450)</visible>
		    <include>ContentFade</include>

	        <control type="list" id="450">

			    <posx>80</posx>
			    <posy>120</posy>
			    <width>1840</width>
    	        <height>926</height>
		        <pagecontrol>60</pagecontrol>
                <onright>60</onright>
		        <onup>450</onup>
		        <ondown>450</ondown>
		        <preloaditems>4</preloaditems>

			    <itemlayout height="$PARAM[itemheight]" width="1680">
    			    <control type="image" description="BG">
    				    <posy>0</posy>
				        <posx>710</posx>
				        <width>1080</width>
				        <height>$PARAM[itemheight]</height>
				        <texture flipy="true" border="3">list/ListNF.png</texture>
			        </control>
                    <control type="label" description="Main Label">
        				<posx>719</posx>
	    			    <height>$PARAM[itemheight]</height>
		    		    <width>1010</width>
			    	    <scroll>false</scroll>
				        <textoffsetx>16</textoffsetx>
                        <font>$PARAM[ListLabelFont]</font>
				        <label>$VAR[MediaListLabel]</label>
				    </control>
		        </itemlayout>
		        <focusedlayout height="$PARAM[itemheight]" width="1680">
			        <control type="image" description="BG">
        				<posx>719</posx>
					    <posy>0</posy>
					    <height>$PARAM[itemheight]</height>
                        <width>1080</width>
					    <texture border="4" colordiffuse="$VAR[HighlightColor]">img/WhiteRoundedST2.png</texture>
				        <animation effect="fade" start="100" end="50" time="100" condition="!Control.HasFocus(450)">Conditional</animation>
			        </control>
                    <control type="label" description="Main Label">
        				<posx>719</posx>
				        <height>$PARAM[itemheight]</height>
				        <width>1010</width>
				        <scroll>false</scroll>
					    <textoffsetx>16</textoffsetx>
					    <textcolor>$VAR[FocusedTextColor]</textcolor>
					    <selectedcolor>$VAR[FocusedTextColor]</selectedcolor>
					    <shadowcolor></shadowcolor>
                        <font>$PARAM[ListLabelFont]</font>
					    <label>$VAR[MediaListLabel]</label>
				    </control>
			    </focusedlayout>
	        </control>
	        <control type="scrollbar" id="60">
		        <animation effect="slide" start="0,0" end="-8,0" time="150">Focus</animation>
		        <animation effect="slide" start="-8,0" end="0,0" time="300">UnFocus</animation>
		        <posx>21r</posx>
		        <posy>60</posy>
		        <width>36</width>
		        <height>1120</height>
		        <texturesliderbackground></texturesliderbackground>
		        <texturesliderbar></texturesliderbar>
		        <texturesliderbarfocus></texturesliderbarfocus>
		        <textureslidernib border="18">OSD/ScrollbarNibNF.png</textureslidernib>
		        <textureslidernibfocus border="18" colordiffuse="$VAR[HighlightColor]">OSD/ScrollbarNibFO.png</textureslidernibfocus>
		        <showonepage>false</showonepage>
		        <orientation>vertical</orientation>
		        <onleft>450</onleft>
		        <onright>450</onright>
	        </control>

		    <control type="group" description="Media Info Panel">
                <include>OpenClose</include>
                <posx>0</posx>
                <posy>40</posy>
                <width>880</width>

		        <include content="ShadowedImage">
                    <param name="top">145</param>
                    <param name="left">-120</param>
			        <param name="width">1030</param>
				    <param name="height">799</param>
				    <param name="texture">$INFO[ListItem.Icon]</param>
				    <param name="visibility">!String.IsEmpty(ListItem.Icon)</param>
			    </include>
			    <include content="ShadowedImage">
                    <param name="top">145</param>
                    <param name="left">-120</param>
			        <param name="width">1030</param>
				    <param name="height">799</param>
				    <param name="texture">DefaultFolder.png</param>
				    <param name="visibility">String.IsEmpty(ListItem.Icon)</param>
			    </include>
            </control>

    		<include>Time</include>

		</definition>

	</include>

</includes>