<?xml version="1.0" encoding="UTF-8"?>
<includes>

    <!-- Variables -->
	<variable name="NowPlayingMusicBackgroundLabelVar">
		<value condition="Skin.String(NowPlayingMusicBackground,fanart)">$LOCALIZE[20445]</value>
		<value condition="Skin.String(NowPlayingMusicBackground,extra)">$LOCALIZE[31035]</value>
		<value condition="Skin.String(NowPlayingMusicBackground,artistsslideshow)">$LOCALIZE[31353]</value>
		<value condition="!String.IsEmpty(Skin.String(NowPlayingMusicBackground))">$INFO[Skin.String(NowPlayingMusicBackground)]</value>
		<value>$LOCALIZE[231]</value>
	</variable>
	<variable name="NowPlayingInfo1Var">
		<value condition="VideoPlayer.Content(episodes)">$INFO[VideoPlayer.TVShowTitle]</value>
		<value condition="!String.IsEmpty(MusicPlayer.Artist)">$INFO[MusicPlayer.Artist]</value>
		<value condition="!String.IsEmpty(MusicPlayer.AlbumArtist)">$INFO[MusicPlayer.AlbumArtist]</value>
		<value condition="!String.IsEmpty(VideoPlayer.Artist)">$INFO[VideoPlayer.Artist]</value>
		<value condition="Pvr.IsPlayingRadio | VideoPlayer.Content(livetv)">$INFO[VideoPlayer.ChannelName]</value>
		<value condition="Player.IsInternetStream">$LOCALIZE[32328]</value>
		<value>$INFO[Player.Title]</value>
	</variable>
	<variable name="NowPlayingInfo2Var">
		<value condition="VideoPlayer.Content(episodes) + String.StartsWith(VideoPlayer.Episode,s)">$INFO[VideoPlayer.Episode,$LOCALIZE[32329] ]</value>
		<value condition="VideoPlayer.Content(episodes)">$INFO[VideoPlayer.Season,$LOCALIZE[20373] , ]$INFO[VideoPlayer.Episode,$LOCALIZE[36906] ]</value>
		<value condition="!String.IsEmpty(MusicPlayer.Album)">$INFO[MusicPlayer.Album]</value>
		<value condition="!String.IsEmpty(VideoPlayer.Album)">$INFO[VideoPlayer.Album]</value>
		<value condition="Player.IsInternetStream + Player.HasAudio + !String.IsEmpty(MusicPlayer.BitRate)">$INFO[MusicPlayer.BitRate,,[LOWERCASE]kbps[/LOWERCASE]]</value>
		<value condition="Player.IsInternetStream + Player.HasVideo + !String.IsEmpty(Player.Process(VideoHeight))">$INFO[Player.Process(VideoHeight),,[LOWERCASE]p[/LOWERCASE]]</value>
		<value condition="Pvr.IsPlayingRadio">$LOCALIZE[19021]</value>
		<value condition="VideoPlayer.Content(livetv)">$LOCALIZE[19020]</value>
	</variable>
	<variable name="NowPlayingStatusVar">
		<value condition="Window.IsActive(fullscreenvideo)">$LOCALIZE[32300]</value>
		<value condition="Player.Playing">$LOCALIZE[32300]</value>
		<value condition="Player.Paused">$LOCALIZE[112]</value>
		<value condition="Player.Forwarding">[COLOR=$VAR[HighlightColor]]$VAR[ForwardRewindLabel][/COLOR] $LOCALIZE[31353]</value>
        <value condition="Player.Rewinding">[COLOR=$VAR[HighlightColor]]$VAR[ForwardRewindLabel][/COLOR] $LOCALIZE[31354]</value>
	</variable>
	<variable name="NowPlayingLogoVar">
		<value condition="!String.IsEmpty(Player.Art(clearlogo))">$INFO[Player.Art(clearlogo)]</value>
		<value condition="!String.IsEmpty(Player.Art(tvshow.clearlogo))">$INFO[Player.Art(tvshow.clearlogo)]</value>
		<value condition="!String.IsEmpty(Player.Art(artist.clearlogo))">$INFO[Player.Art(artist.clearlogo)]</value>
	</variable>
	<variable name="NowPlayingClearArtVar">
		<value condition="!String.IsEmpty(Player.Art(clearart))">$INFO[Player.Art(clearart)]</value>
		<value condition="!String.IsEmpty(Player.Art(tvshow.clearart))">$INFO[Player.Art(tvshow.clearart)]</value>
		<value condition="!String.IsEmpty(Player.Art(artist.clearart))">$INFO[Player.Art(artist.clearart)]</value>
		<value condition="!String.IsEmpty(Player.Art(clearlogo))">$INFO[Player.Art(clearlogo)]</value>
		<value condition="!String.IsEmpty(Player.Art(tvshow.poster))">$INFO[Player.Art(tvshow.clearlogo)]</value>
		<value condition="!String.IsEmpty(Player.Art(artist.clearlogo))">$INFO[Player.Art(artist.clearlogo)]</value>
	</variable>
	<variable name="NowPlayingThumbVar">
		<value condition="!String.IsEmpty(Player.Art(season.poster))">$INFO[Player.Art(season.poster)]</value>
		<value condition="!String.IsEmpty(Player.Art(tvshow.poster))">$INFO[Player.Art(tvshow.poster)]</value>
		<value condition="!String.IsEmpty(Player.Art(poster))">$INFO[Player.Art(poster)]</value>
		<value condition="!String.IsEmpty(Player.Art(thumb))">$INFO[Player.Art(thumb)]</value>
		<value condition="Player.HasAudio">DefaultAudio.png</value>
		<value condition="Player.HasVideo">DefaultVideo.png</value>
	</variable>
	<variable name="NowPlayingPlotLabelVar">
		<value condition="Pvr.IsPlayingTv">$INFO[Player.Title,[B],[/B]] $INFO[VideoPlayer.StartTime,(, - ]$INFO[VideoPlayer.EndTime,,)]</value>
		<value condition="VideoPlayer.Content(episodes)">$INFO[Player.Title,[B],[/B]]</value>
		<value condition="!String.IsEmpty(VideoPlayer.Tagline)">$INFO[VideoPlayer.Tagline,[B],[/B]]</value>
		<value condition="!String.IsEmpty(VideoPlayer.Genre)">$INFO[VideoPlayer.Genre,[B],[/B]]</value>
		<value condition="String.IsEmpty(MusicPlayer.Property(Album_Description)) + !String.IsEmpty(MusicPlayer.Property(Artist_Description))">$LOCALIZE[32332,,[B],[/B]]</value>
		<value condition="!String.IsEmpty(MusicPlayer.Property(Album_Description))">$LOCALIZE[32331,[B],[/B]]</value>
		<value condition="String.IsEmpty(Player.Title)">$INFO[Player.FinishTime,[B]$LOCALIZE[19127] ,[/B]]</value>
		<value>$INFO[Player.Title,[B],[/B]]</value>
	</variable>
	<variable name="NowPlayingPlotVar">
		<value condition="!String.IsEmpty(MusicPlayer.Property(Album_Description))">$INFO[MusicPlayer.Property(Album_Description)]</value>
		<value condition="!String.IsEmpty(MusicPlayer.Property(Artist_Description))">$INFO[MusicPlayer.Property(Artist_Description)]</value>
		<value condition="!Skin.HasSetting(DisablePlotOutline) + !String.IsEmpty(VideoPlayer.PlotOutline)">$INFO[VideoPlayer.PlotOutline]</value>
		<value condition="!String.IsEmpty(VideoPlayer.Plot)">$INFO[VideoPlayer.Plot]</value>
	</variable>
	<variable name="NowPlayingVideoDiscArtVar">
		<value condition="!String.IsEmpty(Player.Art(discart))">$INFO[Player.Art(discart)]</value>
		<value condition="Skin.String(NowPlayingVideoDiscArtFallback,none)"/>
		<value condition="Skin.String(NowPlayingVideoDiscArtFallback,cd)">thumbs/disc/cd.png</value>
		<value condition="Skin.String(NowPlayingVideoDiscArtFallback,vinyl)">thumbs/disc/vinyl.png</value>
		<value condition="Skin.String(NowPlayingVideoDiscArtFallback,white)">thumbs/disc/white.png</value>
		<value condition="Skin.String(NowPlayingVideoDiscArtFallback,blue)">thumbs/disc/blue.png</value>
		<value condition="Skin.String(NowPlayingVideoDiscArtFallback,golden)">thumbs/disc/golden.png</value>
		<value condition="Skin.String(NowPlayingVideoDiscArtFallback,green)">thumbs/disc/green.png</value>
		<value condition="Skin.String(NowPlayingVideoDiscArtFallback,grey)">thumbs/disc/grey.png</value>
		<value condition="Skin.String(NowPlayingVideoDiscArtFallback,orange)">thumbs/disc/orange.png</value>
		<value condition="Skin.String(NowPlayingVideoDiscArtFallback,purple)">thumbs/disc/purple.png</value>
		<value condition="Skin.String(NowPlayingVideoDiscArtFallback,red)">thumbs/disc/red.png</value>
		<value>thumbs/disc/bd.png</value>
	</variable>
	<variable name="NowPlayingVideoDiscArtLabelVar">
		<value condition="Skin.String(NowPlayingVideoDiscArtFallback,none)">$LOCALIZE[32306]</value>
		<value condition="Skin.String(NowPlayingVideoDiscArtFallback,vinyl)">$LOCALIZE[32305]</value>
		<value condition="Skin.String(NowPlayingVideoDiscArtFallback,cd)">CD</value>
		<value condition="Skin.String(NowPlayingVideoDiscArtFallback,white)">$LOCALIZE[32307]</value>
		<value condition="Skin.String(NowPlayingVideoDiscArtFallback,blue)">$LOCALIZE[32308]</value>
		<value condition="Skin.String(NowPlayingVideoDiscArtFallback,golden)">$LOCALIZE[32309]</value>
		<value condition="Skin.String(NowPlayingVideoDiscArtFallback,green)">$LOCALIZE[32310]</value>
		<value condition="Skin.String(NowPlayingVideoDiscArtFallback,grey)">$LOCALIZE[32311]</value>
		<value condition="Skin.String(NowPlayingVideoDiscArtFallback,orange)">$LOCALIZE[32312]</value>
		<value condition="Skin.String(NowPlayingVideoDiscArtFallback,purple)">$LOCALIZE[32313]</value>
		<value condition="Skin.String(NowPlayingVideoDiscArtFallback,red)">$LOCALIZE[32314]</value>
		<value>$LOCALIZE[32304]</value>
	</variable>
	<variable name="NowPlayingMusicDiscArtVar">
		<value condition="!String.IsEmpty(Player.Art(discart))">$INFO[Player.Art(discart)]</value>
		<value condition="!String.IsEmpty(Player.Art(album.discart))">$INFO[Player.Art(album.discart)]</value>
		<value condition="Skin.String(NowPlayingMusicDiscArtFallback,none)"/>
		<value condition="Skin.String(NowPlayingMusicDiscArtFallback,vinyl)">thumbs/disc/vinyl.png</value>
		<value condition="Skin.String(NowPlayingMusicDiscArtFallback,bd)">thumbs/disc/bd.png</value>
		<value condition="Skin.String(NowPlayingMusicDiscArtFallback,white)">thumbs/disc/white.png</value>
		<value condition="Skin.String(NowPlayingMusicDiscArtFallback,blue)">thumbs/disc/blue.png</value>
		<value condition="Skin.String(NowPlayingMusicDiscArtFallback,golden)">thumbs/disc/golden.png</value>
		<value condition="Skin.String(NowPlayingMusicDiscArtFallback,green)">thumbs/disc/green.png</value>
		<value condition="Skin.String(NowPlayingMusicDiscArtFallback,grey)">thumbs/disc/grey.png</value>
		<value condition="Skin.String(NowPlayingMusicDiscArtFallback,orange)">thumbs/disc/orange.png</value>
		<value condition="Skin.String(NowPlayingMusicDiscArtFallback,purple)">thumbs/disc/purple.png</value>
		<value condition="Skin.String(NowPlayingMusicDiscArtFallback,red)">thumbs/disc/red.png</value>
		<value>thumbs/disc/cd.png</value>
	</variable>
	<variable name="NowPlayingMusicDiscArtLabelVar">
		<value condition="Skin.String(NowPlayingMusicDiscArtFallback,none)">$LOCALIZE[32306]</value>
		<value condition="Skin.String(NowPlayingMusicDiscArtFallback,vinyl)">$LOCALIZE[32305]</value>
		<value condition="Skin.String(NowPlayingMusicDiscArtFallback,bd)">$LOCALIZE[32304]</value>
		<value condition="Skin.String(NowPlayingMusicDiscArtFallback,white)">$LOCALIZE[32307]</value>
		<value condition="Skin.String(NowPlayingMusicDiscArtFallback,blue)">$LOCALIZE[32308]</value>
		<value condition="Skin.String(NowPlayingMusicDiscArtFallback,golden)">$LOCALIZE[32309]</value>
		<value condition="Skin.String(NowPlayingMusicDiscArtFallback,green)">$LOCALIZE[32310]</value>
		<value condition="Skin.String(NowPlayingMusicDiscArtFallback,grey)">$LOCALIZE[32311]</value>
		<value condition="Skin.String(NowPlayingMusicDiscArtFallback,orange)">$LOCALIZE[32312]</value>
		<value condition="Skin.String(NowPlayingMusicDiscArtFallback,purple)">$LOCALIZE[32313]</value>
		<value condition="Skin.String(NowPlayingMusicDiscArtFallback,red)">$LOCALIZE[32314]</value>
		<value>CD</value>
	</variable>
	<variable name="NowPlayingHomeMovieInfoLabelVar">
		<value condition="Skin.String(NowPlayingMovieInfo,cast)">$LOCALIZE[206]</value>
		<value condition="Skin.String(NowPlayingMovieInfo,plot)">$LOCALIZE[21821]</value>
		<value condition="Skin.String(NowPlayingMovieInfo,preview)">$LOCALIZE[1000]</value>
		<value condition="Skin.String(NowPlayingMovieInfo,none)">$LOCALIZE[231]</value>
		<value>$LOCALIZE[29915]</value>
	</variable>
	<variable name="NowPlayingHomeVideoInfoLabelVar">
		<value condition="Skin.String(NowPlayingVideoInfo,plot)">$LOCALIZE[21821]</value>
		<value condition="Skin.String(NowPlayingVideoInfo,preview)">$LOCALIZE[1000]</value>
		<value condition="Skin.String(NowPlayingVideoInfo,none)">$LOCALIZE[231]</value>
		<value>$LOCALIZE[29915]</value>
	</variable>
	<variable name="NowPlayingHomeMusicInfoLabelVar">
		<value condition="Skin.String(NowPlayingMusicInfo,tracks)">$LOCALIZE[182]</value>
		<value condition="Skin.String(NowPlayingMusicInfo,next)">$LOCALIZE[209]</value>
		<value condition="Skin.String(NowPlayingMusicInfo,plot)">$LOCALIZE[21821]</value>
		<value condition="Skin.String(NowPlayingMusicInfo,none)">$LOCALIZE[231]</value>
		<value>$LOCALIZE[29915]</value>
	</variable>
	<variable name="NowPlayingHomeAudioInfoLabelVar">
		<value condition="Skin.String(NowPlayingHomeAudioInfo,tracks)">$LOCALIZE[182]</value>
		<value condition="Skin.String(NowPlayingHomeAudioInfo,next)">$LOCALIZE[209]</value>
		<value condition="Skin.String(NowPlayingHomeAudioInfo,plot)">$LOCALIZE[21821]</value>
		<value condition="Skin.String(NowPlayingHomeAudioInfo,none)">$LOCALIZE[231]</value>
		<value>$LOCALIZE[29915]</value>
	</variable>

	<variable name="NowPlayingVideoFanartVar">
		<value condition="PVR.IsPlayingTV">$VAR[Pvr.Art]</value>
		<value condition="!VideoPlayer.Content(livetv) + VideoPlayer.Content(movies) + !String.IsEmpty(Control.GetLabel(4441))">$INFO[Control.GetLabel(4441)]</value>
		<value condition="VideoPlayer.Content(movies)">$INFO[Player.Art(fanart)]</value>
		<value condition="!VideoPlayer.Content(livetv) + VideoPlayer.Content(episodes) + !String.IsEmpty(Control.GetLabel(4442))">$INFO[Control.GetLabel(4442)]</value>
		<value condition="VideoPlayer.Content(episodes)">$INFO[Player.Art(tvshow.fanart)]</value>
		<value condition="!VideoPlayer.Content(livetv) + VideoPlayer.Content(musicvideos) + !String.IsEmpty(Player.Art(fanart))">$INFO[Player.Art(fanart)]</value>
		<value condition="!VideoPlayer.Content(livetv) + VideoPlayer.Content(musicvideos) + !String.IsEmpty(Player.Art(thumb))">$INFO[Player.Art(thumb)]</value>
		<value condition="![VideoPlayer.Content(musicvideos) | VideoPlayer.Content(movies) | VideoPlayer.Content(episodes)] + !String.IsEmpty(Player.Art(thumb))">$INFO[Player.Art(thumb)]</value>
		<value>special://skin/backgrounds/Default.jpg</value>
	</variable>

    <variable name="NowPlayingAudioFanartVar">
		<value condition="Skin.HasSetting(NowPlaying.ArtistSlideshow) + !String.IsEmpty(Window(Visualisation).Property(ArtistSlideshow.Image))">$INFO[Window(Visualisation).Property(ArtistSlideshow.Image)]</value>
		<value condition="!String.IsEmpty(Control.GetLabel(4443))">$INFO[Control.GetLabel(4443)]</value>
		<value condition="!String.IsEmpty(Player.Art(fanart))">$INFO[Player.Art(fanart)]</value>
		<value>special://skin/backgrounds/Default.jpg</value>
    </variable>

	<constant name="TextureFadeTime">480</constant>

	<include name="AnimationVisibleFade">
		<animation effect="fade" end="100" time="480">Visible</animation>
		<animation effect="fade" start="100" end="0" time="480">Hidden</animation>
	</include>
	<include name="AnimationSlideRightVisible">
		<param name="slide">960</param>
		<definition>
			<animation type="Visible" reversible="false">
				<effect type="fade" start="0" end="100" time="300"/>
				<effect type="slide" start="$PARAM[slide]" end="0" time="480" tween="cubic" easing="out"/>
			</animation>
			<animation type="Hidden" reversible="false">
				<effect type="fade" start="100" end="0" time="300"/>
				<effect type="slide" start="0" end="$PARAM[slide]" time="480" tween="cubic" easing="out"/>
			</animation>
		</definition>
	</include>
	<include name="AnimationSlideBottomWindow">
		<param name="slide">540</param>
		<param name="opencondition">true</param>
		<param name="closecondition">true</param>
		<definition>
			<animation type="WindowOpen" reversible="false" condition="$PARAM[opencondition]">
				<effect type="fade" start="0" end="100" time="480"/>
				<effect type="slide" start="0,$PARAM[slide]" end="0,0" time="480" tween="cubic" easing="out"/>
			</animation>
			<animation type="WindowClose" reversible="false" condition="$PARAM[closecondition]">
				<effect type="fade" start="100" end="0" time="480"/>
				<effect type="slide" start="0,0" end="0,$PARAM[slide]" time="480" tween="cubic" easing="out"/>
			</animation>
		</definition>
	</include>
	<include name="AnimationSlideBottomVisible">
		<param name="slide">540</param>
		<definition>
			<animation type="Visible" reversible="false">
				<effect type="fade" start="0" end="100" time="480"/>
				<effect type="slide" start="0,$PARAM[slide]" end="0,0" time="480" tween="cubic" easing="out"/>
			</animation>
			<animation type="Hidden" reversible="false">
				<effect type="fade" start="100" end="0" time="480"/>
				<effect type="slide" start="0,0" end="0,$PARAM[slide]" time="480" tween="cubic" easing="out"/>
			</animation>
		</definition>
	</include>
	<include name="AutoScrollPlot">
		<autoscroll time="3000" delay="4000" repeat="5000">true</autoscroll>
	</include>


	<!-- Now playing Home -->
	<include name="NowPlayingHomePortraitContent">
		<param name="right">10</param>
		<param name="logo">false</param>
		<param name="discart">false</param>
		<param name="aspect">stretch</param>
		<definition>
			<control type="group">
				<left>276</left>
				<right>$PARAM[right]</right>
				<height>388</height>
				<control type="group">
					<animation effect="slide" end="97,0" time="300" condition="!Player.Paused + $PARAM[discart] + Skin.String(NowPlayingVideoDiscArtFallback,none) + !String.IsEmpty(Player.Art(discart))">Conditional</animation>
					<animation effect="slide" end="97,0" time="300" condition="!Player.Paused + $PARAM[discart] + !Skin.String(NowPlayingVideoDiscArtFallback,none)">Conditional</animation>
					<control type="label" id="9052">
						<visible>!VideoPlayer.Content(movies)</visible>
						<top>26</top>
						<left>0</left>
						<height>40</height>
						<width>800</width>
						<font>InfoTitle</font>
						<label>[B]$VAR[NowPlayingInfo1Var][/B]</label>
						<textcolor>$VAR[HighlightColor]</textcolor>
						<visible>Player.HasAudio | [Player.HasVideo + !Skin.String(NowPlayingMovieInfo,preview)] | [Player.HasVideo + Skin.String(NowPlayingMovieInfo,preview) + [!System.IdleTime(8) | !Skin.HasSetting(Zoom.VideoPreview) | Skin.HasSetting(VerticalHome)]]</visible>
					</control>
					<control type="label" id="90521">
						<visible>!VideoPlayer.Content(movies)</visible>
						<top>-6</top>
						<left>0</left>
						<height>80</height>
						<width>480</width>
						<wrapmultiline>true</wrapmultiline>
						<font>InfoTitle</font>
						<label>[B]$VAR[NowPlayingInfo1Var][/B]</label>
						<textcolor>$VAR[HighlightColor]</textcolor>
						<visible>Player.HasVideo + Skin.String(NowPlayingMovieInfo,preview) + System.IdleTime(8) + Skin.HasSetting(Zoom.VideoPreview) + !Skin.HasSetting(VerticalHome)</visible>
					</control>
					<control type="image">
						<visible>!VideoPlayer.Content(movies)</visible>
						<top>72</top>
						<left>0</left>
						<width>500</width>
						<height>4</height>
						<texture>panels/separator.png</texture>
						<visible>Player.HasAudio | [Player.HasVideo + !Skin.String(NowPlayingMovieInfo,preview)] | [Player.HasVideo + Skin.String(NowPlayingMovieInfo,preview) + [!System.IdleTime(8) | !Skin.HasSetting(Zoom.VideoPreview) | Skin.HasSetting(VerticalHome)]]</visible>
					</control>
					<control type="image">
						<visible>!VideoPlayer.Content(movies)</visible>
						<top>112</top>
						<left>0</left>
						<width>500</width>
						<height>4</height>
						<texture>panels/separator.png</texture>
						<visible>Player.HasVideo + Skin.String(NowPlayingMovieInfo,preview) + System.IdleTime(8) + Skin.HasSetting(Zoom.VideoPreview) + !Skin.HasSetting(VerticalHome)</visible>
					</control>
					<control type="fadelabel">
						<visible>!VideoPlayer.Content(movies)</visible>
						<top>74</top>
						<left>0</left>
						<height>40</height>
						<font>ListDetails</font>
						<label>$VAR[NowPlayingInfo2Var]</label>
					</control>
					<control type="image">
						<visible>$PARAM[logo]</visible>
						<include>AnimationVisibleFade</include>
						<top>125</top>
						<width>500</width>
						<bottom>125</bottom>
						<bordersize>48,0,0,0</bordersize>
						<texture>$VAR[NowPlayingLogoVar]</texture>
						<aspectratio align="left">keep</aspectratio>
						<visible>Player.HasAudio | [Player.HasVideo + !Skin.String(NowPlayingMovieInfo,preview)] | [Player.HasVideo + Skin.String(NowPlayingMovieInfo,preview) + [!System.IdleTime(8) | !Skin.HasSetting(Zoom.VideoPreview) | Skin.HasSetting(VerticalHome)]]</visible>
					</control>
					<control type="image">
						<visible>$PARAM[logo]</visible>
						<include>AnimationVisibleFade</include>
						<top>150</top>
						<left>-20</left>
						<width>380</width>
						<bottom>147</bottom>
						<bordersize>48,0,0,0</bordersize>
						<texture>$VAR[NowPlayingLogoVar]</texture>
						<aspectratio align="left">keep</aspectratio>
						<visible>[Player.HasVideo + Skin.String(NowPlayingMovieInfo,preview) + System.IdleTime(8) + Skin.HasSetting(Zoom.VideoPreview) + !Skin.HasSetting(VerticalHome)]</visible>
					</control>
				</control>
				<control type="label">
					<left>50</left>
					<bottom>76</bottom>
					<height>40</height>
					<font>ListDetails</font>
					<label>$VAR[NowPlayingStatusVar]</label>
					<textcolor>$VAR[HighlightColor]</textcolor>
					<visible>Player.HasAudio | [Player.HasVideo + !Skin.String(NowPlayingMovieInfo,preview)]</visible>
				</control>
				<control type="label">
					<left>50</left>
					<bottom>28</bottom>
					<height>40</height>
					<font>ListDetails</font>
					<label>$VAR[NowPlayingStatusVar]</label>
					<textcolor>$VAR[HighlightColor]</textcolor>
					<visible>Player.HasVideo + Skin.String(NowPlayingMovieInfo,preview)</visible>
				</control>
				<control type="image">
                    <left>-10</left>
					<width>50</width>
					<height>50</height>
					<bottom>21</bottom>
                    <aspectratio align="center" aligny="center">keep</aspectratio>
                    <texture>$VAR[TopBarMediaIcon]</texture>
                    <colordiffuse>$VAR[HighlightColor]</colordiffuse>
                </control>
				<control type="fadelabel">
					<left>50</left>
					<height>40</height>
					<width>900</width>
					<bottom>29</bottom>
					<font>InfoTitle</font>
					<label>$INFO[MusicPlayer.TrackNumber,,. ][B]$INFO[Player.Title,, ]$INFO[VideoPlayer.Year,(,)][/B]</label>
					<visible>Player.HasAudio</visible>
				</control>
				<control type="fadelabel">
					<left>50</left>
					<height>40</height>
					<width>900</width>
					<bottom>29</bottom>
					<font>InfoTitle</font>
					<label>[B]$INFO[Player.Title,, ]$INFO[VideoPlayer.Year,(,)][/B]</label>
					<visible>Player.HasVideo + !Skin.String(NowPlayingMovieInfo,preview)</visible>
				</control>
			</control>
			<control type="image">
				<visible>$PARAM[discart]</visible>
				<animation effect="slide" end="112,0" time="300" condition="!Player.Paused">Conditional</animation>
				<animation effect="rotate" end="360" center="auto" time="800" loop="true" condition="Player.Rewinding">Conditional</animation>
				<animation effect="rotate" end="-360" center="auto" time="800" loop="true" condition="Player.Forwarding">Conditional</animation>
				<animation effect="rotate" end="-360" center="auto" time="4800" loop="true" condition="!Player.Paused + !Player.Forwarding + !Player.Rewinding">Conditional</animation>
				<include>AnimationVisibleFade</include>
				<top>10</top>
				<left>10</left>
				<width>266</width>
				<height>266</height>
				<aspectratio>keep</aspectratio>
				<bordersize>10</bordersize>
				<texture diffuse="img/disc.png">$VAR[NowPlayingVideoDiscArtVar]</texture>
			</control>
			<control type="group">
				<width>266</width>
				<height>388</height>
				<include content="ShadowedImage">
					<param name="top">0</param>
					<param name="left">0</param>
					<param name="width">266</param>
					<param name="height">388</param>
					<param name="shadowoffset">8</param>
					<param name="texture">$VAR[NowPlayingThumbVar]</param>
				</include>
			</control>
		</definition>
	</include>

	<include name="NowPlayingHomeSquareContent">
		<param name="right">10</param>
		<param name="logo">false</param>
		<param name="discart">false</param>
		<param name="aspect">scale</param>
		<definition>
			<control type="group">
				<top>41</top>
				<left>356</left>
				<right>$PARAM[right]</right>
				<height>347</height>
				<animation effect="slide" end="115,0" time="300" condition="!Player.Paused + $PARAM[discart] + Skin.String(NowPlayingMusicDiscArtFallback,none) + [!String.IsEmpty(Player.Art(discart)) | !String.IsEmpty(Player.Art(album.discart))]">Conditional</animation>
				<animation effect="slide" end="115,0" time="300" condition="!Player.Paused + $PARAM[discart] + !Skin.String(NowPlayingMusicDiscArtFallback,none)">Conditional</animation>
				<control type="fadelabel" id="9052">
					<top>26</top>
					<left>50</left>
					<height>40</height>
					<font>InfoTitle</font>
					<label>[B]$VAR[NowPlayingInfo1Var][/B]</label>
					<textcolor>$VAR[HighlightColor]</textcolor>
					<visible>!Skin.HasSetting(Enable.BottomShortcuts) + [Player.HasAudio | [Player.HasVideo + !Skin.String(NowPlayingVideoInfo,preview)] | [Player.HasVideo + Skin.String(NowPlayingVideoInfo,preview) + [!System.IdleTime(8) | !Skin.HasSetting(Zoom.VideoPreview) | Skin.HasSetting(VerticalHome)]]]</visible>
				</control>
				<control type="fadelabel" id="90522">
					<top>26</top>
					<left>0</left>
					<height>40</height>
					<font>InfoTitle</font>
					<width>300</width>
					<label>[B]$VAR[NowPlayingInfo1Var][/B]</label>
					<textcolor>$VAR[HighlightColor]</textcolor>
					<visible>Skin.HasSetting(Enable.BottomShortcuts) + [Player.HasAudio | [Player.HasVideo + !Skin.String(NowPlayingVideoInfo,preview)] | [Player.HasVideo + Skin.String(NowPlayingVideoInfo,preview) + [!System.IdleTime(8) | !Skin.HasSetting(Zoom.VideoPreview) | Skin.HasSetting(VerticalHome)]]]</visible>
				</control>
				<control type="label" id="90521">
					<left>0</left>
					<top>-26</top>
					<height>80</height>
					<width>310</width>
					<wrapmultiline>true</wrapmultiline>
					<font>InfoTitle</font>
					<label>[B]$VAR[NowPlayingInfo1Var][/B]</label>
					<textcolor>$VAR[HighlightColor]</textcolor>
					<visible>Player.HasVideo + Skin.String(NowPlayingVideoInfo,preview) + System.IdleTime(8) + Skin.HasSetting(Zoom.VideoPreview) + !Skin.HasSetting(VerticalHome)</visible>
				</control>
				<control type="image">
					<visible>!String.IsEmpty(Control.GetLabel(9052)) | !String.IsEmpty(Control.GetLabel(9053))</visible>
					<top>72</top>
					<left>0</left>
					<width>500</width>
					<height>4</height>
					<texture>panels/separator.png</texture>
					<visible>!Skin.HasSetting(Enable.BottomShortcuts) + [Player.HasAudio | [Player.HasVideo + !Skin.String(NowPlayingVideoInfo,preview)] | [Player.HasVideo + Skin.String(NowPlayingVideoInfo,preview) + [!System.IdleTime(8) | !Skin.HasSetting(Zoom.VideoPreview) | Skin.HasSetting(VerticalHome)]]]</visible>
				</control>
				<control type="image">
					<visible>!String.IsEmpty(Control.GetLabel(90522)) | !String.IsEmpty(Control.GetLabel(9053))</visible>
					<top>72</top>
					<left>0</left>
					<width>300</width>
					<height>4</height>
					<texture>panels/separator.png</texture>
					<visible>Skin.HasSetting(Enable.BottomShortcuts) + [Player.HasAudio | [Player.HasVideo + !Skin.String(NowPlayingVideoInfo,preview)] | [Player.HasVideo + Skin.String(NowPlayingVideoInfo,preview) + [!System.IdleTime(8) | !Skin.HasSetting(Zoom.VideoPreview) | Skin.HasSetting(VerticalHome)]]]</visible>
				</control>
				<control type="image">
					<visible>!String.IsEmpty(Control.GetLabel(90521)) | !String.IsEmpty(Control.GetLabel(9053))</visible>
					<top>72</top>
					<left>0</left>
					<width>290</width>
					<height>4</height>
					<texture>panels/separator.png</texture>
					<visible>Player.HasVideo + Skin.String(NowPlayingVideoInfo,preview) + System.IdleTime(8) + Skin.HasSetting(Zoom.VideoPreview) + !Skin.HasSetting(VerticalHome)</visible>
				</control>
				<control type="fadelabel" id="9053">
					<top>74</top>
					<left>50</left>
					<height>40</height>
					<font>ListDetails</font>
					<label>$VAR[NowPlayingInfo2Var]</label>
				</control>
				<control type="image">
					<visible>$PARAM[logo]</visible>
					<include>AnimationVisibleFade</include>
					<top>125</top>
					<width>500</width>
					<bottom>125</bottom>
					<bordersize>48,0,0,0</bordersize>
					<texture>$VAR[NowPlayingLogoVar]</texture>
					<aspectratio align="left">keep</aspectratio>
				</control>
				<control type="label">
					<left>50</left>
					<bottom>76</bottom>
					<height>40</height>
					<font>ListDetails</font>
					<label>$VAR[NowPlayingStatusVar]</label>
					<textcolor>$VAR[HighlightColor]</textcolor>
					<visible>Player.HasAudio | [Player.HasVideo + !Skin.String(NowPlayingVideoInfo,preview)]</visible>
				</control>
				<control type="label">
					<left>50</left>
					<bottom>28</bottom>
					<height>40</height>
					<font>ListDetails</font>
					<label>$VAR[NowPlayingStatusVar]</label>
					<textcolor>$VAR[HighlightColor]</textcolor>
					<visible>Player.HasVideo + Skin.String(NowPlayingVideoInfo,preview)</visible>
				</control>
				<control type="image">
                    <left>-10</left>
					<width>50</width>
					<height>50</height>
					<bottom>21</bottom>
                    <aspectratio align="center" aligny="center">keep</aspectratio>
                    <texture>$VAR[TopBarMediaIcon]</texture>
                    <colordiffuse>$VAR[HighlightColor]</colordiffuse>
                </control>
				<control type="fadelabel">
					<left>50</left>
					<height>40</height>
					<bottom>29</bottom>
					<font>InfoTitle</font>
					<label>[B]$INFO[MusicPlayer.TrackNumber,,. ]$INFO[Player.Title,, ]$INFO[VideoPlayer.Year,(,)][/B]</label>
					<visible>Player.HasAudio</visible>
				</control>
				<control type="fadelabel">
					<left>50</left>
					<height>40</height>
					<width>900</width>
					<bottom>29</bottom>
					<font>InfoTitle</font>
					<label>[B]$INFO[Player.Title,, ]$INFO[VideoPlayer.Year,(,)][/B]</label>
					<visible>Player.HasVideo + !Skin.String(NowPlayingVideoInfo,preview)</visible>
				</control>
			</control>
			<control type="group">
				<top>41</top>
				<left>0</left>
				<width>347</width>
				<height>347</height>
				<control type="image">
					<visible>$PARAM[discart]</visible>
					<animation effect="slide" end="143,0" time="300" condition="!Player.Paused">Conditional</animation>
					<animation effect="rotate" end="360" center="auto" time="800" loop="true" condition="Player.Rewinding">Conditional</animation>
					<animation effect="rotate" end="-360" center="auto" time="800" loop="true" condition="Player.Forwarding">Conditional</animation>
					<animation effect="rotate" end="-360" center="auto" time="4800" loop="true" condition="!Player.Paused + !Player.Forwarding + !Player.Rewinding">Conditional</animation>
					<include>AnimationVisibleFade</include>
					<left>20</left>
					<width>347</width>
					<height>347</height>
					<aspectratio>keep</aspectratio>
					<bordersize>20</bordersize>
					<texture diffuse="diffuse/disc.png">$VAR[NowPlayingMusicDiscArtVar]</texture>
				</control>
				<include content="ShadowedImage">
					<param name="top">0</param>
					<param name="left">0</param>
					<param name="width">347</param>
					<param name="height">347</param>
					<param name="shadowoffset">8</param>
					<param name="texture">$VAR[NowPlayingThumbVar]</param>
					<param name="aspect">keep</param>
				</include>
			</control>
		</definition>
	</include>

	<include name="HomeNowPlayingVideoInfo">
	    <param name="top">50</param>
		<param name="left">1370</param>
		<param name="align">right</param>
		<definition>
		    <include>AnimationSlideRightVisible</include>
		    <top>$PARAM[top]</top>
			<left>$PARAM[left]</left>
		    <width>500</width>
		    <height>303</height>
		    <align>$PARAM[align]</align>
		    <usecontrolcoords>true</usecontrolcoords>
		    <control type="label">
			    <visible>VideoPlayer.HasEpg</visible>
			    <height>40</height>
			    <align>$PARAM[align]</align>
			    <font>InfoTitle</font>
			    <label>$INFO[PVR.EpgEventElapsedTime]$INFO[PVR.EpgEventDuration, / ]</label>
		    </control>
		    <control type="label">
			    <visible>!VideoPlayer.HasEpg</visible>
			    <height>40</height>
			    <align>$PARAM[align]</align>
			    <font>InfoTitle</font>
			    <label>$INFO[Player.Time]$INFO[Player.Duration, / ]</label>
		    </control>
		    <control type="label">
			    <visible>!VideoPlayer.HasEpg</visible>
			    <height>42</height>
			    <align>$PARAM[align]</align>
			    <font>ListDetails</font>
			    <label>$INFO[Player.FinishTime,$LOCALIZE[19127] ]</label>
		    </control>
		    <control type="label">
			    <visible>VideoPlayer.HasEpg</visible>
			    <height>42</height>
			    <align>$PARAM[align]</align>
			    <font>ListDetails</font>
			    <label>$INFO[PVR.EpgEventFinishTime,$LOCALIZE[19127] ]</label>
		    </control>
		    <control type="progress">
			    <height>20</height>
			    <texturebg border="0,0,0,0" colordiffuse="$VAR[LabelTextColor]">img/AmberDotBG.png</texturebg>
			    <midtexture border="0,0,0,0" colordiffuse="$VAR[HighlightColor]">img/AmberDot.png</midtexture>
			    <info>PVR.EpgEventProgress</info>
			    <visible>VideoPlayer.HasEpg</visible>
		    </control>
		    <control type="progress">
			    <height>20</height>
			    <texturebg border="0,0,0,0" colordiffuse="$VAR[LabelTextColor]">img/AmberDotBG.png</texturebg>
			    <midtexture border="0,0,0,0" colordiffuse="$VAR[HighlightColor]">img/AmberDot.png</midtexture>
			    <info>Player.Progress</info>
			    <visible>!VideoPlayer.HasEpg</visible>
		    </control>
		</definition>
	</include>

	<include name="HomeNowPlayingVideoCast">
	    <param name="top">0</param>
		<param name="align">right</param>
		<param name="left"></param>
		<param name="leftedge">1310</param>
		<param name="flipx">true</param>
		<param name="separatorleft">212</param>
		<definition>
		    <include>AnimationSlideRightVisible</include>
			<left>$PARAM[left]</left>
			<top>$PARAM[top]</top>
		    <width>500</width>
		    <control type="label">
			    <top>26</top>
			    <height>40</height>
			    <left>$PARAM[leftedge]</left>
				<width>600</width>
				<align>$PARAM[align]</align>
			    <font>InfoTitle</font>
			    <label>[B]$LOCALIZE[206][/B]</label>
			    <textcolor>$VAR[HighlightColor]</textcolor>
		    </control>
		    <control type="image">
			    <top>72</top>
				<left>$PARAM[separatorleft]</left>
			    <width>388</width>
			    <height>4</height>
			    <aspectratio align="$PARAM[align]" aligny="center">scale</aspectratio>
			    <texture flipx="$PARAM[flipx]">panels/separator.png</texture>
		    </control>
		    <control type="textbox">
			    <top>84</top>
				<left>$PARAM[leftedge]</left>
			    <width>600</width>
			    <height>280</height>
			    <align>$PARAM[align]</align>
			    <include>AutoScrollPlot</include>
			    <label>$INFO[VideoPlayer.CastAndRole]</label>
		    </control>
		</definition>
	</include>

	<include name="HomeNowPlayingPortraitPlot">
	    <param name="top">0</param>
		<param name="width">700</param>
		<param name="contentwidth">600</param>
		<param name="plotheight">280</param>
		<param name="align">right</param>
		<param name="left"></param>
		<param name="leftedge">1310</param>
		<param name="flipx">true</param>
		<param name="separatorleft">212</param>
		<definition>
		    <include>AnimationSlideRightVisible</include>
		    <left>$PARAM[left]</left>
			<top>$PARAM[top]</top>
		    <width>$PARAM[width]</width>
		    <control type="group">
			    <visible>!String.IsEmpty(MusicPlayer.Property(Album_Description)) | !String.IsEmpty(MusicPlayer.Property(Artist_Description)) | !String.IsEmpty(VideoPlayer.Plot)</visible>
			    <control type="label">
				    <top>26</top>
			        <height>40</height>
			        <left>$PARAM[leftedge]</left>
				    <width>600</width>
				    <align>$PARAM[align]</align>
			        <font>InfoTitle</font>
				    <label>$VAR[NowPlayingPlotLabelVar]</label>
				    <textcolor>$VAR[HighlightColor]</textcolor>
					<visible>Player.HasAudio | [Player.HasVideo + !Skin.String(NowPlayingMovieInfo,preview)]</visible>
			    </control>
				<control type="label">
				    <top>26</top>
			        <height>80</height>
			        <left>$PARAM[leftedge]</left>
				    <width>$PARAM[contentwidth]</width>
				    <align>$PARAM[align]</align>
					<wrapmultiline>true</wrapmultiline>
			        <font>InfoTitle</font>
				    <label>[B]$INFO[Player.Title][/B] $INFO[VideoPlayer.Year,(,)]</label>
				    <textcolor>$VAR[HighlightColor]</textcolor>
					<visible>Player.HasVideo + Skin.String(NowPlayingMovieInfo,preview)</visible>
			    </control>
			    <control type="image">
			        <top>72</top>
				    <left>$PARAM[separatorleft]</left>
			        <width>388</width>
			        <height>4</height>
			        <aspectratio align="$PARAM[align]" aligny="center">scale</aspectratio>
			        <texture flipx="$PARAM[flipx]">panels/separator.png</texture>
					<visible>Player.HasAudio | [Player.HasVideo + !Skin.String(NowPlayingMovieInfo,preview)]</visible>
		        </control>
				<control type="image">
			        <top>112</top>
				    <left>$PARAM[separatorleft]</left>
			        <width>388</width>
			        <height>4</height>
			        <aspectratio align="$PARAM[align]" aligny="center">scale</aspectratio>
			        <texture flipx="$PARAM[flipx]">panels/separator.png</texture>
					<visible>Player.HasVideo + Skin.String(NowPlayingMovieInfo,preview)</visible>
		        </control>
			    <control type="textbox">
			        <top>84</top>
				    <left>$PARAM[leftedge]</left>
			        <width>600</width>
			        <height>280</height>
			        <align>$PARAM[align]</align>
			        <include>AutoScrollPlot</include>
				    <label>$VAR[NowPlayingPlotVar]</label>
					<visible>Player.HasAudio | [Player.HasVideo + !Skin.String(NowPlayingMovieInfo,preview)]</visible>
			    </control>
				<control type="textbox">
			        <top>124</top>
				    <left>$PARAM[leftedge]</left>
			        <width>$PARAM[contentwidth]</width>
			        <height>$PARAM[plotheight]</height>
			        <align>$PARAM[align]</align>
			        <include>AutoScrollPlot</include>
				    <label>$VAR[NowPlayingPlotVar]</label>
					<visible>Player.HasVideo + Skin.String(NowPlayingMovieInfo,preview)</visible>
			    </control>
		    </control>
		</definition>
	</include>

	<include name="HomeNowPlayingSquarePlot">
	    <param name="top">41</param>
		<param name="align">right</param>
		<param name="left"></param>
		<param name="width">700</param>
		<param name="contentwidth">600</param>
		<param name="contentwidthpreview">740</param>
		<param name="plotheight">240</param>
		<param name="leftedge">0</param>
		<param name="flipx">true</param>
		<param name="separatorleft">212</param>
		<definition>
		    <include>AnimationSlideRightVisible</include>
		    <left>$PARAM[left]</left>
			<top>$PARAM[top]</top>
		    <width>$PARAM[width]</width>
		    <control type="group">
			    <visible>!String.IsEmpty(MusicPlayer.Property(Album_Description)) | !String.IsEmpty(MusicPlayer.Property(Artist_Description)) | !String.IsEmpty(VideoPlayer.Plot)</visible>
			    <control type="label" id="9054">
				    <top>26</top>
					<left>$PARAM[leftedge]</left>
					<width>$PARAM[contentwidth]</width>
				    <height>40</height>
				    <align>$PARAM[align]</align>
				    <font>InfoTitle</font>
				    <label>$VAR[NowPlayingPlotLabelVar]</label>
				    <textcolor>$VAR[HighlightColor]</textcolor>
					<visible>Player.HasAudio | [Player.HasVideo + !Skin.String(NowPlayingVideoInfo,preview)]</visible>
			    </control>
				<control type="label" id="905401">
				    <top>26</top>
					<left>$PARAM[leftedge]</left>
					<width>$PARAM[contentwidthpreview]</width>
				    <height>40</height>
				    <align>$PARAM[align]</align>
				    <font>InfoTitle</font>
				    <label>$VAR[NowPlayingPlotLabelVar]</label>
				    <textcolor>$VAR[HighlightColor]</textcolor>
					<visible>[Player.HasVideo + Skin.String(NowPlayingVideoInfo,preview)]</visible>
			    </control>
			    <control type="image">
			        <top>72</top>
				    <left>$PARAM[separatorleft]</left>
			        <width>388</width>
			        <height>4</height>
			        <aspectratio align="$PARAM[align]" aligny="center">scale</aspectratio>
			        <texture flipx="$PARAM[flipx]">panels/separator.png</texture>
					<visible>!String.IsEmpty(Control.GetLabel(9054)) | !String.IsEmpty(Control.GetLabel(905401))</visible>
		        </control>
			    <control type="textbox">
				    <top>84</top>
				    <left>$PARAM[leftedge]</left>
				    <width>$PARAM[contentwidth]</width>
				    <height>$PARAM[plotheight]</height>
				    <align>$PARAM[align]</align>
				    <include>AutoScrollPlot</include>
				    <label>$VAR[NowPlayingPlotVar]</label>
			    </control>
		    </control>
			<control type="group">
			    <visible>Player.HasVideo + Skin.String(NowPlayingVideoInfo,preview) + String.IsEmpty(VideoPlayer.Plot)</visible>
			    <control type="label" id="90541">
				    <top>26</top>
					<left>$PARAM[leftedge]</left>
					<width>$PARAM[contentwidthpreview]</width>
				    <height>80</height>
				    <align>$PARAM[align]</align>
					<wrapmultiline>true</wrapmultiline>
				    <font>InfoTitle</font>
				    <label>$INFO[Player.Title,[B],[/B]] $INFO[VideoPlayer.Year,(,)]</label>
				    <textcolor>$VAR[HighlightColor]</textcolor>
			    </control>
			    <control type="image">
			        <top>112</top>
				    <left>$PARAM[separatorleft]</left>
			        <width>388</width>
			        <height>4</height>
			        <aspectratio align="$PARAM[align]" aligny="center">scale</aspectratio>
			        <texture flipx="$PARAM[flipx]">panels/separator.png</texture>
					<visible>!String.IsEmpty(Player.Title)</visible>
		        </control>
		    </control>
		</definition>
	</include>
	<include name="HomeNowPlayingVideoPreview">
		<param name="top">15</param>
		<param name="left">1270</param>
		<param name="width">600</param>
		<param name="height">381</param>
		<param name="borderwidth">612</param>
		<param name="borderheight">393</param>
		<definition>
		    <control type="group">
			    <top>$PARAM[top]</top>
			    <width>$PARAM[width]</width>
			    <left>$PARAM[left]</left>
			    <control type="image" description="BG">
			        <posx>-6</posx>
			        <posy>-6</posy>
			        <width>$PARAM[borderwidth]</width>
			        <height>$PARAM[borderheight]</height>
			        <texture border="8">img/WhiteRoundedST2.png</texture>
			        <aspectratio>stretch</aspectratio>
				    <colordiffuse>$VAR[HighlightColor]</colordiffuse>
			    </control>
			    <control type="image">
				    <height>$PARAM[height]</height>
				    <texture>colors/black.png</texture>
			    </control>
			    <control type="videowindow">
				    <height>$PARAM[height]</height>
			    </control>
		    </control>
		</definition>
	</include>
	<include name="NowPlayingHomeAudioInfo">
		<param name="top">50</param>
		<param name="left">1370</param>
		<param name="leftedge">410</param>
		<param name="align">right</param>
		<definition>
		    <include>AnimationSlideRightVisible</include>
		    <top>$PARAM[top]</top>
			<left>$PARAM[left]</left>
		    <width>500</width>
		    <height>303</height>
		    <align>$PARAM[align]</align>
		    <usecontrolcoords>true</usecontrolcoords>
		    <animation effect="slide" end="0,9" time="200" condition="String.IsEmpty(MusicPlayer.Duration)">Conditional</animation>
		    <control type="image">
			    <left>$PARAM[leftedge]</left>
			    <width>90</width>
			    <height>45</height>
			    <fadetime>TextureFadeTime</fadetime>
			    <aspectratio align="$PARAM[align]" aligny="center">keep</aspectratio>
			    <texture>$INFO[MusicPlayer.Codec,badges/audiocodec/,.png]</texture>
		    </control>
		    <control type="label">
			    <height>40</height>
			    <align>$PARAM[align]</align>
			    <font>InfoTitle</font>
			    <label>$INFO[MusicPlayer.Time]$INFO[MusicPlayer.Duration, / ]</label>
		    </control>
		    <control type="label">
			    <height>42</height>
			    <align>$PARAM[align]</align>
			    <font>ListDetails</font>
			    <label>$INFO[MusicPlayer.BitRate,,kbps]$INFO[MusicPlayer.BitsPerSample,  ,bits]$INFO[MusicPlayer.SampleRate,  ,KHz]</label>
		    </control>
		    <control type="progress">
			    <height>20</height>
			    <texturebg border="0,0,0,0" colordiffuse="$VAR[LabelTextColor]">img/AmberDotBG.png</texturebg>
			    <midtexture border="0,0,0,0" colordiffuse="$VAR[HighlightColor]">img/AmberDot.png</midtexture>
			    <info>Player.Progress</info>
			    <visible>!String.IsEmpty(MusicPlayer.Duration)</visible>
		    </control>
		</definition>
	</include>

	<include name="NowPlayingHomeAudioNext">
	    <param name="top">41</param>
		<param name="align">right</param>
		<param name="left"></param>
		<param name="leftedge">1310</param>
		<param name="flipx">true</param>
		<param name="separatorleft">112</param>
		<param name="coverleft">320</param>
		<definition>
		    <include>AnimationSlideRightVisible</include>
		    <left>$PARAM[left]</left>
			<top>$PARAM[top]</top>
		    <width>500</width>
		    <height>327</height>
		    <control type="label">
			    <top>26</top>
			    <height>40</height>
			    <align>$PARAM[align]</align>
			    <label>[B]$LOCALIZE[209][/B]</label>
			    <font>InfoTitle</font>
			    <textcolor>$VAR[HighlightColor]</textcolor>
		    </control>
		    <control type="image">
			    <top>72</top>
			    <left>$PARAM[separatorleft]</left>
			    <width>388</width>
			    <height>4</height>
			    <aspectratio align="$PARAM[align]" aligny="center">scale</aspectratio>
			    <texture flipx="$PARAM[flipx]">panels/separator.png</texture>
		    </control>
		    <include content="ShadowedImage">
			    <param name="top">80</param>
			    <param name="left">$PARAM[coverleft]</param>
			    <param name="width">179</param>
			    <param name="height">179</param>
			    <param name="shadowoffset">8</param>
			    <param name="texture">$INFO[MusicPlayer.offset(1).Cover]</param>
		    </include>
		    <control type="label">
			    <bottom>22</bottom>
			    <height>40</height>
			    <align>$PARAM[align]</align>
			    <font>Shelf_Title</font>
			    <label>$INFO[MusicPlayer.offset(1).Artist]</label>
			    <textcolor>$VAR[HighlightColor]</textcolor>
		    </control>
		    <control type="label">
			    <height>40</height>
			    <bottom>-10</bottom>
			    <align>$PARAM[align]</align>
			    <font>ListDetails</font>
			    <label>[COLOR $VAR[HighlightColor]]$INFO[MusicPlayer.offset(1).TrackNumber,,. ][/COLOR]$INFO[MusicPlayer.offset(1).Title]</label>
		    </control>
		</definition>
	</include>

	<include name="NowPlayingHomeAudioTrackList">
	    <param name="top">41</param>
		<param name="align">right</param>
		<param name="left"></param>
		<param name="leftedge">1310</param>
		<param name="flipx">true</param>
		<param name="separatorleft">112</param>
		<definition>
		    <include>AnimationSlideRightVisible</include>
		    <left>$PARAM[left]</left>
			<top>$PARAM[top]</top>
		    <width>500</width>
		    <control type="label">
			    <top>26</top>
			    <height>40</height>
			    <align>$PARAM[align]</align>
			    <font>InfoTitle</font>
			    <label>[B]$LOCALIZE[32330][/B]</label>
			    <textcolor>$VAR[HighlightColor]</textcolor>
		    </control>
		    <control type="image">
			    <top>72</top>
			    <left>$PARAM[separatorleft]</left>
			    <width>388</width>
			    <height>4</height>
			    <aspectratio align="$PARAM[align]" aligny="center">scale</aspectratio>
			    <texture flipx="$PARAM[flipx]">panels/separator.png</texture>
		    </control>
		    <control type="grouplist">
			    <top>76</top>
			    <height>246</height>
			    <include content="NowPlayingHomeAudioTracksContent">
				    <param name="offset">1</param>
					<param name="align">$PARAM[align]</param>
			    </include>
			    <include content="NowPlayingHomeAudioTracksContent">
				    <param name="offset">2</param>
					<param name="align">$PARAM[align]</param>
			    </include>
			    <include content="NowPlayingHomeAudioTracksContent">
				    <param name="offset">3</param>
					<param name="align">$PARAM[align]</param>
			    </include>
		    </control>
		</definition>
	</include>

	<include name="NowPlayingHomeAudioTracksContent">
		<param name="align">right</param>
		<definition>
		    <control type="label">
			    <height>38</height>
			    <align>$PARAM[align]</align>
			    <font>Shelf_Title</font>
			    <label>$INFO[MusicPlayer.offset($PARAM[offset]).Artist]</label>
			    <textcolor>$VAR[HighlightColor]</textcolor>
		    </control>
		    <control type="label">
			    <height>30</height>
			    <align>$PARAM[align]</align>
			    <font>ListDetails</font>
			    <label>[COLOR $VAR[HighlightColor]]$INFO[MusicPlayer.offset($PARAM[offset]).TrackNumber,,. ][/COLOR]$INFO[MusicPlayer.offset($PARAM[offset]).Title]</label>
		    </control>
		    <control type="label">
			    <height>18</height>
		    </control>
		</definition>
	</include>

	<include name="NowPlayingPositionHorizontal">
	    <top>60</top>
		<left>30</left>
		<right>30</right>
	</include>

	<include name="NowPlayingPositionVerticalText">
	    <top>180</top>
		<left>450</left>
	</include>

	<include name="NowPlayingPositionVerticalIcon">
	    <top>180</top>
		<left>150</left>
	</include>

	<include name="GradientPositionHorizontal">
	    <bottom>0</bottom>
		<height>968</height>
	</include>

	<include name="GradientPositionVertical">
	    <height>1080</height>
	</include>



	<!-- Now playing -->
	<include name="HomeNowPlaying">
		<control type="image">
			<visible>!ControlGroup(700).HasFocus + !Skin.HasSetting(Show_VideoBackground)</visible>
			<include>AnimationVisibleFade</include>
			<width>1920</width>
			<include>GradientPositionVertical</include>
			<texture border="0,30,0,0">OSD/FS_OSDBackground.png</texture>
            <colordiffuse>dfcebe9e</colordiffuse>
		</control>
		<control type="group" id="701">
			<visible>!ControlGroup(700).HasFocus</visible>
			<include condition="Skin.HasSetting(VerticalHome) + !Skin.HasSetting(Vertical.IconOnly)">NowPlayingPositionVerticalText</include>
			<include condition="Skin.HasSetting(VerticalHome) + Skin.HasSetting(Vertical.IconOnly)">NowPlayingPositionVerticalIcon</include>
			<include condition="!Skin.HasSetting(VerticalHome)">NowPlayingPositionHorizontal</include>
			<include>AnimationVisibleFade</include>
			<!-- Video -->
			<control type="group" id="70101">
				<visible>Player.HasVideo + !Skin.HasSetting(Show_VideoBackground)</visible>
				<control type="group">
					<visible>VideoPlayer.Content(movies) + [!Skin.String(NowPlayingMovieInfo,preview) | [Skin.String(NowPlayingMovieInfo,preview) + [!System.IdleTime(8) | !Skin.HasSetting(Zoom.VideoPreview) | Skin.HasSetting(VerticalHome)]]]</visible>
					<control type="group">
						<visible>Skin.String(NowPlayingMovieInfo,none)</visible>
						<include>AnimationVisibleFade</include>
						<include content="NowPlayingHomePortraitContent">
							<param name="logo">Skin.HasSetting(NowPlaying.VideoLogo)</param>
							<param name="discart">Skin.HasSetting(NowPlaying.VideoDiscArt)</param>
						</include>
					</control>
					<control type="group">
						<visible>!Skin.String(NowPlayingMovieInfo,none)</visible>
						<include>AnimationVisibleFade</include>
						<include content="NowPlayingHomePortraitContent">
							<param name="right">650</param>
							<param name="logo">Skin.HasSetting(NowPlaying.VideoLogo)</param>
							<param name="discart">Skin.HasSetting(NowPlaying.VideoDiscArt)</param>
						</include>
					</control>
				</control>
				<control type="group">
					<visible>VideoPlayer.Content(episodes) + [!Skin.String(NowPlayingMovieInfo,preview) | [Skin.String(NowPlayingMovieInfo,preview) + [!System.IdleTime(8) | !Skin.HasSetting(Zoom.VideoPreview) | Skin.HasSetting(VerticalHome)]]]</visible>
					<control type="group">
						<visible>Skin.String(NowPlayingMovieInfo,none)</visible>
						<include>AnimationVisibleFade</include>
						<include content="NowPlayingHomePortraitContent">
							<param name="logo">Skin.HasSetting(NowPlaying.VideoLogo)</param>
						</include>
					</control>
					<control type="group">
						<visible>!Skin.String(NowPlayingMovieInfo,none)</visible>
						<include>AnimationVisibleFade</include>
						<include content="NowPlayingHomePortraitContent">
							<param name="right">650</param>
							<param name="logo">Skin.HasSetting(NowPlaying.VideoLogo)</param>
						</include>
					</control>
				</control>
				<control type="group">
					<visible>VideoPlayer.Content(musicvideos) + [!Skin.String(NowPlayingVideoInfo,preview) | [Skin.String(NowPlayingVideoInfo,preview) + [!System.IdleTime(8) | !Skin.HasSetting(Zoom.VideoPreview) | Skin.HasSetting(VerticalHome)]]]</visible>
					<control type="group">
						<visible>Skin.String(NowPlayingVideoInfo,none)</visible>
						<include>AnimationVisibleFade</include>
						<include content="NowPlayingHomeSquareContent">
							<param name="logo">Skin.HasSetting(NowPlaying.VideoLogo)</param>
							<param name="discart">Skin.HasSetting(NowPlaying.VideoDiscArt)</param>
						</include>
					</control>
					<control type="group">
						<visible>!Skin.String(NowPlayingVideoInfo,none)</visible>
						<include>AnimationVisibleFade</include>
						<include content="NowPlayingHomeSquareContent">
							<param name="right">650</param>
							<param name="logo">Skin.HasSetting(NowPlaying.VideoLogo)</param>
							<param name="discart">Skin.HasSetting(NowPlaying.VideoDiscArt)</param>
						</include>
					</control>
				</control>
				<control type="group">
					<visible>![VideoPlayer.Content(movies) | VideoPlayer.Content(episodes) | VideoPlayer.Content(musicvideos)] +
					         [!Skin.String(NowPlayingVideoInfo,preview) | [Skin.String(NowPlayingVideoInfo,preview) + [!System.IdleTime(8) | !Skin.HasSetting(Zoom.VideoPreview) | Skin.HasSetting(VerticalHome)]]]</visible>
					<control type="group">
						<visible>Skin.String(NowPlayingVideoInfo,none)</visible>
						<include>AnimationVisibleFade</include>
						<include content="NowPlayingHomeSquareContent">
							<param name="aspect">keep</param>
						</include>
					</control>
					<control type="group">
						<visible>!Skin.String(NowPlayingVideoInfo,none)</visible>
						<include>AnimationVisibleFade</include>
						<include content="NowPlayingHomeSquareContent">
							<param name="right">650</param>
							<param name="aspect">keep</param>
						</include>
					</control>
				</control>
				<control type="group">
					<visible>[VideoPlayer.Content(movies) | VideoPlayer.Content(episodes)]</visible>
					<include>AnimationVisibleFade</include>
					<control type="grouplist">
						<visible>Skin.String(NowPlayingMovieInfo,info)</visible>
                        <include content="HomeNowPlayingVideoInfo" condition="!Skin.HasSetting(Enable.BottomShortcuts)">
						    <param name="left">10</param>
							<param name="align">left</param>
							<param name="top">460</param>
						</include>
						<include content="HomeNowPlayingVideoInfo" condition="Skin.HasSetting(Enable.BottomShortcuts)">
						    <param name="left">10</param>
							<param name="align">left</param>
							<param name="top">420</param>
						</include>
					</control>
					<control type="group">
						<visible>Skin.String(NowPlayingMovieInfo,cast)</visible>
                        <include content="HomeNowPlayingVideoCast" condition="!Skin.HasSetting(Enable.BottomShortcuts)">
						    <param name="left">10</param>
							<param name="align">left</param>
							<param name="top">390</param>
							<param name="leftedge">0</param>
							<param name="flipx">false</param>
							<param name="separatorleft">0</param>
						</include>
						<include content="HomeNowPlayingVideoCast" condition="Skin.HasSetting(Enable.BottomShortcuts)">
						    <param name="left">1260</param>
							<param name="align">left</param>
							<param name="top">-33</param>
							<param name="leftedge">0</param>
							<param name="flipx">false</param>
							<param name="separatorleft">0</param>
						</include>
					</control>
					<control type="group">
						<visible>Skin.String(NowPlayingMovieInfo,plot)</visible>
                        <include content="HomeNowPlayingPortraitPlot" condition="!Skin.HasSetting(Enable.BottomShortcuts)">
						    <param name="left">10</param>
							<param name="align">left</param>
							<param name="top">390</param>
							<param name="leftedge">0</param>
							<param name="flipx">false</param>
							<param name="separatorleft">0</param>
						</include>
						<include content="HomeNowPlayingPortraitPlot" condition="Skin.HasSetting(Enable.BottomShortcuts)">
						    <param name="left">1260</param>
							<param name="align">left</param>
							<param name="top">-33</param>
							<param name="leftedge">0</param>
							<param name="flipx">false</param>
							<param name="separatorleft">0</param>
						</include>
					</control>
					<control type="group">
						<visible>Skin.String(NowPlayingMovieInfo,preview) + [!System.IdleTime(8) | !Skin.HasSetting(Zoom.VideoPreview) | Skin.HasSetting(VerticalHome)]</visible>
						<include content="HomeNowPlayingVideoPreview" condition="!Skin.HasSetting(Enable.BottomShortcuts)">
						    <param name="left">16</param>
							<param name="top">420</param>
						</include>
						<include content="HomeNowPlayingVideoPreview" condition="Skin.HasSetting(Enable.BottomShortcuts)">
						    <param name="left">800</param>
							<param name="top">6</param>
						</include>
						<control type="group">
						    <include content="HomeNowPlayingPortraitPlot" condition="!Skin.HasSetting(Enable.BottomShortcuts)">
						        <param name="left">660</param>
							    <param name="align">left</param>
							    <param name="top">380</param>
							    <param name="leftedge">0</param>
								<param name="separatorleft">0</param>
							    <param name="flipx">false</param>
						    </include>
							<include content="HomeNowPlayingPortraitPlot" condition="Skin.HasSetting(Enable.BottomShortcuts)">
						        <param name="left">1430</param>
							    <param name="align">left</param>
							    <param name="width">440</param>
								<param name="contentwidth">440</param>
								<param name="plotheight">280</param>
								<param name="top">-33</param>
							    <param name="leftedge">0</param>
								<param name="separatorleft">0</param>
							    <param name="flipx">false</param>
						    </include>
						</control>
					</control>
					<control type="group">
						<visible>Skin.String(NowPlayingMovieInfo,preview) + System.IdleTime(8) + Skin.HasSetting(Zoom.VideoPreview) + !Skin.HasSetting(VerticalHome)</visible>
						<animation effect="zoom" start="30" end="100" center="337,359" time="500" easing="inout" tween="cubic">Visible</animation>
			            <animation effect="zoom" start="100" end="30" time="100" center="337,359" easing="inout" tween="cubic">Hidden</animation>
						<control type="group">
			                <top>0</top>
			                <width>1093</width>
			                <left>385</left>
							<control type="label">
							    <left>-6</left>
							    <width>1105</width>
								<label>[COLOR=$VAR[HighlightColor]]$VAR[NowPlayingStatusVar]:[/COLOR] [B]$INFO[Player.Title][/B]</label>
								<align>center</align>
								<height>40</height>
							</control>
			                <control type="image" description="BG">
			                    <posx>-6</posx>
			                    <posy>40</posy>
			                    <width>1105</width>
			                    <height>706</height>
			                    <texture border="8">img/WhiteRoundedST2.png</texture>
			                    <aspectratio>stretch</aspectratio>
				                <colordiffuse>$VAR[HighlightColor]</colordiffuse>
			                </control>
			                <control type="image">
								<posy>46</posy>
								<height>694</height>
				                <texture>colors/black.png</texture>
			                </control>
			                <control type="videowindow">
				                <posy>46</posy>
								<height>694</height>
				                <animation effect="slide" start="0,0" end="-3000,0" time="0">WindowClose</animation>
			                </control>
							<control type="group">
							    <top>746</top>
								<left>-6</left>
								<control type="progress" description="Buffer Bar">
					                <width>1105</width>
			                        <height>30</height>
									<texturebg border="0,0,0,0">img/AmberDotBG.png</texturebg>
			                        <midtexture border="0,0,0,0">img/AmberDot.png</midtexture>
					                <colordiffuse>$VAR[LabelTextColor]</colordiffuse>
					                <info>Player.ProgressCache</info>
				                </control>
				                <control type="progress" description="Progress Bar">
					                <width>1105</width>
			                        <height>30</height>
					                <texturebg border="0,0,0,0">img/AmberDotBG.png</texturebg>
			                        <midtexture border="0,0,0,0">img/AmberDot.png</midtexture>
					                <colordiffuse>$VAR[HighlightColor]</colordiffuse>
					                <info>Player.Progress</info>
				                </control>
							    <control type="label">
			                        <visible>VideoPlayer.HasEpg</visible>
			                        <top>30</top>
								    <left>6</left>
								    <height>30</height>
			                        <align>left</align>
								    <aligny>center</aligny>
			                        <font>InfoTitle</font>
			                        <label>$INFO[PVR.EpgEventElapsedTime]$INFO[PVR.EpgEventDuration, / ]</label>
		                        </control>
		                        <control type="label">
			                        <visible>!VideoPlayer.HasEpg</visible>
			                        <top>30</top>
								    <left>6</left>
								    <height>30</height>
			                        <align>left</align>
								    <aligny>center</aligny>
			                        <font>InfoTitle</font>
			                       <label>$INFO[Player.Time]$INFO[Player.Duration, / ]</label>
		                        </control>
		                        <control type="label">
			                        <visible>!VideoPlayer.HasEpg</visible>
			                        <top>30</top>
								    <height>30</height>
								    <right>6</right>
			                        <align>right</align>
								    <aligny>center</aligny>
			                        <font>ListDetails</font>
			                        <label>$INFO[Player.FinishTime,$LOCALIZE[19127] ]</label>
		                        </control>
		                        <control type="label">
			                        <visible>VideoPlayer.HasEpg</visible>
			                        <top>30</top>
								    <height>30</height>
								    <right>6</right>
			                        <align>right</align>
								    <aligny>center</aligny>
			                        <font>ListDetails</font>
			                        <label>$INFO[PVR.EpgEventFinishTime,$LOCALIZE[19127] ]</label>
		                        </control>
							</control>
		                </control>
					</control>
				</control>
				<control type="group">
					<visible>![VideoPlayer.Content(movies) | VideoPlayer.Content(episodes)]</visible>
					<include>AnimationVisibleFade</include>
					<control type="grouplist">
						<visible>Skin.String(NowPlayingVideoInfo,info)</visible>
                        <include content="HomeNowPlayingVideoInfo" condition="!Skin.HasSetting(Enable.BottomShortcuts)">
						    <param name="left">10</param>
							<param name="align">left</param>
							<param name="top">460</param>
						</include>
						<include content="HomeNowPlayingVideoInfo" condition="Skin.HasSetting(Enable.BottomShortcuts)">
						    <param name="left">10</param>
							<param name="align">left</param>
							<param name="top">420</param>
						</include>
					</control>
					<control type="group">
						<visible>Skin.String(NowPlayingVideoInfo,plot)</visible>
                        <include content="HomeNowPlayingSquarePlot" condition="!Skin.HasSetting(Enable.BottomShortcuts)">
						    <param name="left">10</param>
							<param name="align">left</param>
							<param name="top">390</param>
							<param name="leftedge">0</param>
							<param name="flipx">false</param>
							<param name="separatorleft">0</param>
						</include>
						<include content="HomeNowPlayingSquarePlot" condition="Skin.HasSetting(Enable.BottomShortcuts)">
						    <param name="left">1260</param>
							<param name="align">left</param>
							<param name="top">2</param>
							<param name="leftedge">0</param>
							<param name="flipx">false</param>
							<param name="separatorleft">0</param>
						</include>
					</control>
					<control type="group">
						<visible>Skin.String(NowPlayingVideoInfo,preview) + [!System.IdleTime(8) | !Skin.HasSetting(Zoom.VideoPreview) | Skin.HasSetting(VerticalHome)]</visible>
						<include content="HomeNowPlayingVideoPreview" condition="!Skin.HasSetting(Enable.BottomShortcuts)">
						    <param name="left">6</param>
							<param name="top">420</param>
						</include>
						<include content="HomeNowPlayingVideoPreview" condition="Skin.HasSetting(Enable.BottomShortcuts)">
						    <param name="left">800</param>
							<param name="top">6</param>
						</include>
						<control type="group">
						    <include content="HomeNowPlayingSquarePlot" condition="!Skin.HasSetting(Enable.BottomShortcuts)">
						        <param name="left">660</param>
							    <param name="align">left</param>
							    <param name="top">380</param>
							    <param name="leftedge">0</param>
								<param name="separatorleft">0</param>
							    <param name="flipx">false</param>
						    </include>
							<include content="HomeNowPlayingSquarePlot" condition="Skin.HasSetting(Enable.BottomShortcuts)">
						        <param name="left">1430</param>
							    <param name="align">left</param>
							    <param name="contentwidth">440</param>
								<param name="contentwidthpreview">440</param>
								<param name="plotheight">280</param>
								<param name="top">-31</param>
							    <param name="leftedge">0</param>
								<param name="separatorleft">0</param>
							    <param name="flipx">false</param>
						    </include>
						</control>
					</control>
					<control type="group">
						<visible>Skin.String(NowPlayingVideoInfo,preview) + System.IdleTime(8) + Skin.HasSetting(Zoom.VideoPreview) + !Skin.HasSetting(VerticalHome)</visible>
						<animation effect="zoom" start="30" end="100" center="337,359" time="500" easing="inout" tween="cubic">Visible</animation>
			            <animation effect="zoom" start="100" end="30" time="100" center="337,359" easing="inout" tween="cubic">Hidden</animation>
						<control type="group">
			                <top>0</top>
			                <width>1093</width>
			                <left>385</left>
							<control type="label">
							    <left>-6</left>
							    <width>1105</width>
								<label>[COLOR=$VAR[HighlightColor]]$VAR[NowPlayingStatusVar]:[/COLOR] [B]$INFO[Player.Title][/B]</label>
								<align>center</align>
								<height>40</height>
							</control>
			                <control type="image" description="BG">
			                    <posx>-6</posx>
			                    <posy>40</posy>
			                    <width>1105</width>
			                    <height>706</height>
			                    <texture border="8">img/WhiteRoundedST2.png</texture>
			                    <aspectratio>stretch</aspectratio>
				                <colordiffuse>$VAR[HighlightColor]</colordiffuse>
			                </control>
			                <control type="image">
								<posy>46</posy>
								<height>694</height>
				                <texture>colors/black.png</texture>
			                </control>
			                <control type="videowindow">
				                <posy>46</posy>
								<height>694</height>
				                <animation effect="slide" start="0,0" end="-3000,0" time="0">WindowClose</animation>
			                </control>
							<control type="group">
							    <top>746</top>
								<left>-6</left>
								<control type="progress" description="Buffer Bar">
					                <width>1105</width>
			                        <height>30</height>
									<texturebg border="0,0,0,0">img/AmberDotBG.png</texturebg>
			                        <midtexture border="0,0,0,0">img/AmberDot.png</midtexture>
					                <colordiffuse>$VAR[LabelTextColor]</colordiffuse>
					                <info>Player.ProgressCache</info>
				                </control>
				                <control type="progress" description="Progress Bar">
					                <width>1105</width>
			                        <height>30</height>
					                <texturebg border="0,0,0,0">img/AmberDotBG.png</texturebg>
			                        <midtexture border="0,0,0,0">img/AmberDot.png</midtexture>
					                <colordiffuse>$VAR[HighlightColor]</colordiffuse>
					                <info>Player.Progress</info>
				                </control>
							    <control type="label">
			                        <visible>VideoPlayer.HasEpg</visible>
			                        <top>30</top>
								    <left>6</left>
								    <height>30</height>
			                        <align>left</align>
								    <aligny>center</aligny>
			                        <font>InfoTitle</font>
			                        <label>$INFO[PVR.EpgEventElapsedTime]$INFO[PVR.EpgEventDuration, / ]</label>
		                        </control>
		                        <control type="label">
			                        <visible>!VideoPlayer.HasEpg</visible>
			                        <top>30</top>
								    <left>6</left>
								    <height>30</height>
			                        <align>left</align>
								    <aligny>center</aligny>
			                        <font>InfoTitle</font>
			                       <label>$INFO[Player.Time]$INFO[Player.Duration, / ]</label>
		                        </control>
		                        <control type="label">
			                        <visible>!VideoPlayer.HasEpg</visible>
			                        <top>30</top>
								    <height>30</height>
								    <right>6</right>
			                        <align>right</align>
								    <aligny>center</aligny>
			                        <font>ListDetails</font>
			                        <label>$INFO[Player.FinishTime,$LOCALIZE[19127] ]</label>
		                        </control>
		                        <control type="label">
			                        <visible>VideoPlayer.HasEpg</visible>
			                        <top>30</top>
								    <height>30</height>
								    <right>6</right>
			                        <align>right</align>
								    <aligny>center</aligny>
			                        <font>ListDetails</font>
			                        <label>$INFO[PVR.EpgEventFinishTime,$LOCALIZE[19127] ]</label>
		                        </control>
							</control>
		                </control>
					</control>
				</control>
			</control>
			<!-- Audio -->
			<control type="group" id="70102">
				<visible>Player.HasAudio</visible>
				<control type="group">
					<visible>![Pvr.IsPlayingTv | Pvr.IsPlayingRadio | Player.IsInternetStream]</visible>
					<control type="group">
						<visible>Skin.String(NowPlayingMusicInfo,none)</visible>
						<include>AnimationVisibleFade</include>
						<include content="NowPlayingHomeSquareContent">
							<param name="logo">Skin.HasSetting(NowPlaying.MusicLogo)</param>
							<param name="discart">Skin.HasSetting(NowPlaying.MusicDiscArt)</param>
						</include>
					</control>
					<control type="group">
						<visible>!Skin.String(NowPlayingMusicInfo,none)</visible>
						<include>AnimationVisibleFade</include>
						<include content="NowPlayingHomeSquareContent">
							<param name="right">650</param>
							<param name="logo">Skin.HasSetting(NowPlaying.MusicLogo)</param>
							<param name="discart">Skin.HasSetting(NowPlaying.MusicDiscArt)</param>
						</include>
					</control>
				</control>
				<control type="group">
					<visible>Pvr.IsPlayingTv | Pvr.IsPlayingRadio | Player.IsInternetStream</visible>
					<control type="group">
						<visible>Skin.String(NowPlayingMusicInfo,none)</visible>
						<include>AnimationVisibleFade</include>
						<include content="NowPlayingHomeSquareContent">
							<param name="aspect">keep</param>
						</include>
					</control>
					<control type="group">
						<visible>!Skin.String(NowPlayingMusicInfo,none)</visible>
						<include>AnimationVisibleFade</include>
						<include content="NowPlayingHomeSquareContent">
							<param name="right">650</param>
							<param name="aspect">keep</param>
						</include>
					</control>
				</control>
				<control type="group">
					<control type="group">
						<visible>Skin.String(NowPlayingMusicInfo,next) + MusicPlayer.HasNext</visible>
                        <include content="NowPlayingHomeAudioNext" condition="!Skin.HasSetting(Enable.BottomShortcuts)">
						    <param name="left">10</param>
							<param name="align">left</param>
							<param name="top">390</param>
							<param name="flipx">false</param>
							<param name="separatorleft">0</param>
							<param name="coverleft">-5</param>
						</include>
						<include content="NowPlayingHomeAudioNext" condition="Skin.HasSetting(Enable.BottomShortcuts)">
						    <param name="left">1260</param>
							<param name="align">left</param>
							<param name="top">7</param>
							<param name="flipx">false</param>
							<param name="separatorleft">0</param>
							<param name="coverleft">-5</param>
						</include>
					</control>
					<control type="group">
						<visible>Skin.String(NowPlayingMusicInfo,tracks) + MusicPlayer.HasNext</visible>
                        <include content="NowPlayingHomeAudioTrackList" condition="!Skin.HasSetting(Enable.BottomShortcuts)">
						    <param name="left">10</param>
							<param name="align">left</param>
							<param name="top">390</param>
							<param name="flipx">false</param>
							<param name="separatorleft">0</param>
						</include>
						<include content="NowPlayingHomeAudioTrackList" condition="Skin.HasSetting(Enable.BottomShortcuts)">
						    <param name="left">1260</param>
							<param name="align">left</param>
							<param name="top">7</param>
							<param name="flipx">false</param>
							<param name="separatorleft">0</param>
						</include>
					</control>
					<control type="group">
						<visible>Skin.String(NowPlayingMusicInfo,plot)</visible>
                        <include content="HomeNowPlayingSquarePlot" condition="!Skin.HasSetting(Enable.BottomShortcuts)">
						    <param name="left">10</param>
							<param name="align">left</param>
							<param name="top">390</param>
							<param name="leftedge">0</param>
							<param name="flipx">false</param>
							<param name="separatorleft">0</param>
						</include>
						<include content="HomeNowPlayingSquarePlot" condition="Skin.HasSetting(Enable.BottomShortcuts)">
						    <param name="left">1260</param>
							<param name="align">left</param>
							<param name="top">2</param>
							<param name="leftedge">0</param>
							<param name="flipx">false</param>
							<param name="separatorleft">0</param>
						</include>
					</control>
					<control type="grouplist">
						<visible>Skin.String(NowPlayingMusicInfo,info)</visible>
                        <include content="NowPlayingHomeAudioInfo" condition="!Skin.HasSetting(Enable.BottomShortcuts)">
						    <param name="left">10</param>
							<param name="leftedge">0</param>
							<param name="align">left</param>
							<param name="top">460</param>
						</include>
                        <include content="NowPlayingHomeAudioInfo" condition="Skin.HasSetting(Enable.BottomShortcuts)">
						    <param name="left">1260</param>
							<param name="leftedge">0</param>
							<param name="align">left</param>
							<param name="top">35</param>
						</include>
					</control>
				</control>
			</control>
		</control>
	</include>

</includes>