<?xml version="1.0" encoding="UTF-8"?>
<window>
	<controls>
		<include condition="Skin.HasSetting(Sub_MainMenuBG)">SubBackgroundLists</include>
		<include>DefaultBackground</include>
		<include>Time</include>
		<include>OpenClose</include>
		<control type="group">

			<control type="group">
				<visible>!IsEmpty(Window(Home).Property(TVGuide.BackgroundFanart))</visible>
				<include content="TVGuideFanart">
					<param name="TVGuideDayID">200</param>
				</include>
				<include content="TVGuideFanart">
					<param name="TVGuideDayID">201</param>
				</include>
				<include content="TVGuideFanart">
					<param name="TVGuideDayID">202</param>
				</include>
				<include content="TVGuideFanart">
					<param name="TVGuideDayID">203</param>
				</include>
				<include content="TVGuideFanart">
					<param name="TVGuideDayID">204</param>
				</include>
				<include content="TVGuideFanart">
					<param name="TVGuideDayID">205</param>
				</include>
				<include content="TVGuideFanart">
					<param name="TVGuideDayID">206</param>
				</include>
				<include content="TVGuideFanart">
					<param name="TVGuideDayID">207</param>
				</include>
				<include content="TVGuideFanart">
					<param name="TVGuideDayID">208</param>
				</include>
				<include content="TVGuideFanart">
					<param name="TVGuideDayID">209</param>
				</include>
				<include content="TVGuideFanart">
					<param name="TVGuideDayID">210</param>
				</include>
				<include content="TVGuideFanart">
					<param name="TVGuideDayID">211</param>
				</include>
				<include content="TVGuideFanart">
					<param name="TVGuideDayID">212</param>
				</include>
				<include content="TVGuideFanart">
					<param name="TVGuideDayID">213</param>
				</include>
				<include content="TVGuideFanart">
					<param name="TVGuideDayID">214</param>
				</include>
				<include content="TVGuideFanart">
					<param name="TVGuideDayID">215</param>
				</include>
			</control>

			<control type="image" description="Left Menu background">
                <colordiffuse>dfcebe9e</colordiffuse>
				<left>60</left>
				<top>60</top>
				<width>412</width>
				<height>980</height>
				<texture border="45">dialogs/TinyDialog.png</texture>
				<colordiffuse>$VAR[DialogBGColor]</colordiffuse>
			</control>
			<control type="image" description="2/2 Right Menu">
                <colordiffuse>dfcebe9e</colordiffuse>
				<left>462</left>
				<top>60</top>
				<width>1419</width>
				<height>980</height>
				<texture border="45">dialogs/TinyDialog.png</texture>
				<colordiffuse>$VAR[DialogBGColor]</colordiffuse>
			</control>

			<control type="list" id="9000">
				<posx>105</posx>
				<posy>120</posy>
				<width>322</width>
				<height>780</height>
				<onup>9000</onup>
				<ondown>8000</ondown>
				<onleft>8000</onleft>
				<onright condition="[Container(9000).HasFocus(1) + !String.IsEmpty(Window(Home).Property(NextAired.200.Wday))]">200</onright>
				<onright condition="[Container(9000).HasFocus(2) + !String.IsEmpty(Window(Home).Property(NextAired.201.Wday))]">201</onright>
				<onright condition="[Container(9000).HasFocus(3) + !String.IsEmpty(Window(Home).Property(NextAired.202.Wday))]">202</onright>
				<onright condition="[Container(9000).HasFocus(4) + !String.IsEmpty(Window(Home).Property(NextAired.203.Wday))]">203</onright>
				<onright condition="[Container(9000).HasFocus(5) + !String.IsEmpty(Window(Home).Property(NextAired.204.Wday))]">204</onright>
				<onright condition="[Container(9000).HasFocus(6) + !String.IsEmpty(Window(Home).Property(NextAired.205.Wday))]">205</onright>
				<onright condition="[Container(9000).HasFocus(7) + !String.IsEmpty(Window(Home).Property(NextAired.206.Wday))]">206</onright>
				<onright condition="[Container(9000).HasFocus(8) + !String.IsEmpty(Window(Home).Property(NextAired.207.Wday))]">207</onright>
				<onright condition="[Container(9000).HasFocus(9) + !String.IsEmpty(Window(Home).Property(NextAired.208.Wday))]">208</onright>
				<onright condition="[Container(9000).HasFocus(10) + !String.IsEmpty(Window(Home).Property(NextAired.209.Wday))]">209</onright>
				<onright condition="[Container(9000).HasFocus(11) + !String.IsEmpty(Window(Home).Property(NextAired.210.Wday))]">210</onright>
				<onright condition="[Container(9000).HasFocus(12) + !String.IsEmpty(Window(Home).Property(NextAired.211.Wday))]">211</onright>
				<onright condition="[Container(9000).HasFocus(13) + !String.IsEmpty(Window(Home).Property(NextAired.212.Wday))]">212</onright>
				<onright condition="[Container(9000).HasFocus(14) + !String.IsEmpty(Window(Home).Property(NextAired.213.Wday))]">213</onright>
				<onright condition="[Container(9000).HasFocus(15) + !String.IsEmpty(Window(Home).Property(NextAired.214.Wday))]">214</onright>
				<onright condition="[Container(9000).HasFocus(16) + !String.IsEmpty(Window(Home).Property(NextAired.215.Wday))]">215</onright>
				<onup>9000</onup>
				<ondown>9000</ondown>
				<scrolltime tween="quadratic">300</scrolltime>

				<itemlayout width="322" height="60">
					<control type="image">
						<width>322</width>
						<height>60</height>
						<texture border="3">buttons/ButtonNF.png</texture>
					</control>
					<control type="group">
					    <control type="label" description="Main Label">
						    <posx>10</posx>
						    <width>301</width>
						    <height>60</height>
						    <label>[B]$INFO[ListItem.Label][/B]</label>
					    </control>
					    <control type="label">
						    <posx>10</posx>
						    <width>301</width>
						    <height>60</height>
						    <align>right</align>
						    <label>$INFO[ListItem.Label2]</label>
					    </control>
					</control>
				</itemlayout>
				<focusedlayout width="322" height="60">
					<control type="image" description="fa overlay">
						<animation effect="fade" start="100" end="40" time="100" condition="!Control.HasFocus(9000)">Conditional</animation>
						<width>322</width>
						<height>60</height>
						<texture border="4" colordiffuse="$VAR[HighlightColor]">img/WhiteRoundedST2.png</texture>
					</control>
					<control type="group">
					    <control type="label" description="Main Label">
						    <posx>10</posx>
						    <width>301</width>
						    <height>60</height>
						    <textcolor>$VAR[FocusedTextColor]</textcolor>
						    <shadowcolor></shadowcolor>
						    <label>[B]$INFO[ListItem.Label][/B]</label>
					    </control>
					    <control type="label">
						    <posx>10</posx>
						    <width>301</width>
						    <height>60</height>
						    <align>right</align>
						    <textcolor>$VAR[FocusedTextColor]</textcolor>
						    <label>$INFO[ListItem.Label2]</label>
					    </control>
					</control>
				</focusedlayout>

				<content>
					<include content="TVGuideItem">
						<param name="TVGuideItemID">1</param>
						<param name="TVGuideDayID">200</param>
					</include>
					<include content="TVGuideItem">
						<param name="TVGuideItemID">2</param>
						<param name="TVGuideDayID">201</param>
					</include>
					<include content="TVGuideItem">
						<param name="TVGuideItemID">3</param>
						<param name="TVGuideDayID">202</param>
					</include>
					<include content="TVGuideItem">
						<param name="TVGuideItemID">4</param>
						<param name="TVGuideDayID">203</param>
					</include>
					<include content="TVGuideItem">
						<param name="TVGuideItemID">5</param>
						<param name="TVGuideDayID">204</param>
					</include>
					<include content="TVGuideItem">
						<param name="TVGuideItemID">6</param>
						<param name="TVGuideDayID">205</param>
					</include>
					<include content="TVGuideItem">
						<param name="TVGuideItemID">7</param>
						<param name="TVGuideDayID">206</param>
					</include>
					<include content="TVGuideItem">
						<param name="TVGuideItemID">8</param>
						<param name="TVGuideDayID">207</param>
					</include>
					<include content="TVGuideItem">
						<param name="TVGuideItemID">9</param>
						<param name="TVGuideDayID">208</param>
					</include>
					<include content="TVGuideItem">
						<param name="TVGuideItemID">10</param>
						<param name="TVGuideDayID">209</param>
					</include>
					<include content="TVGuideItem">
						<param name="TVGuideItemID">11</param>
						<param name="TVGuideDayID">210</param>
					</include>
					<include content="TVGuideItem">
						<param name="TVGuideItemID">12</param>
						<param name="TVGuideDayID">211</param>
					</include>
					<include content="TVGuideItem">
						<param name="TVGuideItemID">13</param>
						<param name="TVGuideDayID">212</param>
					</include>
					<include content="TVGuideItem">
						<param name="TVGuideItemID">14</param>
						<param name="TVGuideDayID">213</param>
					</include>
					<include content="TVGuideItem">
						<param name="TVGuideItemID">15</param>
						<param name="TVGuideDayID">214</param>
					</include>
					<include content="TVGuideItem">
						<param name="TVGuideItemID">16</param>
						<param name="TVGuideDayID">215</param>
					</include>
				</content>
			</control>
			<control type="group" id="9001">

				<control type="scrollbar" id="60">
					<left>500</left>
					<top>108</top>
					<width>1341</width>
					<height>12</height>
					<onup>9001</onup>
					<ondown condition="Container(9000).HasFocus(1)">200</ondown>
					<ondown condition="Container(9000).HasFocus(2)">201</ondown>
					<ondown condition="Container(9000).HasFocus(3)">202</ondown>
					<ondown condition="Container(9000).HasFocus(4)">203</ondown>
					<ondown condition="Container(9000).HasFocus(5)">204</ondown>
					<ondown condition="Container(9000).HasFocus(6)">205</ondown>
					<ondown condition="Container(9000).HasFocus(7)">206</ondown>
					<ondown condition="Container(9000).HasFocus(8)">207</ondown>
					<ondown condition="Container(9000).HasFocus(9)">208</ondown>
					<ondown condition="Container(9000).HasFocus(10)">209</ondown>
					<ondown condition="Container(9000).HasFocus(11)">210</ondown>
					<ondown condition="Container(9000).HasFocus(12)">211</ondown>
					<ondown condition="Container(9000).HasFocus(13)">212</ondown>
					<ondown condition="Container(9000).HasFocus(14)">213</ondown>
					<ondown condition="Container(9000).HasFocus(15)">214</ondown>
					<ondown condition="Container(9000).HasFocus(16)">215</ondown>
					<onleft>9000</onleft>
					<showonepage>false</showonepage>
					<orientation>horizontal</orientation>
					<animation effect="fade" start="100" end="0" time="500" delay="500" condition="!Control.HasFocus(60) + !Container.Scrolling">Conditional</animation>
				</control>
				<control type="panel" id="200">
					<visible allowhiddenfocus="true">[Control.HasFocus(9000) + Container(9000).HasFocus(1)] | Control.HasFocus(200) |  [Container(9000).HasFocus(1) + Control.HasFocus(60)]</visible>
					<include>VisibleFadeEffectDelay</include>
					<onright>200</onright>
					<include>TVNextAiredPanelLayout</include>
				</control>
				<control type="panel" id="201">
					<visible allowhiddenfocus="true">[Control.HasFocus(9000) + Container(9000).HasFocus(2)] | Control.HasFocus(201) | [Container(9000).HasFocus(2) + Control.HasFocus(60)]</visible>
					<include>VisibleFadeEffectDelay</include>
					<onright>201</onright>
					<include>TVNextAiredPanelLayout</include>
				</control>
				<control type="panel" id="202">
					<visible allowhiddenfocus="true">[Control.HasFocus(9000) + Container(9000).HasFocus(3)] | Control.HasFocus(202) | [Container(9000).HasFocus(3) + Control.HasFocus(60)]</visible>
					<include>VisibleFadeEffectDelay</include>
					<onright>202</onright>
					<include>TVNextAiredPanelLayout</include>
				</control>
				<control type="panel" id="203">
					<visible allowhiddenfocus="true">[Control.HasFocus(9000) + Container(9000).HasFocus(4)] | Control.HasFocus(203) | [Container(9000).HasFocus(4) + Control.HasFocus(60)]</visible>
					<include>VisibleFadeEffectDelay</include>
					<onright>203</onright>
					<include>TVNextAiredPanelLayout</include>
				</control>
				<control type="panel" id="204">
					<visible allowhiddenfocus="true">[Control.HasFocus(9000) + Container(9000).HasFocus(5)] | Control.HasFocus(204) | [Container(9000).HasFocus(5) + Control.HasFocus(60)]</visible>
					<include>VisibleFadeEffectDelay</include>
					<onright>204</onright>
					<include>TVNextAiredPanelLayout</include>
				</control>
				<control type="panel" id="205">
					<visible allowhiddenfocus="true">[Control.HasFocus(9000) + Container(9000).HasFocus(6)] | Control.HasFocus(205) | [Container(9000).HasFocus(6) + Control.HasFocus(60)]</visible>
					<include>VisibleFadeEffectDelay</include>
					<onright>205</onright>
					<include>TVNextAiredPanelLayout</include>
				</control>
				<control type="panel" id="206">
					<visible allowhiddenfocus="true">[Control.HasFocus(9000) + Container(9000).HasFocus(7)] | Control.HasFocus(206) | [Container(9000).HasFocus(7) + Control.HasFocus(60)]</visible>
					<include>VisibleFadeEffectDelay</include>
					<onright>206</onright>
					<include>TVNextAiredPanelLayout</include>
				</control>
				<control type="panel" id="207">
					<visible allowhiddenfocus="true">[Control.HasFocus(9000) + Container(9000).HasFocus(8)] | Control.HasFocus(207) | [Container(9000).HasFocus(8) + Control.HasFocus(60)]</visible>
					<include>VisibleFadeEffectDelay</include>
					<onright>207</onright>
					<include>TVNextAiredPanelLayout</include>
				</control>
				<control type="panel" id="208">
					<visible allowhiddenfocus="true">[Control.HasFocus(9000) + Container(9000).HasFocus(9)] | Control.HasFocus(208) | [Container(9000).HasFocus(9) + Control.HasFocus(60)]</visible>
					<include>VisibleFadeEffectDelay</include>
					<onright>208</onright>
					<include>TVNextAiredPanelLayout</include>
				</control>
				<control type="panel" id="209">
					<visible allowhiddenfocus="true">[Control.HasFocus(9000) + Container(9000).HasFocus(10)] | Control.HasFocus(209) | [Container(9000).HasFocus(10) + Control.HasFocus(60)]</visible>
					<include>VisibleFadeEffectDelay</include>
					<onright>209</onright>
					<include>TVNextAiredPanelLayout</include>
				</control>
				<control type="panel" id="210">
					<visible allowhiddenfocus="true">[Control.HasFocus(9000) + Container(9000).HasFocus(11)] | Control.HasFocus(210) | [Container(9000).HasFocus(11) + Control.HasFocus(60)]</visible>
					<include>VisibleFadeEffectDelay</include>
					<onright>210</onright>
					<include>TVNextAiredPanelLayout</include>
				</control>
				<control type="panel" id="211">
					<visible allowhiddenfocus="true">[Control.HasFocus(9000) + Container(9000).HasFocus(12)] | Control.HasFocus(211) | [Container(9000).HasFocus(12) + Control.HasFocus(60)]</visible>
					<include>VisibleFadeEffectDelay</include>
					<onright>211</onright>
					<include>TVNextAiredPanelLayout</include>
				</control>
				<control type="panel" id="212">
					<visible allowhiddenfocus="true">[Control.HasFocus(9000) + Container(9000).HasFocus(13)] | Control.HasFocus(212) | [Container(9000).HasFocus(13) + Control.HasFocus(60)]</visible>
					<include>VisibleFadeEffectDelay</include>
					<onright>212</onright>
					<include>TVNextAiredPanelLayout</include>
				</control>
				<control type="panel" id="213">
					<visible allowhiddenfocus="true">[Control.HasFocus(9000) + Container(9000).HasFocus(14)] | Control.HasFocus(213) | [Container(9000).HasFocus(14) + Control.HasFocus(60)]</visible>
					<include>VisibleFadeEffectDelay</include>
					<onright>213</onright>
					<include>TVNextAiredPanelLayout</include>
				</control>
				<control type="panel" id="214">
					<visible allowhiddenfocus="true">[Control.HasFocus(9000) + Container(9000).HasFocus(15)] | Control.HasFocus(214) | [Container(9000).HasFocus(15) + Control.HasFocus(60)]</visible>
					<include>VisibleFadeEffectDelay</include>
					<onright>214</onright>
					<include>TVNextAiredPanelLayout</include>
				</control>
				<control type="panel" id="215">
					<visible allowhiddenfocus="true">[Control.HasFocus(9000) + Container(9000).HasFocus(16)] | Control.HasFocus(215) | [Container(9000).HasFocus(16) + Control.HasFocus(60)]</visible>
					<include>VisibleFadeEffectDelay</include>
					<onright>215</onright>
					<include>TVNextAiredPanelLayout</include>
				</control>
			</control>
		</control>

		<control type="group">
			<control type="grouplist" id="8000">
				<posx>105</posx>
				<posy>930</posy>
				<width>322</width>
				<height>100</height>
				<onright>9000</onright>
				<onup>9000</onup>
				<onleft>9000</onleft>
				<ondown>8000</ondown>
				<onback>9000</onback>
				<scrolltime>200</scrolltime>
				<orientation>vertical</orientation>
				<control type="button" id="8">
					<description>Settings</description>
		            <height>54</height>
		            <width>322</width>
		            <font>font16</font>
		            <textoffsetx>10</textoffsetx>
		            <disabledcolor>Grey</disabledcolor>
		            <texturenofocus border="3">buttons/ButtonNF.png</texturenofocus>
					<label>$LOCALIZE[5]</label>
				</control>
			</control>


		</control>


	</controls>
</window>