<?xml version="1.0" encoding="UTF-8"?>
<window>
	<defaultcontrol always="true">110</defaultcontrol>
	<zorder>0</zorder>
	<include>OpenClose</include>
	<controls>
		<control type="group">
			<visible>!Skin.HasSetting(Enable.VideoLyrics)</visible>
			<animation effect="fade" start="100" end="0" time="200" condition="!String.IsEmpty(Window(Home).Property(culrc.hidedialog))">Conditional</animation>
			<animation effect="slide" start="0,0" end="0,-120" time="0" condition="Skin.HasSetting(enable.bottomseekbar) + [[Player.ShowInfo + !Skin.HasSetting(UseUltraCompactOSD)] | [Window.IsVisible(MusicOSD) + !Skin.HasSetting(UseCompactOSD)]]">Conditional</animation>
			<top>130</top>
			<left>300</left>
			<control type="image">
			    <posx>0</posx>
			    <posy>0</posy>
			    <width>1320</width>
			    <height>760</height>
			    <texture flipx="true">dialogs/FileManagerPanel.png</texture>
			    <colordiffuse>dfcebe9e</colordiffuse>
		    </control>
			<control type="label">
				<top>10</top>
				<left>30</left>
				<width>200</width>
				<height>60</height>
				<font>font24_title</font>
				<label>CU LRC Lyrics</label>
				<align>left</align>
				<aligny>center</aligny>
				<textcolor>$VAR[HighlightColor]</textcolor>
			</control>
			<control type="label">
			    <left>30</left>
			    <top>10</top>
			    <width>1280</width>
			    <height>60</height>
			    <font>font30_title</font>
			    <label>$INFO[MusicPlayer.Artist,, - ]$INFO[MusicPlayer.Title]</label>
			    <align>center</align>
			    <aligny>center</aligny>
				<textcolor>$VAR[HighlightColor]</textcolor>
		    </control>
			<control type="label">
				<description>Scraper label</description>
				<left>30</left>
				<top>670</top>
				<width>1260</width>
				<height>30</height>
				<label>$LOCALIZE[21870]: $INFO[Control.GetLabel(200)]</label>
				<font>font12</font>
				<align>right</align>
				<aligny>center</aligny>
				<shadowcolor>black</shadowcolor>
			</control>
		</control>

		<control type="group">
			<control type="list" id="110">
				<animation effect="slide" start="0,0" end="0,130" time="0" condition="!Skin.HasSetting(enable.bottomseekbar)">Conditional</animation>
<!--				<animation effect="slide" start="0,0" end="0,130" time="0" condition="!Skin.HasSetting(enable.bottomseekbar) + !Window.IsVisible(MusicOSD)">Conditional</animation>
			    <animation effect="slide" start="0,0" end="0,140" time="0" condition="!Skin.HasSetting(enable.bottomseekbar) + Window.IsVisible(MusicOSD) + Skin.HasSetting(UseCompactOSD) + !Player.ShowInfo">Conditional</animation>
				<animation effect="slide" start="0,0" end="0,130" time="0" condition="!Skin.HasSetting(enable.bottomseekbar) + Window.IsVisible(MusicOSD) + Player.ShowInfo">Conditional</animation> -->
				<animation effect="slide" start="0,0" end="0,120" time="0" condition="Skin.HasSetting(enable.bottomseekbar) + ![[Window.IsVisible(MusicOSD) + !Skin.HasSetting(UseCompactOSD)] | [Player.ShowInfo + !Skin.HasSetting(UseUltraCompactOSD)]]">Conditional</animation>
				<posx>30</posx>
				<posy>100</posy>
				<width>1860</width>
				<height>600</height>
				<onleft>dialog.close(all,true)</onleft>
				<onright>dialog.close(all,true)</onright>
				<onup>110</onup>
				<ondown>110</ondown>
				<scrolltime>200</scrolltime>
				<itemlayout height="60">
					<include condition="!Skin.HasSetting(Enable.VideoLyrics)">NormalLyrics</include>
				</itemlayout>
				<focusedlayout height="60">
					<include condition="!Skin.HasSetting(Enable.VideoLyrics)" content="NormalLyrics">
						<param name="textcolor">$VAR[HighlightColor]</param>
					</include>
				</focusedlayout>
			</control>
			<control type="label" id="200">
				<visible>false</visible>
			</control>
		</control>

		<include condition="Skin.HasSetting(Enable.VideoLyrics)">VideoLyrics</include>

	</controls>
</window>