<?xml version="1.0" encoding="UTF-8"?>
<includes>
	<include name="View_501_TallList">
		<param name="ListType">list</param>
		<definition>
			<control type="group">

				<include content="PVRBackground">
				    <param name="viewid">501</param>
				</include>

				<include condition="$EXP[TallListPanelIsSwapped]" content="PVRBackground">
				    <param name="viewid">1501</param>
				</include>

				<include content="BackgroundOverlay">
					<param name="parentid" value="501"/>
					<param name="overlaytop" value="60"/>
					<param name="overlayheight" value="1860"/>
				</include>
				<visible>Control.IsVisible(501)</visible>
				<include>ContentFade</include>

				<control type="$PARAM[ListType]" id="501">
					<viewtype label="$LOCALIZE[32060]">list</viewtype>
					<posx>540</posx>
					<posy>105</posy>
					<include condition="!Skin.HasSetting(Enable.TouchSupport)">TallListHeightStandard</include>
				    <include condition="Skin.HasSetting(Enable.TouchSupport)">TallListHeightTouch</include>
					<width>1340</width>
					<pagecontrol>6501</pagecontrol>
					<onleft condition="!Skin.HasSetting(KioskMode.Enabled)">9000</onleft>
					<onleft condition="!Skin.HasSetting(KioskMode.Enabled)">SetProperty(MediaMenu,true,Home)</onleft>
					<onleft condition="Skin.HasSetting(KioskMode.Enabled)">noop</onleft>

					<oninfo condition="System.AddonIsEnabled(script.extendedinfo) + Skin.HasSetting(AutoExtendedInfo) + String.IsEqual(ListItem.DBType,movie)">RunScript(script.extendedinfo,info=extendedinfo,dbid=$INFO[ListItem.DBID],id=$INFO[ListItem.UniqueID(tmdb)],imdb_id=$INFO[ListItem.IMDBNumber],name=$INFO[Listitem.Title])</oninfo>
				    <oninfo condition="System.AddonIsEnabled(script.extendedinfo) + Skin.HasSetting(AutoExtendedInfo) + String.IsEqual(ListItem.DBType,tvshow)">RunScript(script.extendedinfo,info=extendedtvinfo,dbid=$INFO[ListItem.DBID],id=$INFO[ListItem.UniqueID(tmdb)],tvdb_id=$INFO[ListItem.UniqueID(tvdb)],name=$INFO[Listitem.Title])</oninfo>
				    <oninfo condition="System.AddonIsEnabled(script.extendedinfo) + Skin.HasSetting(AutoExtendedInfo) + String.IsEqual(ListItem.DBType,season)">RunScript(script.extendedinfo,info=seasoninfo,tvshow=$INFO[Listitem.TVShowTitle],season=$INFO[ListItem.Season])</oninfo>
				    <oninfo condition="System.AddonIsEnabled(script.extendedinfo) + Skin.HasSetting(AutoExtendedInfo) + String.IsEqual(ListItem.DBType,episode)">RunScript(script.extendedinfo,info=extendedepisodeinfo,tvshow=$INFO[Listitem.TVShowTitle],season=$INFO[ListItem.Season],episode=$INFO[ListItem.Episode])</oninfo>

					<oninfo condition="ListItem.IsCollection + !String.Contains(System.BuildVersion,19)">ActivateWindow(1127)</oninfo>
					<onright condition="!Control.IsVisible(615) | [Control.IsVisible(615) + Control.IsVisible(6501)]">6501</onright>
					<onright condition="Control.IsVisible(615)">615</onright>
					<onup>501</onup>
					<ondown>501</ondown>
					<preloaditems>4</preloaditems>
					<include condition="Skin.HasSetting(ListCenterFocus)">ListCenterFocusParams</include>
					<visible>[$EXP[Exp_View_501] + Skin.HasSetting(Enable.NewViewSelector)] | [!Skin.HasSetting(hide.talllistview) + !Skin.HasSetting(Enable.NewViewSelector)]</visible>
					<include condition="!Skin.HasSetting(Show.MoreItems.List)" content="TallList_Layout">
						<param name="id">501</param>
						<param name="ListLabelFont">font16</param>
						<param name="ListLabel2Font">ListDetails</param>
						<param name="itemheight">72</param>
						<param name="BGposy">15</param>
					</include>
					<include condition="Skin.HasSetting(Show.MoreItems.List)" content="TallList_Layout">
						<param name="id">501</param>
						<param name="ListLabelFont">ListDetails</param>
						<param name="ListLabel2Font">ListDetails</param>
						<param name="itemheight">52</param>
						<param name="BGposy">5</param>
					</include>
				</control>

				<control type="scrollbar" id="6501">
					<animation effect="slide" start="0,0" end="-8,0" time="150">Focus</animation>
					<animation effect="slide" start="-8,0" end="0,0" time="300">UnFocus</animation>
					<posx>20r</posx>
					<posy>105</posy>
					<width>36</width>
					<height>949</height>
					<texturesliderbackground></texturesliderbackground>
					<texturesliderbar></texturesliderbar>
					<texturesliderbarfocus></texturesliderbarfocus>
					<textureslidernib border="18">OSD/ScrollbarNibNF.png</textureslidernib>
					<textureslidernibfocus border="18" colordiffuse="$VAR[HighlightColor]">OSD/ScrollbarNibFO.png</textureslidernibfocus>
					<showonepage>false</showonepage>
					<orientation>vertical</orientation>
					<onleft>501</onleft>
					<onright>501</onright>
					<visible>!Skin.HasSetting(Show.JumpToLetter) | ![String.IsEqual(Container.SortMethod,$LOCALIZE[551]) | String.IsEqual(Container.SortMethod,$LOCALIZE[556]) | String.IsEqual(Container.SortMethod,$LOCALIZE[561]) | String.IsEqual(Container.SortMethod,$LOCALIZE[558]) | String.IsEqual(Container.SortMethod,$LOCALIZE[557])]</visible>
				</control>

				<control type="button" id="6501">
					<visible>Control.IsVisible(501)</visible>
					<visible>Skin.HasSetting(Show.JumpToLetter) + !Skin.HasSetting(Show.EHJumpToLetter) + [String.IsEqual(Container.SortMethod,$LOCALIZE[551]) | String.IsEqual(Container.SortMethod,$LOCALIZE[556]) | String.IsEqual(Container.SortMethod,$LOCALIZE[561]) | String.IsEqual(Container.SortMethod,$LOCALIZE[558]) | String.IsEqual(Container.SortMethod,$LOCALIZE[557])]</visible>
					<font />
					<texturefocus />
					<texturenofocus />
					<width>40</width>
					<onleft>501</onleft>
					<posx>50r</posx>
					<posy>105</posy>
					<height>949</height>
					<ondown>SetFocus(501)</ondown>
					<ondown>Action(nextletter)</ondown>
					<ondown condition="!Container.HasNext | String.IsEqual(ListItem.SortLetter,Z)">Action(jumpsms2)</ondown>
					<ondown condition="!Container.HasNext | String.IsEqual(ListItem.SortLetter,Z)">Action(prevletter)</ondown>
					<ondown condition="!Container.HasNext | String.IsEqual(ListItem.SortLetter,Z)">Action(prevletter)</ondown>
					<ondown condition="!Container.HasNext | String.IsEqual(ListItem.SortLetter,Z)">Action(prevletter)</ondown>
					<ondown>SetFocus(6501)</ondown>
					<onup>SetFocus(501)</onup>
					<onup>Action(prevletter)</onup>
					<onup condition="!Container.HasPrevious | $EXP[Exp_SortLetterIsNumber]">Action(jumpsms9)</onup>
					<onup condition="!Container.HasPrevious | $EXP[Exp_SortLetterIsNumber]">Action(nextletter)</onup>
					<onup condition="!Container.HasPrevious | $EXP[Exp_SortLetterIsNumber]">Action(nextletter)</onup>
					<onup condition="!Container.HasPrevious | $EXP[Exp_SortLetterIsNumber]">Action(nextletter)</onup>
					<onup>SetFocus(6501)</onup>
				</control>

				<control type="grouplist" id="65011">
					<posx>36r</posx>
					<posy>105</posy>
					<height>949</height>
					<width>42</width>
					<itemgap>0</itemgap>
					<orientation>vertical</orientation>
					<animation effect="fade" start="100" end="0" time="400" condition="!Control.HasFocus(6501) + !Container.Scrolling">Conditional</animation>
					<include>AlphabetNumber</include>
					<include content="AlphabetLetter"><param name="label" value="A" /></include>
					<include content="AlphabetLetter"><param name="label" value="B" /></include>
					<include content="AlphabetLetter"><param name="label" value="C" /></include>
					<include content="AlphabetLetter"><param name="label" value="D" /></include>
					<include content="AlphabetLetter"><param name="label" value="E" /></include>
					<include content="AlphabetLetter"><param name="label" value="F" /></include>
					<include content="AlphabetLetter"><param name="label" value="G" /></include>
					<include content="AlphabetLetter"><param name="label" value="H" /></include>
					<include content="AlphabetLetter"><param name="label" value="I" /></include>
					<include content="AlphabetLetter"><param name="label" value="J" /></include>
					<include content="AlphabetLetter"><param name="label" value="K" /></include>
					<include content="AlphabetLetter"><param name="label" value="L" /></include>
					<include content="AlphabetLetter"><param name="label" value="M" /></include>
					<include content="AlphabetLetter"><param name="label" value="N" /></include>
					<include content="AlphabetLetter"><param name="label" value="O" /></include>
					<include content="AlphabetLetter"><param name="label" value="P" /></include>
					<include content="AlphabetLetter"><param name="label" value="Q" /></include>
					<include content="AlphabetLetter"><param name="label" value="R" /></include>
					<include content="AlphabetLetter"><param name="label" value="S" /></include>
					<include content="AlphabetLetter"><param name="label" value="T" /></include>
					<include content="AlphabetLetter"><param name="label" value="U" /></include>
					<animation effect="fade" start="100" end="0" condition="[String.IsEqual(ListItem.SortLetter,O) | String.IsEqual(ListItem.SortLetter,P) | String.IsEqual(ListItem.SortLetter,Q) | String.IsEqual(ListItem.SortLetter,R) | String.IsEqual(ListItem.SortLetter,S) | String.IsEqual(ListItem.SortLetter,T) | String.IsEqual(ListItem.SortLetter,U) | String.IsEqual(ListItem.SortLetter,V) | String.IsEqual(ListItem.SortLetter,W) | String.IsEqual(ListItem.SortLetter,X) | String.IsEqual(ListItem.SortLetter,Y) | String.IsEqual(ListItem.SortLetter,Z)]">Conditional</animation>
					<visible>Control.IsVisible(501)</visible>
					<visible>Skin.HasSetting(Show.JumpToLetter) + !Skin.HasSetting(Show.EHJumpToLetter) + [String.IsEqual(Container.SortMethod,$LOCALIZE[551]) | String.IsEqual(Container.SortMethod,$LOCALIZE[556]) | String.IsEqual(Container.SortMethod,$LOCALIZE[561]) | String.IsEqual(Container.SortMethod,$LOCALIZE[558]) | String.IsEqual(Container.SortMethod,$LOCALIZE[557])]</visible>
				</control>

				<control type="grouplist" id="65012">
					<posx>36r</posx>
					<posy>105</posy>
					<height>949</height>
					<width>42</width>
					<itemgap>0</itemgap>
					<orientation>vertical</orientation>
					<animation effect="fade" start="100" end="0" time="400" condition="!Control.HasFocus(6501) + !Container.Scrolling">Conditional</animation>
					<include content="AlphabetLetter"><param name="label" value="E" /></include>
					<include content="AlphabetLetter"><param name="label" value="F" /></include>
					<include content="AlphabetLetter"><param name="label" value="G" /></include>
					<include content="AlphabetLetter"><param name="label" value="H" /></include>
					<include content="AlphabetLetter"><param name="label" value="I" /></include>
					<include content="AlphabetLetter"><param name="label" value="J" /></include>
					<include content="AlphabetLetter"><param name="label" value="K" /></include>
					<include content="AlphabetLetter"><param name="label" value="L" /></include>
					<include content="AlphabetLetter"><param name="label" value="M" /></include>
					<include content="AlphabetLetter"><param name="label" value="N" /></include>
					<include content="AlphabetLetter"><param name="label" value="O" /></include>
					<include content="AlphabetLetter"><param name="label" value="P" /></include>
					<include content="AlphabetLetter"><param name="label" value="Q" /></include>
					<include content="AlphabetLetter"><param name="label" value="R" /></include>
					<include content="AlphabetLetter"><param name="label" value="S" /></include>
					<include content="AlphabetLetter"><param name="label" value="T" /></include>
					<include content="AlphabetLetter"><param name="label" value="U" /></include>
					<include content="AlphabetLetter"><param name="label" value="V" /></include>
					<include content="AlphabetLetter"><param name="label" value="W" /></include>
					<include content="AlphabetLetter"><param name="label" value="X" /></include>
					<include content="AlphabetLetter"><param name="label" value="Y" /></include>
					<include content="AlphabetLetter"><param name="label" value="Z" /></include>
					<animation effect="fade" start="100" end="0" condition="![String.IsEqual(ListItem.SortLetter,O) | String.IsEqual(ListItem.SortLetter,P) | String.IsEqual(ListItem.SortLetter,Q) | String.IsEqual(ListItem.SortLetter,R) | String.IsEqual(ListItem.SortLetter,S) | String.IsEqual(ListItem.SortLetter,T) | String.IsEqual(ListItem.SortLetter,U) | String.IsEqual(ListItem.SortLetter,V) | String.IsEqual(ListItem.SortLetter,W) | String.IsEqual(ListItem.SortLetter,X) | String.IsEqual(ListItem.SortLetter,Y) | String.IsEqual(ListItem.SortLetter,Z)]">Conditional</animation>
					<visible>Control.IsVisible(501)</visible>
					<visible>Skin.HasSetting(Show.JumpToLetter) + !Skin.HasSetting(Show.EHJumpToLetter) + [String.IsEqual(Container.SortMethod,$LOCALIZE[551]) | String.IsEqual(Container.SortMethod,$LOCALIZE[556]) | String.IsEqual(Container.SortMethod,$LOCALIZE[561]) | String.IsEqual(Container.SortMethod,$LOCALIZE[558]) | String.IsEqual(Container.SortMethod,$LOCALIZE[557])]</visible>
				</control>

				<include content="PanelTemplateTall">
					<param name="top">118</param>
					<param name="left">605</param>
					<param name="height">670</param>
					<param name="width">590</param>
					<param name="plotgrouptop">150</param>
					<param name="footertop">845</param>
					<param name="flagstop">1005</param>
					<param name="heading">$VAR[panelheading]</param>
					<param name="subheading">$VAR[panelsubheading]</param>
					<param name="plot">$VAR[Plots]</param>
					<param name="footer">$VAR[panelfooter]</param>
					<param name="footer2">$VAR[panelfooter2]</param>
					<param name="visibility">[Window.IsActive(MyPVRRecordings.xml) | Window.IsActive(MyPVRTimers.xml)]  + !$EXP[TallListPanelIsSwapped]</param>
				</include>

				<include content="PanelTemplateTall">
					<param name="top">270</param>
					<param name="left">605</param>
					<param name="height">353</param>
					<param name="width">590</param>
					<param name="plotgrouptop">60</param>
					<param name="heading">$VAR[panelheading]</param>
					<param name="subheading">$VAR[panelsubheading]</param>
					<param name="plot">$VAR[Plots]</param>
					<param name="footer">$VAR[panelfooter]</param>
					<param name="visibility">!$EXP[TallListPanelIsDisabled] + !$EXP[TallListPanelIsSwapped] + Container.content(addons)</param>
				</include>

				<include content="PanelTemplateTall">
					<param name="top">258</param>
					<param name="left">605</param>
					<param name="height">293</param>
					<param name="width">590</param>
					<param name="plotgrouptop">160</param>
					<param name="plotheight">276</param>
					<param name="footertop">485</param>
					<param name="flagstop">989</param>
					<param name="heading">$VAR[panelheading]</param>
					<param name="subheading">$VAR[panelsubheading]</param>
					<param name="subheading2">$VAR[panelsubheading2]</param>
					<param name="subheading2_visible">[Skin.HasSetting(ShowAudioSub) + ![String.IsEmpty(ListItem.Property(AudioLanguage.1)) + String.IsEmpty(ListItem.Property(SubtitleLanguage.1))]]</param>
					<param name="plot">$VAR[Plots]</param>
					<param name="footer">$VAR[panelfooter]</param>
					<param name="footer2">$VAR[panelfooter2]</param>
					<param name="visibility">!$EXP[TallListPanelIsDisabled] + !$EXP[TallListPanelIsSwapped] + Container.Content(episodes)</param>
				</include>

				<include content="PanelTemplateTall">
					<param name="top">118</param>
					<param name="left">605</param>
					<param name="height">680</param>
					<param name="width">590</param>
					<param name="plotgrouptop">160</param>
					<param name="footertop">845</param>
					<param name="flagstop">1005</param>
					<param name="heading">$VAR[panelheading]</param>
					<param name="subheading">$VAR[panelsubheading]</param>
					<param name="subheading2">$VAR[panelsubheading2]</param>
					<param name="subheading2_visible">[Container.content(movies)] + [Skin.HasSetting(ShowAudioSub) + ![String.IsEmpty(ListItem.Property(AudioLanguage.1)) + String.IsEmpty(ListItem.Property(SubtitleLanguage.1))]]</param>
					<param name="plot">$VAR[Plots]</param>
					<param name="footer">$VAR[panelfooter]</param>
					<param name="footer2">$VAR[panelfooter2]</param>
					<param name="visibility">![Window.IsActive(MyPVRRecordings.xml) | Window.IsActive(MyPVRTimers.xml)] + !$EXP[TallListPanelIsDisabled] + !$EXP[TallListPanelIsSwapped] + Control.IsVisible(501) + [[[Container.Content(files) | Container.Content()] + !String.IsEmpty(ListItem.Plot)] | [Container.Content(videos) | Container.Content(games) | Container.content(movies) | Container.Content(musicvideos)]]</param>
				</include>

				<include content="PanelTemplateTall">
					<param name="top">118</param>
					<param name="left">605</param>
					<param name="height">645</param>
					<param name="width">590</param>
					<param name="plotgrouptop">150</param>
					<param name="footertop">845</param>
					<param name="flagstop">1005</param>
					<param name="heading">$VAR[panelheading]</param>
					<param name="subheading">$VAR[panelsubheading]</param>
					<param name="plot">$VAR[Plots]</param>
					<param name="footer">$VAR[panelfooter]</param>
					<param name="visibility">!$EXP[TallListPanelIsDisabled] + !$EXP[TallListPanelIsSwapped] + Container.Content(images)</param>
				</include>

				<include content="PanelTemplateTall">
					<param name="top">118</param>
					<param name="left">605</param>
					<param name="height">635</param>
					<param name="width">590</param>
					<param name="heading">$VAR[panelheading]</param>
					<param name="subheading">$VAR[panelsubheading]</param>
					<param name="subheading2">$VAR[panelsubheading2]</param>
					<param name="plotgrouptop">150</param>
					<param name="footer2top">815</param>
					<param name="subheading2_visible">!String.IsEmpty(Window(Home).Property(TMDbHelper.ListItem.Next_Aired))</param>
					<param name="plot">$VAR[Plots]</param>
					<param name="footer">$VAR[panelfooter]</param>
					<param name="visibility">!$EXP[TallListPanelIsDisabled] + !$EXP[TallListPanelIsSwapped] + [Container.content(tvshows) | Container.Content(seasons)]</param>
				</include>
				<include content="PanelTemplateTall">
					<param name="top">118</param>
					<param name="left">605</param>
					<param name="height">680</param>
					<param name="width">590</param>
					<param name="plotgrouptop">150</param>
					<param name="footertop">845</param>
					<param name="heading">$VAR[panelheading]</param>
					<param name="subheading">$VAR[panelsubheading]</param>
					<param name="footer">$VAR[panelfooter]</param>
					<param name="footer2">$VAR[panelfooter2]</param>
					<param name="visibility">!$EXP[TallListPanelIsDisabled] + !$EXP[TallListPanelIsSwapped] + Container.content(sets)</param>
				</include>
				<include content="PanelTemplateTall">
					<param name="top">118</param>
					<param name="left">605</param>
					<param name="height">630</param>
					<param name="subinfoheight">685</param>
					<param name="width">590</param>
					<param name="plotgrouptop">150</param>
					<param name="footertop">845</param>
					<param name="footer2top">850</param>
					<param name="heading">$VAR[panelheading]</param>
					<param name="subheading">$VAR[panelsubheading]</param>
					<param name="plot">$VAR[Plots]</param>
					<param name="footer">$VAR[panelfooter]</param>
					<param name="visibility">!String.IsEqual(Skin.Font,Default no caps) + !$EXP[TallListPanelIsDisabled] + !$EXP[TallListPanelIsSwapped] + [Container.content(artists) | Container.content(albums)]</param>
				</include>
				<include content="PanelTemplateTall">
					<param name="top">118</param>
					<param name="left">605</param>
					<param name="height">675</param>
					<param name="subinfoheight">685</param>
					<param name="width">590</param>
					<param name="plotgrouptop">150</param>
					<param name="footertop">845</param>
					<param name="footer2top">850</param>
					<param name="heading">$VAR[panelheading]</param>
					<param name="subheading">$VAR[panelsubheading]</param>
					<param name="plot">$VAR[Plots]</param>
					<param name="footer">$VAR[panelfooter]</param>
					<param name="visibility">String.IsEqual(Skin.Font,Default no caps) + !$EXP[TallListPanelIsDisabled] + !$EXP[TallListPanelIsSwapped] + [Container.content(artists) | Container.content(albums)]</param>
				</include>

				<include content="PanelTemplateTall">
					<param name="viewid">1501</param>
					<param name="top">118</param>
					<param name="left">1290</param>
					<param name="height">670</param>
					<param name="width">590</param>
					<param name="plotgrouptop">150</param>
					<param name="footertop">845</param>
					<param name="flagstop">1005</param>
					<param name="heading">$VAR[panelheading]</param>
					<param name="subheading">$VAR[panelsubheading]</param>
					<param name="plot">$VAR[Plots]</param>
					<param name="footer">$VAR[panelfooter]</param>
					<param name="footer2">$VAR[panelfooter2]</param>
					<param name="visibility">[Window.IsActive(MyPVRRecordings.xml) | Window.IsActive(MyPVRTimers.xml)] + $EXP[TallListPanelIsSwapped]</param>
				</include>

				<include content="PanelTemplateTall">
					<param name="viewid">1501</param>
					<param name="top">270</param>
					<param name="left">1290</param>
					<param name="height">353</param>
					<param name="width">590</param>
					<param name="plotgrouptop">60</param>
					<param name="heading">$VAR[panelheading]</param>
					<param name="subheading">$VAR[panelsubheading]</param>
					<param name="plot">$VAR[Plots]</param>
					<param name="footer">$VAR[panelfooter]</param>
					<param name="visibility">!$EXP[TallListPanelIsDisabled] + $EXP[TallListPanelIsSwapped] + Container.content(addons)</param>
				</include>

				<include content="PanelTemplateTall">
					<param name="viewid">1501</param>
					<param name="top">258</param>
					<param name="left">1290</param>
					<param name="height">293</param>
					<param name="width">590</param>
					<param name="plotgrouptop">160</param>
					<param name="plotheight">276</param>
					<param name="footertop">485</param>
					<param name="flagstop">989</param>
					<param name="heading">$VAR[panelheading]</param>
					<param name="subheading">$VAR[panelsubheading]</param>
					<param name="subheading2">$VAR[panelsubheading2]</param>
					<param name="subheading2_visible">[Skin.HasSetting(ShowAudioSub) + ![String.IsEmpty(ListItem.Property(AudioLanguage.1)) + String.IsEmpty(ListItem.Property(SubtitleLanguage.1))]]</param>
					<param name="plot">$VAR[Plots]</param>
					<param name="footer">$VAR[panelfooter]</param>
					<param name="footer2">$VAR[panelfooter2]</param>
					<param name="visibility">!$EXP[TallListPanelIsDisabled] + $EXP[TallListPanelIsSwapped] + Container.Content(episodes)</param>
				</include>

				<include content="PanelTemplateTall">
					<param name="viewid">1501</param>
					<param name="top">118</param>
					<param name="left">1290</param>
					<param name="height">680</param>
					<param name="width">590</param>
					<param name="plotgrouptop">160</param>
					<param name="footertop">845</param>
					<param name="flagstop">1005</param>
					<param name="heading">$VAR[panelheading]</param>
					<param name="subheading">$VAR[panelsubheading]</param>
					<param name="subheading2">$VAR[panelsubheading2]</param>
					<param name="subheading2_visible">[Container.content(movies)] + [Skin.HasSetting(ShowAudioSub) + ![String.IsEmpty(ListItem.Property(AudioLanguage.1)) + String.IsEmpty(ListItem.Property(SubtitleLanguage.1))]]</param>
					<param name="plot">$VAR[Plots]</param>
					<param name="footer">$VAR[panelfooter]</param>
					<param name="footer2">$VAR[panelfooter2]</param>
					<param name="visibility">![Window.IsActive(MyPVRRecordings.xml) | Window.IsActive(MyPVRTimers.xml)] + !$EXP[TallListPanelIsDisabled] + $EXP[TallListPanelIsSwapped] + Control.IsVisible(501) + [[[Container.Content(files) | Container.Content()] + !String.IsEmpty(ListItem.Plot)] | [Container.Content(videos) | Container.Content(games) | Container.content(movies) | Container.Content(musicvideos)]]</param>
				</include>

				<include content="PanelTemplateTall">
					<param name="viewid">1501</param>
					<param name="top">118</param>
					<param name="left">1290</param>
					<param name="height">645</param>
					<param name="width">590</param>
					<param name="plotgrouptop">150</param>
					<param name="footertop">845</param>
					<param name="flagstop">1005</param>
					<param name="heading">$VAR[panelheading]</param>
					<param name="subheading">$VAR[panelsubheading]</param>
					<param name="plot">$VAR[Plots]</param>
					<param name="footer">$VAR[panelfooter]</param>
					<param name="visibility">!$EXP[TallListPanelIsDisabled] + $EXP[TallListPanelIsSwapped] + Container.Content(images)</param>
				</include>

				<include content="PanelTemplateTall">
					<param name="viewid">1501</param>
					<param name="top">118</param>
					<param name="left">1290</param>
					<param name="height">635</param>
					<param name="width">590</param>
					<param name="heading">$VAR[panelheading]</param>
					<param name="subheading">$VAR[panelsubheading]</param>
					<param name="subheading2">$VAR[panelsubheading2]</param>
					<param name="plotgrouptop">150</param>
					<param name="footertop">815</param>
					<param name="subheading2_visible">!String.IsEmpty(Window(Home).Property(TMDbHelper.ListItem.Next_Aired))</param>
					<param name="plot">$VAR[Plots]</param>
					<param name="footer">$VAR[panelfooter]</param>
					<param name="visibility">!$EXP[TallListPanelIsDisabled] + $EXP[TallListPanelIsSwapped] + [Container.content(tvshows) | Container.Content(seasons)]</param>
				</include>
				<include content="PanelTemplateTall">
					<param name="viewid">1501</param>
					<param name="top">118</param>
					<param name="left">1290</param>
					<param name="height">410</param>
					<param name="width">590</param>
					<param name="plotgrouptop">150</param>
					<param name="footertop">845</param>
					<param name="heading">$VAR[panelheading]</param>
					<param name="subheading">$VAR[panelsubheading]</param>
					<param name="footer">$VAR[panelfooter]</param>
					<param name="footer2">$VAR[panelfooter2]</param>
					<param name="visibility">!$EXP[TallListPanelIsDisabled] + $EXP[TallListPanelIsSwapped] + Container.content(sets)</param>
				</include>
				<include content="PanelTemplateTall">
					<param name="viewid">1501</param>
					<param name="top">118</param>
					<param name="left">1290</param>
					<param name="height">630</param>
					<param name="subinfoheight">685</param>
					<param name="width">590</param>
					<param name="plotgrouptop">150</param>
					<param name="footertop">845</param>
					<param name="footer2top">845</param>
					<param name="heading">$VAR[panelheading]</param>
					<param name="subheading">$VAR[panelsubheading]</param>
					<param name="plot">$VAR[Plots]</param>
					<param name="footer">$VAR[panelfooter]</param>
					<param name="visibility">!String.IsEqual(Skin.Font,Default no caps) + !$EXP[TallListPanelIsDisabled] + $EXP[TallListPanelIsSwapped] + [Container.content(artists) | Container.content(albums)]</param>
				</include>
				<include content="PanelTemplateTall">
					<param name="viewid">1501</param>
					<param name="top">118</param>
					<param name="left">1290</param>
					<param name="height">675</param>
					<param name="subinfoheight">685</param>
					<param name="width">590</param>
					<param name="plotgrouptop">150</param>
					<param name="footertop">845</param>
					<param name="footer2top">845</param>
					<param name="heading">$VAR[panelheading]</param>
					<param name="subheading">$VAR[panelsubheading]</param>
					<param name="plot">$VAR[Plots]</param>
					<param name="footer">$VAR[panelfooter]</param>
					<param name="visibility">String.IsEqual(Skin.Font,Default no caps) + !$EXP[TallListPanelIsDisabled] + $EXP[TallListPanelIsSwapped] + [Container.content(artists) | Container.content(albums)]</param>
				</include>

				<control type="group" description="501 MediaInfo">
					<posx>20</posx>
					<posy>100</posy>
					<width>560</width>
					<control type="label">
						<top>60</top>
						<height>45</height>
						<wrapmultiline>true</wrapmultiline>
						<align>center</align>
						<aligny>center</aligny>
						<label>$VAR[listmediaheader]</label>
						<textcolor>$VAR[HighlightColor]</textcolor>
					</control>

					<include content="ShadowedImage">
						<param name="width">560</param>
						<param name="height">890</param>
						<param name="texture">$INFO[Container(440501).ListItem.Icon]</param>
						<param name="visibility">!$EXP[PVRChannelPlaying] + $EXP[isPVRRecordingsGroups] + !$EXP[TallListPanelIsSwapped]</param>
					</include>
					<include content="ShadowedImage">
						<param name="left">100</param>
						<param name="width">327</param>
						<param name="height">490</param>
						<param name="texture">$INFO[Container(440501).ListItem.Icon]</param>
						<param name="visibility">$EXP[PVRChannelPlaying] + $EXP[isPVRRecordingsGroups] + !$EXP[TallListPanelIsSwapped]</param>
					</include>

					<include content="ShadowedImage">
						<param name="width">560</param>
						<param name="height">890</param>
						<param name="texture">$INFO[Container(4401501).ListItem.Icon]</param>
						<param name="visibility">!$EXP[PVRChannelPlaying] + $EXP[isPVRRecordingsGroups] + $EXP[TallListPanelIsSwapped]</param>
					</include>
					<include content="ShadowedImage">
						<param name="left">100</param>
						<param name="width">327</param>
						<param name="height">490</param>
						<param name="texture">$INFO[Container(4401501).ListItem.Icon]</param>
						<param name="visibility">$EXP[PVRChannelPlaying] + $EXP[isPVRRecordingsGroups] + $EXP[TallListPanelIsSwapped]</param>
					</include>

					<include content="ShadowedImage">
						<param name="width">560</param>
						<param name="height">890</param>
						<param name="aspect">stretch</param>
						<param name="texture">$VAR[Poster]</param>
						<param name="visibility">Container.Content(movies) | Container.Content(tvshows) | Container.Content(sets) | Container.Content(seasons)</param>
					</include>
					<include content="ShadowedImage">
						<param name="width">560</param>
						<param name="height">890</param>
						<param name="aspect">stretch</param>
						<param name="texture">$VAR[Poster]</param>
						<param name="visibility">Container.Content(episodes) + Skin.HasSetting(EpisodesUsePoster)</param>
					</include>
					<include content="ShadowedImage">
						<param name="top">260</param>
						<param name="width">560</param>
						<param name="height">315</param>
						<param name="aspect">keep</param>
						<param name="texture">$VAR[Episode]</param>
						<param name="visibility">Container.Content(episodes) + !Skin.HasSetting(EpisodesUsePoster)</param>
					</include>

					<include content="ShadowedImage">
						<param name="width">560</param>
						<param name="height">890</param>
						<param name="texture">$VAR[Square]</param>
						<param name="visibility">!$EXP[isPVRRecordingsGroups] + !$EXP[PVRChannelPlaying] + ![Container.Content(images) | Container.Content(movies) | Container.Content(tvshows) | Container.Content(sets) | Container.Content(seasons) | Container.Content(episodes)]</param>
					</include>
					<include content="ShadowedImage">
						<param name="left">100</param>
						<param name="width">327</param>
						<param name="height">490</param>
						<param name="texture">$VAR[Square]</param>
						<param name="visibility">!$EXP[isPVRRecordingsGroups] + $EXP[PVRChannelPlaying] + ![Container.Content(images) | Container.Content(movies) | Container.Content(tvshows) | Container.Content(sets) | Container.Content(seasons) | Container.Content(episodes)]</param>
					</include>

					<include content="ShadowedImage">
						<param name="width">560</param>
						<param name="height">890</param>
						<param name="texture">$VAR[Square]</param>
						<param name="visibility">Container.Content(images) + [!Skin.HasSetting(501_Images_DisablePanel) | !Skin.HasSetting(501_Images_LargeImage)]</param>
					</include>
					<include content="ShadowedImage">
						<param name="top">35</param>
						<param name="width">930</param>
						<param name="height">890</param>
						<param name="texture">$VAR[Square]</param>
						<param name="visibility">Container.Content(images) + Skin.HasSetting(501_Images_DisablePanel) + Skin.HasSetting(501_Images_LargeImage)</param>
					</include>
					<control type="label">
						<top>780</top>
						<height>45</height>
						<align>center</align>
						<label>$VAR[listmediafooter]</label>
						<textcolor>$VAR[HighlightColor]</textcolor>
					</control>

					<!-- Rating overlay -->
					<control type="group">
					    <visible>Skin.HasSetting(ShowRatingOverlays) + $EXP[canShowRatingOverlay]</visible>
					    <control type="group">
				            <visible>[String.IsEqual(ListItem.DBType,movie) | String.IsEqual(ListItem.DBType,set) | String.IsEqual(ListItem.DBType,tvshow) |
							          [String.IsEqual(ListItem.DBType,episode) + Skin.HasSetting(EpisodesUsePoster)]]</visible>
							<control type="image">
				                <texture background="true" flipx="true" colordiffuse="$VAR[HighlightColor]">overlays/toprightempty2.png</texture>
				                <top>0</top>
				                <left>0</left>
				                <height>102</height>
				                <width>102</width>
			                </control>
					        <control type="label" description="l2">
					            <left>10</left>
				                <top>10</top>
					            <height>40</height>
					            <width>40</width>
					            <font>font12_title</font>
					            <align>center</align>
					            <shadowcolor></shadowcolor>
					            <label>$VAR[ContainerRatingOverlayVar]</label>
					            <textcolor>$VAR[HighlightColor]</textcolor>
					            <colordiffuse>$VAR[HighlightColor]</colordiffuse>
				            </control>
						</control>
                        <control type="group">
				            <visible>[String.IsEqual(ListItem.DBType,episode) + !Skin.HasSetting(EpisodesUsePoster)]</visible>
							<control type="image">
				                <texture background="true" flipx="true" colordiffuse="$VAR[HighlightColor]">overlays/toprightempty2.png</texture>
				                <top>259</top>
				                <left>0</left>
				                <height>102</height>
				                <width>102</width>
			                </control>
					        <control type="label" description="l2">
					            <left>10</left>
				                <top>269</top>
					            <height>40</height>
					            <width>40</width>
					            <font>font12_title</font>
					            <align>center</align>
					            <shadowcolor></shadowcolor>
					            <label>$VAR[ContainerRatingOverlayVar]</label>
					            <textcolor>$VAR[HighlightColor]</textcolor>
					            <colordiffuse>$VAR[HighlightColor]</colordiffuse>
				            </control>
						</control>
					</control>
				</control>

				<include content="ListViewsDiscArt">
				    <param name="viewid">501</param>
					<param name="posx">50</param>
		            <param name="posy">460</param>
		            <param name="discsize">500</param>
				</include>

				<include content="ListMusicDisc">
				    <param name="viewid">501</param>
	                <param name="discsize">500</param>
		            <param name="left">50</param>
		            <param name="top">540</param>
				</include>

				<include content="MediaFlags">
					<param name="top">995</param>
					<param name="left">20</param>
					<param name="width">560</param>
					<param name="visibility">[!String.IsEqual(ListItem.DBType,episode) | [String.IsEqual(ListItem.DBType,episode) + Skin.HasSetting(EpisodesUsePoster)]] + [!Skin.HasSetting(Show.ColorRangeFlags) | ![String.Contains(Container.ListItem.Filename,hdr) | String.Contains(Container.ListItem.Filename,sdr)]] + !Skin.HasSetting(coloredflags)</param>
				</include>
				<include content="MediaFlags">
					<param name="top">995</param>
					<param name="left">20</param>
					<param name="width">560</param>
					<param name="usecontrolcoords">true</param>
					<param name="visibility">[!String.IsEqual(ListItem.DBType,episode) | [String.IsEqual(ListItem.DBType,episode) + Skin.HasSetting(EpisodesUsePoster)]] + [!Skin.HasSetting(Show.ColorRangeFlags) | ![String.Contains(Container.ListItem.Filename,hdr) | String.Contains(Container.ListItem.Filename,sdr)]] + Skin.HasSetting(coloredflags)</param>
				</include>
				<include content="MediaFlags">
					<param name="top">995</param>
					<param name="left">20</param>
					<param name="width">560</param>
					<param name="visibility">[!String.IsEqual(ListItem.DBType,episode) | [String.IsEqual(ListItem.DBType,episode) + Skin.HasSetting(EpisodesUsePoster)]] + [Skin.HasSetting(Show.ColorRangeFlags) + [String.Contains(Container.ListItem.Filename,hdr) | String.Contains(Container.ListItem.Filename,sdr)]] + !Skin.HasSetting(coloredflags)</param>
					<param name="itemwidth">66</param>
					<param name="itemheight">60</param>
					<param name="itemgap">10</param>
				</include>
				<include content="MediaFlags">
					<param name="top">995</param>
					<param name="left">20</param>
					<param name="width">560</param>
					<param name="visibility">[!String.IsEqual(ListItem.DBType,episode) | [String.IsEqual(ListItem.DBType,episode) + Skin.HasSetting(EpisodesUsePoster)]] + [Skin.HasSetting(Show.ColorRangeFlags) + [String.Contains(Container.ListItem.Filename,hdr) | String.Contains(Container.ListItem.Filename,sdr)]] + Skin.HasSetting(coloredflags)</param>
					<param name="itemwidth">66</param>
					<param name="itemheight">60</param>
					<param name="usecontrolcoords">true</param>
					<param name="itemgap">10</param>
				</include>
				<include content="MediaFlags">
					<param name="top">750</param>
					<param name="left">20</param>
					<param name="width">560</param>
					<param name="visibility">String.IsEqual(ListItem.DBType,episode) + !Skin.HasSetting(EpisodesUsePoster) + [!Skin.HasSetting(Show.ColorRangeFlags) | ![String.Contains(Container.ListItem.Filename,hdr) | String.Contains(Container.ListItem.Filename,sdr)]]</param>
				</include>
				<include content="MediaFlags">
					<param name="top">750</param>
					<param name="left">20</param>
					<param name="width">560</param>
					<param name="visibility">String.IsEqual(ListItem.DBType,episode) + !Skin.HasSetting(EpisodesUsePoster) + [Skin.HasSetting(Show.ColorRangeFlags) + [String.Contains(Container.ListItem.Filename,hdr) | String.Contains(Container.ListItem.Filename,sdr)]]</param>
					<param name="usecontrolcoords">true</param>
					<param name="itemwidth">70</param>
					<param name="itemheight">65</param>
				</include>

				<include content="PVRRecordingSpaceUsage">
				    <param name="posx">20</param>
					<param name="posy">1006</param>
					<param name="width">560</param>
				</include>

				<include content="PVRChannelProgress">
				    <param name="posx">20</param>
					<param name="posy">1006</param>
					<param name="width">560</param>
				</include>

				<control type="group">
		            <visible>$EXP[PVRChannelPlaying]</visible>
                    <left>0</left>
			        <top>640</top>
                    <control type="videowindow">
			            <width>600</width>
			            <height>338</height>
                    </control>
                </control>

				<include content="TouchButtons">
		            <param name="ButtonsTop">980</param>
			        <param name="id">501</param>
					<param name="visibility">[![$EXP[TallListPanelIsSwapped]] | $EXP[TallListPanelIsDisabled]]</param>
		        </include>

				<include content="TouchButtons">
		            <param name="ButtonsTop">980</param>
			        <param name="id">501</param>
					<param name="left">740</param>
					<param name="visibility">[$EXP[TallListPanelIsSwapped] + ![$EXP[TallListPanelIsDisabled]]]</param>
		        </include>

			</control>
		</definition>
	</include>

</includes>
