<?xml version="1.0" encoding="UTF-8"?>
<shortcuts>
	<shortcut>
		<defaultID>programaddons</defaultID>
		<label>$LOCALIZE[0]</label>
		<label2 />
		<icon>DefaultAddonProgram.png</icon>
		<thumb />
		<action>ActivateWindow(programs,addons://sources/executable/,return)</action>
	</shortcut>
	<shortcut>
		<defaultID>videoaddons</defaultID>
		<label>$LOCALIZE[157]</label>
		<label2 />
		<icon>DefaultAddonVideo.png</icon>
		<thumb />
		<action>ActivateWindow(Videos,Addons,return)</action>
	</shortcut>
	<shortcut>
		<defaultID>musicaddons</defaultID>
		<label>$LOCALIZE[2]</label>
		<label2 />
		<icon>DefaultAddonMusic.png</icon>
		<thumb />
		<action>ActivateWindow(Music,Addons,return)</action>
	</shortcut>
	<shortcut>
		<defaultID>pictureaddons</defaultID>
		<label>$LOCALIZE[1]</label>
		<label2 />
		<icon>DefaultAddonPicture.png</icon>
		<thumb />
		<action>ActivateWindow(Pictures,Addons,return)</action>
	</shortcut>
	<shortcut>
		<defaultID>gameaddons</defaultID>
		<label>$LOCALIZE[15016]</label>
		<label2 />
		<icon>DefaultAddonGame.png</icon>
		<thumb />
		<action>ActivateWindow(Games,Addons,return)</action>
	</shortcut>
	<shortcut>
		<defaultID>addonbrowser</defaultID>
		<label>$LOCALIZE[10040]</label>
		<label2 />
		<icon>DefaultAddon.png</icon>
		<thumb />
		<action>ActivateWindow(Addonbrowser,root)</action>
	</shortcut>
</shortcuts>