<?xml version="1.0" encoding="utf-8"?>
<shortcuts>
	<shortcut>
		<defaultID>addons</defaultID>
		<label>$LOCALIZE[24001]</label>
		<label2>Common Shortcut</label2>
		<icon>icons/mainmenu/addons.png</icon>
		<action>ActivateWindow(1119)</action>
	</shortcut>
	<shortcut>
		<defaultID>videos</defaultID>
		<label>$LOCALIZE[3]</label>
		<label2 />
		<icon>icons/mainmenu/videos.png</icon>
		<thumb />
		<action>ActivateWindow(videos,library://video/)</action>
	</shortcut>
	<shortcut>
		<defaultID>movies</defaultID>
		<label>$LOCALIZE[20342]</label>
		<label2 />
		<icon>icons/mainmenu/movies.png</icon>
		<thumb />
		<action>ActivateWindow(videos,videodb://movies/titles/,return)</action>
	</shortcut>
	<shortcut>
		<defaultID>tvshows</defaultID>
		<label>$LOCALIZE[20343]</label>
		<label2 />
		<icon>icons/mainmenu/tv.png</icon>
		<thumb />
		<action>ActivateWindow(videos,videodb://tvshows/titles/,return)</action>
	</shortcut>
	<shortcut>
		<defaultID>music</defaultID>
		<label>$LOCALIZE[2]</label>
		<label2 />
		<icon>icons/mainmenu/music.png</icon>
		<thumb />
		<action>ActivateWindow(Music,library://music/,return)</action>
	</shortcut>
	<shortcut>
		<defaultID>musicvideos</defaultID>
		<label>$LOCALIZE[20389]</label>
		<label2 />
		<icon>icons/mainmenu/musicvideos.png</icon>
		<thumb />
		<action>ActivateWindow(videos,videodb://musicvideos/titles/,return)</action>
	</shortcut>
	<shortcut>
		<defaultID>tv</defaultID>
		<visible>PVR.HasTVChannels</visible>
		<label>$LOCALIZE[31500]</label>
		<thumb />
		<label2 />
		<icon>icons/mainmenu/livetv.png</icon>
		<action>ActivateWindow(TVChannels)</action>
	</shortcut>
	<shortcut>
		<defaultID>radio</defaultID>
		<visible>PVR.HasRadioChannels</visible>
		<label>$LOCALIZE[31509]</label>
		<thumb />
		<label2 />
		<icon>icons/mainmenu/radio.png</icon>
		<action>ActivateWindow(RadioChannels)</action>
	</shortcut>
	<shortcut>
		<defaultID>pictures</defaultID>
		<label>$LOCALIZE[1]</label>
		<label2 />
		<icon>icons/mainmenu/pictures.png</icon>
		<thumb />
		<action>ActivateWindow(pictures,root)</action>
	</shortcut>
	<shortcut>
		<defaultID>games</defaultID>
		<label>$LOCALIZE[15016]</label>
		<label2 />
		<icon>icons/mainmenu/games.png</icon>
		<thumb />
		<action>ActivateWindow(games,root)</action>
		<visible>System.GetBool(gamesgeneral.enable)</visible>
	</shortcut>
	<shortcut>
		<defaultID>favorites</defaultID>
		<label>$LOCALIZE[1036]</label>
		<label2 />
		<icon>icons/mainmenu/favourites.png</icon>
		<thumb />
		<action>start_favourites</action>
	</shortcut>
	<shortcut>
		<defaultID>DVD</defaultID>
		<label>$LOCALIZE[427]</label>
		<icon>icons/mainmenu/disc.png</icon>
		<label2 />
		<thumb />
		<action>PlayDVD()</action>
	</shortcut>
	<shortcut>
		<defaultID>search</defaultID>
		<label>$LOCALIZE[137]</label>
		<label2 />
		<icon>icons/mainmenu/search.png</icon>
		<thumb />
		<action>start_search</action>
	</shortcut>
	<shortcut>
		<defaultID>weather</defaultID>
		<label>$LOCALIZE[8]</label>
		<label2 />
		<icon>icons/mainmenu/weather.png</icon>
		<thumb />
		<action>ActivateWindow(weather)</action>
	</shortcut>
	<shortcut>
		<defaultID>settings</defaultID>
		<label>$LOCALIZE[5]</label>
		<label2 />
		<icon>icons/mainmenu/manage.png</icon>
		<thumb />
		<action>ActivateWindow(settings)</action>
	</shortcut>
	<shortcut>
		<defaultID>power</defaultID>
		<label>$LOCALIZE[33060]</label>
		<label2 />
		<icon>icons/mainmenu/power.png</icon>
		<thumb />
		<action>ActivateWindow(shutdownmenu)</action>
	</shortcut>
</shortcuts>