<?xml version="1.0" encoding="UTF-8"?>
<shortcuts>
	<shortcut>
		<defaultID>31020</defaultID>
		<label>$LOCALIZE[31020]</label>
		<label2 />
		<icon>DefaultRecentlyAddedMovies.png</icon>
		<thumb />
		<action>ActivateWindow(Videos,videodb://recentlyaddedmovies/,return)</action>
	</shortcut>
	<shortcut>
		<defaultID>575</defaultID>
		<label>$LOCALIZE[575]</label>
		<label2 />
		<icon>DefaultInProgressShows.png</icon>
		<thumb />
		<action>ActivateWindow(Videos,special://skin/extras/playlists/movies_inprogress.xsp,return)</action>
	</shortcut>
	<shortcut>
		<defaultID>135</defaultID>
		<label>$LOCALIZE[135]</label>
		<label2 />
		<icon>DefaultGenre.png</icon>
		<thumb />
		<action>ActivateWindow(Videos,videodb://movies/genres/,return)</action>
	</shortcut>
	<shortcut>
		<defaultID>20434</defaultID>
		<label>$LOCALIZE[20434]</label>
		<label2 />
		<icon>DefaultSets.png</icon>
		<thumb />
		<action>ActivateWindow(Videos,videodb://movies/sets/,return)</action>
	</shortcut>
	<shortcut>
		<defaultID>20459</defaultID>
		<label>$LOCALIZE[20459]</label>
		<label2 />
		<icon>DefaultTags.png</icon>
		<thumb />
		<action>ActivateWindow(Videos,videodb://movies/tags/,return)</action>
	</shortcut>
	<shortcut>
		<defaultID>652</defaultID>
		<label>$LOCALIZE[652]</label>
		<label2 />
		<icon>DefaultYear.png</icon>
		<thumb />
		<action>ActivateWindow(Videos,videodb://movies/years/,return)</action>
	</shortcut>
	<shortcut>
		<defaultID>movieplaylists</defaultID>
		<label>$LOCALIZE[136]</label>
		<label2 />
		<icon>DefaultPlaylist.png</icon>
		<thumb />
		<action>ActivateWindow(Videos,Playlists,return)</action>
	</shortcut>
	<shortcut>
		<defaultID>moviesbrowse</defaultID>
		<label>$LOCALIZE[1024]</label>
		<label2 />
		<icon>DefaultMovie.png</icon>
		<thumb />
		<action>ActivateWindow(Videos,Movies)</action>
	</shortcut>
	<shortcut>
		<defaultID>moviesfiles</defaultID>
		<label>$LOCALIZE[744]</label>
		<label2 />
		<icon>DefaultFolder.png</icon>
		<thumb />
		<action>ActivateWindow(Videos,Files,return)</action>
	</shortcut>
	<shortcut>
		<defaultID>moviesmaster</defaultID>
		<label>$VAR[MasterModeLabel]</label>
		<label2 />
		<icon>DefaultUser.png</icon>
		<thumb />
		<action>mastermode</action>
		<visible>System.HasLocks</visible>
	</shortcut>
	<shortcut>
		<defaultID>updatelibrarymovies</defaultID>
		<label>$VAR[VideoScanLabelVar]</label>
		<label2 />
		<icon>update.png</icon>
		<thumb />
		<action>UpdateLibrary(video)</action>
	</shortcut>
</shortcuts>