<?xml version="1.0" encoding="UTF-8"?>
<shortcuts>
	<shortcut>
		<defaultID>132</defaultID>
		<label>$LOCALIZE[132]</label>
		<label2 />
		<icon>DefaultMusicAlbums.png</icon>
		<thumb />
		<action>ActivateWindow(Music,musicdb://albums/,return)</action>
	</shortcut>
	<shortcut>
		<defaultID>133</defaultID>
		<label>$LOCALIZE[133]</label>
		<label2 />
		<icon>DefaultMusicArtists.png</icon>
		<thumb />
		<action>ActivateWindow(Music,musicdb://artists/,return)</action>
	</shortcut>
	<shortcut>
		<defaultID>134</defaultID>
		<label>$LOCALIZE[134]</label>
		<label2 />
		<icon>DefaultMusicSongs.png</icon>
		<thumb />
		<action>ActivateWindow(Music,musicdb://songs/,return)</action>
	</shortcut>
	<shortcut>
		<defaultID>musicrecent</defaultID>
		<label>$LOCALIZE[31020]</label>
		<label2 />
		<icon>DefaultMusicRecentlyAdded.png</icon>
		<thumb />
		<action>ActivateWindow(Music,recentlyaddedalbums,return)</action>
	</shortcut>
	<shortcut>
		<defaultID>31021</defaultID>
		<label>$LOCALIZE[31021]</label>
		<label2 />
		<icon>DefaultMusicRecentlyPlayed.png</icon>
		<thumb />
		<action>ActivateWindow(Music,recentlyplayedalbums,return)</action>
	</shortcut>
	<shortcut>
		<defaultID>271</defaultID>
		<label>$LOCALIZE[271]</label>
		<label2 />
		<icon>DefaultMusicTop100.png</icon>
		<thumb />
		<action>ActivateWindow(Music,top100,return)</action>
	</shortcut>
	<shortcut>
		<defaultID>currentplaylist</defaultID>
		<label>$LOCALIZE[13350]</label>
		<label2 />
		<icon>DefaultMusicPlaylists.png</icon>
		<thumb />
		<action>ActivateWindow(musicplaylist)</action>
	</shortcut>
	<shortcut>
		<defaultID>musicplaylists</defaultID>
		<label>$LOCALIZE[136]</label>
		<label2 />
		<icon>DefaultMusicPlaylists.png</icon>
		<thumb />
		<action>ActivateWindow(Music,playlists,return)</action>
	</shortcut>
	<shortcut>
		<defaultID>musicbrowse</defaultID>
		<label>$LOCALIZE[1024]</label>
		<label2 />
		<icon>DefaultAudio.png</icon>
		<thumb />
		<action>ActivateWindow(Music,root)</action>
	</shortcut>
	<shortcut>
		<defaultID>musicfiles</defaultID>
		<label>$LOCALIZE[744]</label>
		<label2 />
		<icon>DefaultMusicSources.png</icon>
		<thumb />
		<action>ActivateWindow(Music,Files,return)</action>
	</shortcut>
	<shortcut>
		<defaultID>musicmaster</defaultID>
		<label>$VAR[MasterModeLabel]</label>
		<label2 />
		<icon>DefaultUser.png</icon>
		<thumb />
		<action>mastermode</action>
		<visible>System.HasLocks</visible>
	</shortcut>
	<shortcut>
		<defaultID>updatelibrarymusic</defaultID>
		<label>$VAR[MusicScanLabelVar]</label>
		<label2 />
		<icon>update.png</icon>
		<thumb />
		<action>UpdateLibrary(music)</action>
	</shortcut>
	<shortcut>
		<defaultID>cleanmusiclibrary</defaultID>
		<label>$LOCALIZE[14247]</label>
		<label2 />
		<icon>icons/mainmenu/settings/skin.png</icon>
		<thumb />
		<action>CleanLibrary(music)</action>
	</shortcut>
</shortcuts>