<?xml version="1.0" encoding="UTF-8"?>
<shortcuts>
	<shortcut>
		<defaultID>musicvideosrecent</defaultID>
		<label>$LOCALIZE[31020]</label>
		<label2 />
		<icon>DefaultRecentlyAddedMusicVideos.png</icon>
		<thumb />
		<action>ActivateWindow(Videos,videodb://recentlyaddedmusicvideos/,return)</action>
	</shortcut>
	<shortcut>
		<defaultID>musicvideosalbums</defaultID>
		<label>$LOCALIZE[132]</label>
		<label2 />
		<icon>DefaultMusicAlbums.png</icon>
		<thumb />
		<action>ActivateWindow(Videos,MusicVideoAlbums,return)</action>
	</shortcut>
	<shortcut>
		<defaultID>musicvideosartists</defaultID>
		<label>$LOCALIZE[133]</label>
		<label2 />
		<icon>DefaultMusicArtists.png</icon>
		<thumb />
		<action>ActivateWindow(Videos,videodb://musicvideos/artists/,return)</action>
	</shortcut>
	<shortcut>
		<defaultID>musicvideosgenres</defaultID>
		<label>$LOCALIZE[135]</label>
		<label2 />
		<icon>DefaultMusicGenres.png</icon>
		<thumb />
		<action>ActivateWindow(Videos,videodb://musicvideos/genres,return)</action>
	</shortcut>
	<shortcut>
		<defaultID>musicvideosyears</defaultID>
		<label>$LOCALIZE[652]</label>
		<label2 />
		<icon>DefaultMusicYears.png</icon>
		<thumb />
		<action>ActivateWindow(Videos,videodb://musicvideos/years/,return)</action>
	</shortcut>
	<shortcut>
		<defaultID>musicvideosplaylists</defaultID>
		<label>$LOCALIZE[136]</label>
		<label2 />
		<icon>DefaultMusicPlaylists.png</icon>
		<thumb />
		<action>ActivateWindow(Videos,playlists,return)</action>
	</shortcut>
	<shortcut>
		<defaultID>musicvideosbrowse</defaultID>
		<label>$LOCALIZE[1024]</label>
		<label2 />
		<icon>DefaultMusicVideoTitle.png</icon>
		<thumb />
		<action>ActivateWindow(Videos,MusicVideos)</action>
	</shortcut>
	<shortcut>
		<defaultID>musicvideosfiles</defaultID>
		<label>$LOCALIZE[744]</label>
		<label2 />
		<icon>DefaultMusicSources.png</icon>
		<thumb />
		<action>ActivateWindow(Videos,Files,return)</action>
	</shortcut>
	<shortcut>
		<defaultID>musicvideosmaster</defaultID>
		<label>$VAR[MasterModeLabel]</label>
		<label2 />
		<icon>DefaultUser.png</icon>
		<thumb />
		<action>mastermode</action>
		<visible>System.HasLocks</visible>
	</shortcut>
	<shortcut>
		<defaultID>updatelibrarymusicvideos</defaultID>
		<label>$VAR[VideoScanLabelVar]</label>
		<label2 />
		<icon>update.png</icon>
		<thumb />
		<action>UpdateLibrary(video)</action>
	</shortcut>
</shortcuts>