<?xml version="1.0" encoding="UTF-8"?>
<shortcuts>
	<shortcut>
		<defaultID>13009</defaultID>
		<label>$LOCALIZE[13009]</label>
		<label2 />
		<icon />
		<thumb />
		<action>Quit()</action>
	</shortcut>
	<shortcut>
		<defaultID>powersettings</defaultID>
		<label>$LOCALIZE[5]</label>
		<label2 />
		<icon />
		<thumb />
		<action>ActivateWindow(settings)</action>
	</shortcut>
	<shortcut>
		<defaultID>13016</defaultID>
		<label>$LOCALIZE[13016]</label>
		<label2 />
		<icon />
		<thumb />
		<action>Powerdown()</action>
	</shortcut>
	<shortcut>
		<defaultID>13013</defaultID>
		<label>$LOCALIZE[13013]</label>
		<label2 />
		<icon />
		<thumb />
		<action>Reset()</action>
	</shortcut>
	<shortcut>
		<defaultID>13011</defaultID>
		<label>$LOCALIZE[13011]</label>
		<label2 />
		<icon />
		<thumb />
		<action>Suspend()</action>
	</shortcut>
	<shortcut>
		<defaultID>13010</defaultID>
		<label>$LOCALIZE[13010]</label>
		<label2 />
		<icon />
		<thumb />
		<action>Hibernate()</action>
	</shortcut>
	<shortcut>
		<defaultID>20126</defaultID>
		<label>$LOCALIZE[20126]</label>
		<label2 />
		<icon />
		<thumb />
		<action>System.LogOff</action>
	</shortcut>
</shortcuts>