<?xml version='1.0' encoding='UTF-8'?>
<shortcuts>
	<shortcut>
		<label2>Power Menu Shortcut</label2>
		<label>$LOCALIZE[13012]</label>
		<action>Quit()</action>
		<icon>icons/mainmenu/power.png</icon>
		<thumb />
		<visible>System.ShowExitButton</visible>
	</shortcut>
	<shortcut>
		<label2>Power Menu Shortcut</label2>
		<label>$LOCALIZE[5]</label>
		<action>ActivateWindow(Settings)</action>
		<icon>icons/mainmenu/settings.png</icon>
		<thumb />
	</shortcut>
	<shortcut>
		<label2>Power Menu Shortcut</label2>
		<label>$LOCALIZE[20183]</label>
		<action>ReloadSkin()</action>
		<icon>icons/mainmenu/update.png</icon>
		<thumb />
	</shortcut>
	<shortcut>
		<label2>Power Menu Shortcut</label2>
		<label>$LOCALIZE[13016]</label>
		<action>Powerdown()</action>
		<visible>System.CanPowerDown</visible>
		<icon>icons/mainmenu/power.png</icon>
		<thumb />
	</shortcut>
	<shortcut>
		<label2>Power Menu Shortcut</label2>
		<label>$LOCALIZE[13011]</label>
		<action>Suspend()</action>
		<visible>System.CanSuspend</visible>
		<icon>icons/mainmenu/power.png</icon>
		<thumb />
	</shortcut>
	<shortcut>
		<label2>Power Menu Shortcut</label2>
		<label>$LOCALIZE[13010]</label>
		<action>Hibernate()</action>
		<visible>System.CanHibernate</visible>
		<icon>icons/mainmenu/power.png</icon>
		<thumb />
	</shortcut>
	<shortcut>
		<label2>Power Menu Shortcut</label2>
		<label>$LOCALIZE[13013]</label>
		<action>Reset()</action>
		<visible>System.CanReboot</visible>
		<icon>icons/mainmenu/update.png</icon>
		<thumb />
	</shortcut>
	<shortcut>
		<label2>Power Menu Shortcut</label2>
		<label>$LOCALIZE[31527]</label>
		<action>reboot_to_android</action>
		<icon>icons/mainmenu/android.png</icon>
		<thumb />
		<visible>System.CanReboot + [System.Platform.Linux | System.Platform.Linux.RaspberryPi | System.Platform.Android]</visible>
	</shortcut>
	<shortcut>
		<label2>Power Menu Shortcut</label2>
		<label>$LOCALIZE[20126]</label>
		<action>dialog.close(all,true)</action>
		<action>System.LogOff</action>
		<icon>icons/mainmenu/logout.png</icon>
		<thumb />
		<visible>System.HasLoginScreen | IntegerGreaterThan(System.ProfileCount,1)</visible>
		<visible>System.Loggedon</visible>
	</shortcut>
	<shortcut>
		<label2>Power Menu Shortcut</label2>
		<label>$LOCALIZE[20046]</label>
		<altlabel>$LOCALIZE[20045]</altlabel>
		<usealttexture>!System.IsMaster</usealttexture>
		<action>mastermode</action>
		<icon>DefaultUser.png</icon>
		<thumb />
		<visible>System.HasLocks</visible>
	</shortcut>
	<shortcut>
		<label2>Power Menu Shortcut</label2>
		<label>$LOCALIZE[13017]</label>
		<action>InhibitIdleShutdown(true)</action>
		<icon>icons/mainmenu/power.png</icon>
		<thumb />
		<visible>System.HasShutdown +!System.IsInhibit</visible>
	</shortcut>
	<shortcut>
		<label2>Power Menu Shortcut</label2>
		<label>$LOCALIZE[13018]</label>
		<action>InhibitIdleShutdown(false)</action>
		<icon>icons/mainmenu/power.png</icon>
		<thumb />
		<visible>System.HasShutdown + System.IsInhibit</visible>
	</shortcut>
	<shortcut>
		<label2>Power Menu Shortcut</label2>
		<label>$LOCALIZE[20150]</label>
		<action>AlarmClock(shutdowntimer,Shutdown())</action>
		<icon>icons/mainmenu/alarm.png</icon>
		<thumb />
		<visible>!System.HasAlarm(shutdowntimer)</visible>
		<visible>System.CanPowerDown | System.CanSuspend | System.CanHibernate</visible>
	</shortcut>
	<shortcut>
		<label2>Power Menu Shortcut</label2>
		<label>$LOCALIZE[20151]</label>
		<action>CancelAlarm(shutdowntimer)</action>
		<icon>icons/mainmenu/alarm.png</icon>
		<thumb />
		<visible>System.HasAlarm(shutdowntimer)</visible>
	</shortcut>
</shortcuts>