<?xml version="1.0" encoding="UTF-8"?>
<shortcuts>
	<shortcut>
		<defaultID>searchmovies</defaultID>
		<label>$LOCALIZE[20342]</label>
		<label2 />
		<icon />
		<thumb />
		<action>RunScript(script.globalsearch,movies=true)</action>
		<visible>Library.HasContent(movies) + Skin.HasSetting(Enable.GlobalSearch)</visible>
	</shortcut>
	<shortcut>
		<defaultID>searchtvshows</defaultID>
		<label>$LOCALIZE[20343]</label>
		<label2 />
		<icon />
		<thumb />
		<action>RunScript(script.globalsearch,tvshows=true)</action>
		<visible>Library.HasContent(tvshows) + Skin.HasSetting(Enable.GlobalSearch)</visible>
	</shortcut>
	<shortcut>
		<defaultID>searchepisodes</defaultID>
		<label>$LOCALIZE[20360]</label>
		<label2 />
		<icon />
		<thumb />
		<action>RunScript(script.globalsearch,episodes=true)</action>
		<visible>Library.HasContent(tvshows) + Skin.HasSetting(Enable.GlobalSearch)</visible>
	</shortcut>
	<shortcut>
		<defaultID>searchmusicvideos</defaultID>
		<label>$LOCALIZE[20389]</label>
		<label2 />
		<icon />
		<thumb />
		<action>RunScript(script.globalsearch,musicvideos=true)</action>
		<visible>Library.HasContent(musicvideos) + Skin.HasSetting(Enable.GlobalSearch)</visible>
	</shortcut>
	<shortcut>
		<defaultID>searchmovies</defaultID>
		<label>$LOCALIZE[133]</label>
		<label2 />
		<icon />
		<thumb />
		<action>RunScript(script.globalsearch,artists=true)</action>
		<visible>Library.HasContent(music) + Skin.HasSetting(Enable.GlobalSearch)</visible>
	</shortcut>
	<shortcut>
		<defaultID>searchalbums</defaultID>
		<label>$LOCALIZE[132]</label>
		<label2 />
		<icon />
		<thumb />
		<action>RunScript(script.globalsearch,albums=true)</action>
		<visible>Library.HasContent(music) + Skin.HasSetting(Enable.GlobalSearch)</visible>
	</shortcut>
	<shortcut>
		<defaultID>searchsongs</defaultID>
		<label>$LOCALIZE[134]</label>
		<label2 />
		<icon />
		<thumb />
		<action>RunScript(script.globalsearch,songs=true)</action>
		<visible>Library.HasContent(music) + Skin.HasSetting(Enable.GlobalSearch)</visible>
	</shortcut>
</shortcuts>