<?xml version="1.0" encoding="UTF-8"?>
<shortcuts>
	<shortcut>
		<defaultID>31028</defaultID>
		<label>$LOCALIZE[31028]</label>
		<label2 />
		<icon>icons/mainmenu/settings/skin.png</icon>
		<thumb />
		<action>ActivateWindow(SkinSettings)</action>
	</shortcut>
	<shortcut>
		<defaultID>14027</defaultID>
		<label>$LOCALIZE[14207]</label>
		<label2 />
		<icon>icons/mainmenu/settings/interface.png</icon>
		<thumb />
		<action>ActivateWindow(InterfaceSettings)</action>
	</shortcut>
	<shortcut>
		<defaultID>13200</defaultID>
		<label>$LOCALIZE[13200]</label>
		<label2 />
		<icon>icons/mainmenu/settings/profiles.png</icon>
		<thumb />
		<action>ActivateWindow(Profiles)</action>
	</shortcut>
	<shortcut>
		<defaultID>10003</defaultID>
		<label>$LOCALIZE[10003]</label>
		<label2 />
		<icon>icons/mainmenu/settings/filemanager.png</icon>
		<thumb />
		<action>ActivateWindow(FileManager)</action>
	</shortcut>
	<shortcut>
		<defaultID>20183</defaultID>
		<label>$LOCALIZE[20183]</label>
		<label2 />
		<icon>icons/mainmenu/update.png</icon>
		<thumb />
		<action>ReloadSkin()</action>
	</shortcut>
</shortcuts>