<?xml version="1.0" encoding="UTF-8"?>
<shortcuts>
	<shortcut>
		<defaultID>19019</defaultID>
		<label>$LOCALIZE[19019]</label>
		<label2 />
		<icon>icons/mainmenu/tv.png</icon>
		<thumb />
		<action>ActivateWindow(TVChannels)</action>
	</shortcut>
	<shortcut>
		<defaultID>22020</defaultID>
		<label>$LOCALIZE[22020]</label>
		<label2 />
		<icon>icons/mainmenu/tvguide.png</icon>
		<thumb />
		<action>ActivateWindow(TVGuide)</action>
	</shortcut>
	<shortcut>
		<defaultID>19163</defaultID>
		<label>$LOCALIZE[19163]</label>
		<label2 />
		<icon>icons/mainmenu/cd.png</icon>
		<thumb />
		<action>ActivateWindow(TVRecordings)</action>
	</shortcut>
	<shortcut>
		<defaultID>19138</defaultID>
		<label>$LOCALIZE[19138]</label>
		<label2 />
		<icon>icons/mainmenu/timer.png</icon>
		<thumb />
		<action>ActivateWindow(TVTimerRules)</action>
	</shortcut>
	<shortcut>
		<defaultID>19040</defaultID>
		<label>$LOCALIZE[19040]</label>
		<label2 />
		<icon>icons/mainmenu/timer.png</icon>
		<thumb />
		<action>ActivateWindow(TVTimers)</action>
	</shortcut>
	<shortcut>
		<defaultID>tvsearch</defaultID>
		<label>$LOCALIZE[137]</label>
		<label2 />
		<icon>icons/mainmenu/search.png</icon>
		<thumb />
		<action>ActivateWindow(TVSearch)</action>
	</shortcut>
</shortcuts>