<?xml version="1.0" encoding="UTF-8"?>
<shortcuts>
	<shortcut>
		<defaultID>tvshowsrecent</defaultID>
		<label>$LOCALIZE[31020]</label>
		<label2 />
		<icon>DefaultRecentlyAddedEpisodes.png</icon>
		<thumb />
		<action>ActivateWindow(Videos,videodb://recentlyaddedepisodes/,return)</action>
	</shortcut>
	<shortcut>
		<defaultID>tvshowsinprogress</defaultID>
		<label>$LOCALIZE[575]</label>
		<label2 />
		<icon>DefaultInProgressShows.png</icon>
		<thumb />
		<action>ActivateWindow(Videos,videodb://inprogresstvshows/,return)</action>
	</shortcut>
	<shortcut>
		<defaultID>tvshowsgenres</defaultID>
		<label>$LOCALIZE[135]</label>
		<label2 />
		<icon>DefaultGenre.png</icon>
		<thumb />
		<action>ActivateWindow(Videos,videodb://tvshows/genres/,return)</action>
	</shortcut>
	<shortcut>
		<defaultID>tvshowsyears</defaultID>
		<label>$LOCALIZE[652]</label>
		<label2 />
		<icon>DefaultYear.png</icon>
		<thumb />
		<action>ActivateWindow(Videos,videodb://tvshows/years/,return)</action>
	</shortcut>
	<shortcut>
		<defaultID>tvguide</defaultID>
		<label>$LOCALIZE[4]</label>
		<label2 />
		<icon>DefaultTVShows.png</icon>
		<thumb />
		<action>tv_guide</action>
		<visible>System.HasAddon(plugin.video.themoviedb.helper) | System.HasAddon(script.embuary.info) | System.HasAddon(script.tv.show.next.aired)</visible>
	</shortcut>
	<shortcut>
		<defaultID>tvshowsplaylists</defaultID>
		<label>$LOCALIZE[136]</label>
		<label2 />
		<icon>DefaultVideoPlaylists.png</icon>
		<thumb />
		<action>ActivateWindow(Videos,Playlists,return)</action>
	</shortcut>
	<shortcut>
		<defaultID>tvshowsbrowse</defaultID>
		<label>$LOCALIZE[1024]</label>
		<label2 />
		<icon>DefaultTVShows.png</icon>
		<thumb />
		<action>ActivateWindow(Videos,TVShows)</action>
	</shortcut>
	<shortcut>
		<defaultID>tvshowsfiles</defaultID>
		<label>$LOCALIZE[744]</label>
		<label2 />
		<icon>DefaultFolder.png</icon>
		<thumb />
		<action>ActivateWindow(Videos,Files,return)</action>
	</shortcut>
	<shortcut>
		<defaultID>tvshowsmaster</defaultID>
		<label>$VAR[MasterModeLabel]</label>
		<label2 />
		<icon>DefaultUser.png</icon>
		<thumb />
		<action>mastermode</action>
		<visible>System.HasLocks</visible>
	</shortcut>
	<shortcut>
		<defaultID>updatelibrarytvshows</defaultID>
		<label>$VAR[VideoScanLabelVar]</label>
		<label2 />
		<icon>update.png</icon>
		<thumb />
		<action>UpdateLibrary(video)</action>
	</shortcut>
</shortcuts>