<?xml version="1.0" encoding="UTF-8"?>
<shortcuts>
	<shortcut>
		<defaultID>136</defaultID>
		<label>$LOCALIZE[136]</label>
		<label2 />
		<icon>DefaultVideoPlaylists.png</icon>
		<thumb />
		<action>ActivateWindow(Videos,Playlists,return)</action>
	</shortcut>
	<shortcut>
		<defaultID>1024</defaultID>
		<label>$LOCALIZE[1024]</label>
		<label2 />
		<icon>icons/mainmenu/videos.png</icon>
		<thumb />
		<action>ActivateWindow(Videos,Root)</action>
	</shortcut>
	<shortcut>
		<defaultID>744</defaultID>
		<label>$LOCALIZE[744]</label>
		<label2 />
		<icon>DefaultFolder.png</icon>
		<thumb />
		<action>ActivateWindow(Videos,Files,return)</action>
	</shortcut>
	<shortcut>
		<defaultID>updatevideolibrary</defaultID>
		<label>$VAR[VideoScanLabelVar]</label>
		<label2 />
		<icon>update.png</icon>
		<thumb />
		<action>UpdateLibrary(video)</action>
	</shortcut>
	<shortcut>
		<defaultID>cleanvideolibrary</defaultID>
		<label>$LOCALIZE[14247]</label>
		<label2 />
		<icon>icons/mainmenu/settings/skin.png</icon>
		<thumb />
		<action>CleanLibrary(video)</action>
	</shortcut>
</shortcuts>