<?xml version="1.0" encoding="UTF-8"?>
<window type="window" id="1134">
	<defaultcontrol always="true">9999</defaultcontrol>
	<controls>
		<control type="image">
			<width>1920</width>
			<height>1080</height>
			<texture>img/blackdot1.png</texture>
			<aspectratio>scale</aspectratio>
		</control>
		<control type="image">
			<width>1920</width>
			<height>1080</height>
			<texture background="true">special://skin/backgrounds/default.jpg</texture>
			<aspectratio>scale</aspectratio>
		</control>
		<include content="BackgroundOverlay">
			<param name="parentid" value="9999" />
		</include>
		<control type="list" id="9999">
			<top>-1000</top>
			<left>-1000</left>
			<width>1</width>
			<height>1</height>
			<itemlayout />
			<focusedlayout />
			<content target="videos">$INFO[Window(Home).Property(TMDbHelper.Path.Current)]</content>
		</control>
		<control type="group">
			<visible>Container(9999).IsUpdating + !Window.IsVisible(DialogVideoInfo.xml)</visible>
			<include>InfoLoading</include>
		</control>
	</controls>
</window>