<?xml version="1.0" encoding="UTF-8"?>
<window type="dialog" id="1120">
	<defaultcontrol always="true">9000</defaultcontrol>
	<include>OSDFade</include>
	<controls>
		<control type="group" description="All dialog content">
			<visible>!Window.IsActive(DialogSettings.xml) + !Window.IsActive(DialogSlider.xml) + !Window.IsActive(GameVideoFilter) + !Window.IsActive(GameStretchMode) + !Window.IsActive(GameControllers) + !Window.IsActive(GameVideoRotation)</visible>
			<control type="image" description="Menu BG">
				<posx>681</posx>
				<posy>240</posy>
				<height>572</height>
				<width>558</width>
				<texture border="0,40,0,40">dialogs/ContextMenu.png</texture>
				<colordiffuse>$VAR[DialogBGColor]</colordiffuse>
			</control>
			<control type="label" description="Dialog heading">
				<posx>615</posx>
				<posy>281</posy>
				<width>690</width>
				<height>52</height>
				<label>$LOCALIZE[32003]</label>
				<align>center</align>
				<aligny>center</aligny>
				<textcolor>$VAR[HighlightColor]</textcolor>
			</control>
			<control type="group">
				<posx>442</posx>
				<posy>216</posy>
				<control type="grouplist" id="9000" description="Game Settings Options">
					<posx>255</posx>
					<posy>150</posy>
					<width>525</width>
					<height>450</height>
					<onleft>noop</onleft>
					<onright>noop</onright>
					<onup>9000</onup>
					<ondown>9000</ondown>
					<scrolltime>280</scrolltime>
					<defaultcontrol always="true">701</defaultcontrol>
					<control type="button" id="701" description="Video Filter">
						<width>525</width>
						<label>$LOCALIZE[35225]</label>
						<onclick>ActivateWindow(GameVideoFilter)</onclick>
					</control>
					<control type="button" id="702" description="Stretch Mode">
						<width>525</width>
						<label>$LOCALIZE[35233]</label>
						<onclick>ActivateWindow(GameStretchMode)</onclick>
					</control>
					<control type="button" id="703" description="Video Rotation">
						<width>525</width>
						<label>$LOCALIZE[35227]</label>
						<onclick>ActivateWindow(GameVideoRotation)</onclick>
					</control>
					<control type="button" id="704" description="Game Volume">
						<width>525</width>
						<label>$LOCALIZE[13376]</label>
						<label2>[COLOR Grey]Select + Right Stick[/COLOR]</label2>
						<onclick>ActivateWindow(GameVolume)</onclick>
					</control>
					<control type="button" id="705" description="Controller Configuration">
						<width>525</width>
						<label>$LOCALIZE[35234]</label>
						<onclick>ActivateWindow(GameControllers)</onclick>
					</control>
					<control type="button" id="706" description="Advanced Game Settings">
						<width>525</width>
						<label>$LOCALIZE[35226]</label>
						<onclick>ActivateWindow(GameAdvancedSettings)</onclick>
					</control>
				</control>
			</control>
		</control>
	</controls>
</window>