<?xml version="1.0" encoding="UTF-8"?>
<window type="dialog" id="1130">
	<!-- Huge thanks to MikeSilVO, this is an adaptation of his code -->
	<onunload>ClearProperty(CustomSelectInfoLists,skinsettings)</onunload>
	<defaultcontrol always="true">90101</defaultcontrol>
	<include>DialogOpenClose</include>
	<controls>
		<control type="group" description="All dialog content">
			<animation type="WindowOpen">
				<effect type="zoom" start="95" end="100" center="960,540" time="200" />
				<effect type="fade" start="80" end="100" time="200" />
			</animation>
			<animation type="WindowClose">
				<effect type="zoom" start="100" end="95" center="960,540" time="100" />
				<effect type="fade" start="100" end="0" time="100" />
			</animation>
			<control type="group">
				<control type="image" description="Menu BG">
					<posx>681</posx>
					<posy>240</posy>
					<height>820</height>
					<width>747</width>
					<texture border="0,40,0,40">dialogs/ContextMenu.png</texture>
					<colordiffuse>$VAR[DialogBGColor]</colordiffuse>
				</control>
				<control type="label" description="Dialog heading">
					<posx>715</posx>
					<posy>261</posy>
					<width>690</width>
					<height>52</height>
					<label>$LOCALIZE[32104]</label>
					<align>center</align>
					<aligny>center</aligny>
					<textcolor>$VAR[HighlightColor]</textcolor>
				</control>
			</control>
			<control type="grouplist" id="90101">
				<posx>707</posx>
				<posy>366</posy>
				<width>695</width>
				<height>660</height>
				<itemgap>0</itemgap>
				<orientation>vertical</orientation>
				<usecontrolcoords>true</usecontrolcoords>
				<control type="radiobutton" id="9010101">
					<label>$LOCALIZE[206]</label>
					<radioposx>605</radioposx>
					<onclick>Skin.ToggleSetting(DisableInfoListCast)</onclick>
					<onclick condition="!Skin.HasSetting(DisableInfoListCast)">Skin.SetBool(DisableInfoListCastFeature)</onclick>
					<selected>!Skin.HasSetting(DisableInfoListCast)</selected>
				</control>
				<control type="radiobutton" id="901011">
					<label>$LOCALIZE[31429]</label>
					<radioposx>605</radioposx>
					<onclick>Skin.ToggleSetting(DisableInfoListSets)</onclick>
					<selected>!Skin.HasSetting(DisableInfoListSets)</selected>
				</control>
				<control type="radiobutton" id="901012">
					<label>$LOCALIZE[33054]</label>
					<radioposx>605</radioposx>
					<onclick>Skin.ToggleSetting(DisableInfoListSeasons)</onclick>
					<selected>!Skin.HasSetting(DisableInfoListSeasons)</selected>
				</control>
				<control type="radiobutton" id="901013">
					<label>$LOCALIZE[32105]</label>
					<radioposx>605</radioposx>
					<onclick>Skin.ToggleSetting(DisableInfoListSimilar)</onclick>
					<selected>!Skin.HasSetting(DisableInfoListSimilar)</selected>
					<visible>[Skin.HasSetting(Enable.TMDbHelper) | Skin.HasSetting(Enable.EmbuaryHelper)]</visible>
				</control>
				<control type="radiobutton" id="901014">
					<label>$LOCALIZE[31966]</label>
					<radioposx>605</radioposx>
					<onclick>Skin.ToggleSetting(DisableInfoListRecommended)</onclick>
					<selected>!Skin.HasSetting(DisableInfoListRecommended)</selected>
					<visible>!Skin.HasSetting(Disable.OnlineTMDbInfo) + Skin.HasSetting(Enable.TMDbHelper)</visible>
				</control>
				<control type="radiobutton" id="901015">
					<label>$LOCALIZE[20339]</label>
					<radioposx>605</radioposx>
					<onclick>Skin.ToggleSetting(DisableInfoListDirector)</onclick>
					<selected>!Skin.HasSetting(DisableInfoListDirector)</selected>
				</control>
				<control type="radiobutton" id="901016">
					<label>$LOCALIZE[572]</label>
					<radioposx>605</radioposx>
					<onclick>Skin.ToggleSetting(DisableInfoListStudio)</onclick>
					<selected>!Skin.HasSetting(DisableInfoListStudio)</selected>
				</control>
				<control type="radiobutton" id="901017">
					<label>$LOCALIZE[515]</label>
					<radioposx>605</radioposx>
					<onclick>Skin.ToggleSetting(DisableInfoListGenre)</onclick>
					<selected>!Skin.HasSetting(DisableInfoListGenre)</selected>
				</control>
				<control type="radiobutton" id="901018">
					<label>$LOCALIZE[562]</label>
					<radioposx>605</radioposx>
					<onclick>Skin.ToggleSetting(DisableInfoListYear)</onclick>
					<selected>!Skin.HasSetting(DisableInfoListYear)</selected>
				</control>
				<control type="radiobutton" id="901019">
					<label>$LOCALIZE[32106]</label>
					<radioposx>605</radioposx>
					<onclick>Skin.ToggleSetting(DisableInfoListCastFeature)</onclick>
					<selected>!Skin.HasSetting(DisableInfoListCastFeature)</selected>
					<visible>!Skin.HasSetting(DisableInfoListCast)</visible>
				</control>
				<control type="radiobutton" id="9010110">
					<label>$LOCALIZE[32099]</label>
					<radioposx>605</radioposx>
					<onclick>Skin.ToggleSetting(DisableInfoListCrew)</onclick>
					<selected>!Skin.HasSetting(DisableInfoListCrew)</selected>
					<visible>!Skin.HasSetting(Disable.OnlineTMDbInfo) + Skin.HasSetting(Enable.TMDbHelper)</visible>
				</control>
				<control type="radiobutton" id="9010111">
					<label>$LOCALIZE[32130]</label>
					<radioposx>605</radioposx>
					<onclick>Skin.ToggleSetting(DisableInfoListPosters)</onclick>
					<selected>!Skin.HasSetting(DisableInfoListPosters)</selected>
					<visible>!Skin.HasSetting(Disable.OnlineTMDbInfo) + Skin.HasSetting(Enable.TMDbHelper)</visible>
				</control>
			</control>
		</control>
	</controls>
</window>