<?xml version="1.0" encoding="UTF-8"?>
<window id="1123" type="dialog">
	<visible>[VideoPlayer.IsFullscreen + Player.Paused + System.IdleTime(3.5) + Skin.HasSetting(Show.Info.OnPause) + !System.HasActiveModalDialog]</visible>
	<visible>VideoPlayer.Content(movies) | VideoPlayer.Content(episodes)</visible>
	<include>OSDFade</include>
	<controls>
		<control type="group" id="2">
			<include condition="Skin.HasSetting(enable.bottomseekbar)">LowerFullScreenInfo</include>
			<include condition="!Skin.HasSetting(enable.bottomseekbar)">RegularFullScreenInfo</include>
			<animation effect="slide" start="0,0" end="0,120" time="150" condition="Skin.HasSetting(enable.bottomseekbar) + [Player.Paused + Skin.HasSetting(Hide.SeekBarWhenPaused) + System.IdleTime(3.5)]">Conditional</animation>
			<include>OSDFade</include>
			<visible>!Window.IsVisible(playerprocessinfo)</visible>
			<animation effect="fade" time="200">VisibleChange</animation>
			<!-- Background -->
			<control type="image" id="22">
				<bottom>0</bottom>
				<width>1920</width>
				<height>520</height>
				<texture border="0,30,0,30">OSD/FS_OSDBackground.png</texture>
				<colordiffuse>FFE2E2E2</colordiffuse>
				<visible>![Skin.HasSetting(enable.bottomseekbar) + !Skin.HasSetting(Hide.SeekBarWhenPaused)]</visible>
			</control>
			<control type="image" id="22">
				<bottom>128</bottom>
				<width>1920</width>
				<height>390</height>
				<texture border="0,30,0,30">OSD/FS_OSDBackground.png</texture>
				<colordiffuse>FFE2E2E2</colordiffuse>
				<visible>Skin.HasSetting(enable.bottomseekbar) + !Skin.HasSetting(Hide.SeekBarWhenPaused)</visible>
			</control>
			<!-- Plot -->
			<control type="group" id="20">
				<control type="group" id="20">
					<visible>![String.IsEqual(Skin.String(OSDExtraArt),none) | String.IsEmpty(Skin.String(OSDExtraArt))]</visible>
					<control type="image" id="23">
						<posx>30</posx>
						<posy>25</posy>
						<width>1305</width>
						<height>1</height>
						<texture>img/LineST.png</texture>
					</control>
					<control type="textbox" description="Plot" id="1">
						<posx>30</posx>
						<posy>-110</posy>
						<width>1305</width>
						<height>120</height>
						<align>justify</align>
						<font>InfoPlot</font>
						<label>$VAR[VideoFullScreenPlot]</label>
						<autoscroll delay="3000" time="2000" repeat="10000">true</autoscroll>
					</control>
				</control>
				<control type="group" id="20">
					<visible>[String.IsEqual(Skin.String(OSDExtraArt),none) | String.IsEmpty(Skin.String(OSDExtraArt))]</visible>
					<control type="image" id="23">
						<posx>30</posx>
						<posy>25</posy>
						<width>1845</width>
						<height>1</height>
						<texture>img/LineST.png</texture>
					</control>
					<control type="textbox" description="Plot" id="1">
						<posx>30</posx>
						<posy>-110</posy>
						<width>1845</width>
						<height>120</height>
						<align>justify</align>
						<font>InfoPlot</font>
						<label>$VAR[VideoFullScreenPlot]</label>
						<autoscroll delay="3000" time="2000" repeat="10000">true</autoscroll>
					</control>
				</control>
			</control>
			<!-- Art: Poster/Thumb/Icon -->
			<control type="group" id="1">
				<visible>$EXP[showPosterOSD]</visible>
				<control type="group" id="1">
					<visible>Skin.HasSetting(enable.bottomseekbar)</visible>
					<control type="image" id="24">
						<left>459r</left>
						<top>-406</top>
						<width>439</width>
						<height>636</height>
						<texture>$VAR[VideoPlayerIcon]</texture>
						<aspectratio align="center" aligny="bottom">keep</aspectratio>
						<colordiffuse>HeavyShadow</colordiffuse>
					</control>
					<control type="image" id="25">
						<left>465r</left>
						<top>-422</top>
						<width>439</width>
						<height>636</height>
						<texture>$VAR[VideoPlayerIcon]</texture>
						<aspectratio align="center" aligny="bottom">keep</aspectratio>
					</control>
				</control>
				<control type="group" id="1">
					<visible>!Skin.HasSetting(enable.bottomseekbar)</visible>
					<control type="image" id="24">
						<posx>459r</posx>
						<posy>666r</posy>
						<width>439</width>
						<height>636</height>
						<texture>$VAR[VideoPlayerIcon]</texture>
						<aspectratio align="center" aligny="bottom">keep</aspectratio>
						<colordiffuse>HeavyShadow</colordiffuse>
						<visible>!Skin.HasSetting(enable.bottomseekbar)</visible>
					</control>
					<control type="image" id="25">
						<posx>465r</posx>
						<posy>682r</posy>
						<width>439</width>
						<height>636</height>
						<texture>$VAR[VideoPlayerIcon]</texture>
						<aspectratio align="center" aligny="bottom">keep</aspectratio>
						<visible>!Skin.HasSetting(enable.bottomseekbar)</visible>
					</control>
				</control>
			</control>
			<!-- Media Details -->
			<control type="group" id="26">
				<left>30</left>
				<control type="label" id="26">
					<description>Movie Info Studio</description>
					<posy>50</posy>
					<width>780</width>
					<height>40</height>
					<align>left</align>
					<label>$VAR[VideoTopHeading]</label>
					<font>InfoTitle</font>
					<textcolor>grey</textcolor>
				</control>
				<control type="grouplist" id="4">
					<top>100</top>
					<width>910</width>
					<height>60</height>
					<orientation>horizontal</orientation>
					<control type="image" id="41">
						<width>40</width>
						<aspectratio align="center" aligny="center">keep</aspectratio>
						<texture>img/PVR-IsRecording.png</texture>
						<visible>VideoPlayer.Content(livetv) + PVR.IsRecordingPlayingChannel</visible>
					</control>
					<control type="image" id="42">
						<width>20</width>
						<texture />
						<visible>VideoPlayer.Content(livetv) + PVR.IsRecordingPlayingChannel</visible>
					</control>
					<control type="label" id="43">
						<width>850</width>
						<height>60</height>
						<font>MainLabelBigTitle</font>
						<label>$VAR[VideoPlayerTitle]</label>
						<textcolor>$VAR[HighlightColor]</textcolor>
						<scroll>true</scroll>
						<scrollspeed>25</scrollspeed>
					</control>
				</control>
				<control type="label" id="5">
					<posy>176</posy>
					<width>640</width>
					<height>40</height>
					<align>left</align>
					<label>$VAR[VideoBottomHeading]</label>
					<font>Details</font>
					<scroll>true</scroll>
					<textcolor>grey</textcolor>
				</control>
			</control>
			<!-- Media Flags -->
			<control type="group" id="1">
				<posx>855</posx>
				<width>480</width>
				<control type="grouplist" id="3">
					<visible>!Skin.HasSetting(Show.ColorRangeFlags) | ![String.Contains(Player.Filename,hdr) | String.Contains(Player.Filename,sdr)]</visible>
					<top>20</top>
					<orientation>horizontal</orientation>
					<height>65</height>
					<itemgap>15</itemgap>
					<align>right</align>
					<include content="PlayerMediaFlagItems">
						<param name="itemheight" value="65" />
						<param name="itemwidth" value="70" />
						<param name="diffuse">$VAR[LabelTextColor]</param>
					</include>
				</control>
				<control type="grouplist" id="3">
					<visible>Skin.HasSetting(Show.ColorRangeFlags) + [String.Contains(Player.Filename,hdr) | String.Contains(Player.Filename,sdr)] + !Skin.HasSetting(coloredflags)</visible>
					<top>30</top>
					<orientation>horizontal</orientation>
					<height>65</height>
					<itemgap>5</itemgap>
					<align>right</align>
					<include content="PlayerMediaFlagItems">
						<param name="itemheight" value="65" />
						<param name="itemwidth" value="70" />
						<param name="diffuse">$VAR[LabelTextColor]</param>
					</include>
				</control>
				<control type="grouplist" id="3">
					<visible>Skin.HasSetting(Show.ColorRangeFlags) + [String.Contains(Player.Filename,hdr) | String.Contains(Player.Filename,sdr)] + Skin.HasSetting(coloredflags)</visible>
					<top>30</top>
					<orientation>horizontal</orientation>
					<height>65</height>
					<itemgap>5</itemgap>
					<align>right</align>
					<include content="PlayerMediaFlagItems">
						<param name="itemheight" value="65" />
						<param name="itemwidth" value="70" />
						<param name="diffuse">$VAR[LabelTextColor]</param>
					</include>
				</control>
			</control>
		</control>
		<!-- Art: ClearLogo, ClearArt, CharacterArt or DiscArt -->
		<control type="group" id="1">
			<control type="group" id="1">
				<visible>![String.IsEqual(Skin.String(OSDExtraArt),none) | String.IsEmpty(Skin.String(OSDExtraArt))] + ![String.Contains(Player.Filename,hdr) | String.Contains(Player.Filename,sdr)] + !Skin.HasSetting(enable.bottomseekbar)</visible>
				<include>FullScreenExtraArt</include>
			</control>
			<control type="group" id="1">
				<visible>![String.IsEqual(Skin.String(OSDExtraArt),none) | String.IsEmpty(Skin.String(OSDExtraArt))] + [String.Contains(Player.Filename,hdr) | String.Contains(Player.Filename,sdr)] + !Skin.HasSetting(enable.bottomseekbar)</visible>
				<include content="FullScreenExtraArt">
					<param name="logoleft">1460</param>
					<param name="logowidth">440</param>
				</include>
			</control>
			<control type="group" id="1">
				<visible>![String.IsEqual(Skin.String(OSDExtraArt),none) | String.IsEmpty(Skin.String(OSDExtraArt))] + Skin.HasSetting(enable.bottomseekbar)</visible>
				<include content="FullScreenExtraArt">
					<param name="clearartleft">1450</param>
					<param name="clearartwidth">440</param>
					<param name="arttop">680</param>
					<param name="disctop">590</param>
					<param name="artheight">360</param>
				</include>
			</control>
		</control>
	</controls>
</window>