<?xml version="1.0" encoding="UTF-8"?>
<window type="dialog" id="1143">
	<onload condition="!String.IsEqual(ListItem.FileExtension,strm)">Stop</onload>
	<onload>ClearProperty(MovieTrailerPlaying,Home)</onload>
	<visible>Skin.HasSetting(AutoPlayTrailer)</visible>
	<visible>Container.OnNext | Container.OnPrevious | Window.IsActive(movieinformation) | !String.IsEmpty(Window(Home).Property(MediaMenu))</visible>
	<visible>!String.IsEqual(ListItem.FileExtension,strm)</visible>
	<visible>Container.Content(movies)</visible>
	<controls />
</window>