<?xml version="1.0" encoding="utf-8"?>
<window>
	<defaultcontrol always="true">602</defaultcontrol>
	<include>OSDFade</include>
	<controls>
		<control type="button">
			<description>background close area</description>
			<left>0</left>
			<top>0</top>
			<width>100%</width>
			<bottom>280</bottom>
			<texturefocus />
			<texturenofocus />
			<onclick>Action(close)</onclick>
		</control>
		<control type="group">
			<bottom>0</bottom>
			<height>180</height>
			<animation effect="fade" time="200">VisibleChange</animation>
			<control type="group" id="200">
				<control type="image">
					<left>0</left>
					<top>0</top>
					<width>100%</width>
					<height>100%</height>
					<texture border="0,30,0,30">OSD/FS_OSDBackground.png</texture>
					<colordiffuse>FFE2E2E2</colordiffuse>
				</control>

				<!-- Programme controls group -->
				<control type="group">
					<left>20</left>
					<width>600</width>
					<control type="label">
						<top>42</top>
						<height>20</height>
						<align>center</align>
						<aligny>center</aligny>
						<label>$LOCALIZE[19325]</label>
						<textcolor>$VAR[HighlightColor]</textcolor>
					</control>
					<control type="grouplist" id="201">
						<top>94</top>
						<height>135</height>
						<align>center</align>
						<itemgap>20</itemgap>
						<scrolltime tween="sine">200</scrolltime>
						<orientation>horizontal</orientation>
						<onleft>70045</onleft>
						<onright>70040</onright>
						<control type="radiobutton" id="600">
							<include content="OSDButtons">
								<param name="icon" value="OSD/OSDPreviousNF.png" />
							</include>
							<onclick>PVR.EpgGridControl(FirstProgramme)</onclick>
						</control>
						<control type="radiobutton" id="601">
							<include content="OSDButtons">
								<param name="icon" value="OSD/OSDRWNF.png" />
							</include>
							<onclick>PVR.EpgGridControl(-12)</onclick>
						</control>
						<control type="radiobutton" id="602">
							<include content="OSDButtons">
								<param name="icon" value="OSD/OSDPlayNF.png" />
							</include>
							<animation effect="rotate" start="0" end="-90" center="auto" condition="true">Conditional</animation>
							<onclick>PVR.EpgGridControl(CurrentProgramme)</onclick>
						</control>
						<control type="radiobutton" id="603">
							<include content="OSDButtons">
								<param name="icon" value="OSD/OSDFWNF.png" />
							</include>
							<onclick>PVR.EpgGridControl(+12)</onclick>
						</control>
						<control type="radiobutton" id="604">
							<include content="OSDButtons">
								<param name="icon" value="OSD/OSDNextNF.png" />
							</include>
							<onclick>PVR.EpgGridControl(LastProgramme)</onclick>
						</control>
						<control type="radiobutton" id="605">
							<include content="OSDButtons">
								<param name="icon" value="OSD/OSDTeletextNF.png" />
							</include>
							<onclick>PVR.EpgGridControl(SelectDate)</onclick>
						</control>
					</control>
				</control>

				<!-- Help text label -->
				<control type="textbox">
					<left>620</left>
					<top>74</top>
					<align>center</align>
					<aligny>center</aligny>
					<width>630</width>
					<height>76</height>
					<font>font16</font>
					<label>[B]$VAR[PVRGuideControlsHelpText][/B]</label>
					<textcolor>$VAR[HighlightColor]</textcolor>
				</control>

				<!-- Channels control group -->
				<control type="group">
					<right>370</right>
					<width>300</width>
					<control type="label">
						<top>42</top>
						<height>20</height>
						<align>center</align>
						<aligny>center</aligny>
						<label>$LOCALIZE[19148]</label>
						<textcolor>$VAR[HighlightColor]</textcolor>
					</control>
					<control type="grouplist" id="202">
						<top>94</top>
						<height>135</height>
						<align>center</align>
						<itemgap>20</itemgap>
						<scrolltime tween="sine">200</scrolltime>
						<orientation>horizontal</orientation>
						<onleft>605</onleft>
						<onright>70043</onright>
						<control type="radiobutton" id="70040">
							<include content="OSDButtons">
								<param name="icon" value="OSD/OSDPreviousNF.png" />
							</include>
							<onclick>PVR.EpgGridControl(FirstChannel)</onclick>
						</control>
						<control type="radiobutton" id="70041">
							<include content="OSDButtons">
								<param name="icon" value="OSD/OSDPlayNF.png" />
							</include>
							<animation effect="rotate" start="0" end="-90" center="auto" condition="true">Conditional</animation>
							<onclick>PVR.EpgGridControl(PlayingChannel)</onclick>
							<visible>PVR.IsPlayingTV | PVR.IsPlayingRadio</visible>
						</control>
						<control type="radiobutton" id="70042">
							<include content="OSDButtons">
								<param name="icon" value="OSD/OSDNextNF.png" />
							</include>
							<onclick>PVR.EpgGridControl(LastChannel)</onclick>
						</control>
					</control>
				</control>

				<!-- Channel group controls -->
				<control type="group">
					<right>20</right>
					<width>300</width>
					<control type="label">
						<top>42</top>
						<height>20</height>
						<align>center</align>
						<aligny>center</aligny>
						<label>$LOCALIZE[19141]</label>
						<textcolor>$VAR[HighlightColor]</textcolor>
					</control>
					<control type="grouplist" id="203">
						<top>94</top>
						<height>135</height>
						<align>center</align>
						<itemgap>20</itemgap>
						<scrolltime tween="sine">200</scrolltime>
						<orientation>horizontal</orientation>
						<onleft>70042</onleft>
						<onright>600</onright>
						<control type="radiobutton" id="70043">
							<include content="OSDButtons">
								<param name="icon" value="OSD/OSDPlayNF.png" />
							</include>
							<animation effect="rotate" start="0" end="180" center="auto" condition="true">Conditional</animation>
							<onclick>PVR.EpgGridControl(PreviousGroup)</onclick>
						</control>
						<control type="radiobutton" id="70044">
							<include content="OSDButtons">
								<param name="icon" value="OSD/OSDPlayNF.png" />
							</include>
							<onclick>PVR.EpgGridControl(NextGroup)</onclick>
						</control>
						<control type="radiobutton" id="70045">
							<include content="OSDButtons">
								<param name="icon" value="OSD/OSDTeletextNF.png" />
							</include>
							<onclick>PVR.EpgGridControl(SelectGroup)</onclick>
						</control>
					</control>
				</control>
			</control>
		</control>
	</controls>
</window>