<?xml version="1.0" encoding="UTF-8"?>
<window>
	<defaultcontrol always="true">3</defaultcontrol>
	<include>OpenClose</include>
	<controls>
		<include condition="![Window.IsActive(gamestretchmode) | Window.IsActive(gamevideofilter) | Window.IsActive(gamevideorotation) | !String.IsEmpty(Window(Home).Property(SkinViewtypes.DialogIsActive)) | !String.IsEmpty(Window(Home).Property(KodiDefaultCastSearch))]">DialogSelectStandard</include>
		<include condition="Window.IsActive(gamestretchmode) | Window.IsActive(gamevideofilter) | Window.IsActive(gamevideorotation)">DialogSelectGame</include>
		<include condition="!String.IsEmpty(Window(Home).Property(SkinViewtypes.DialogIsActive))">DialogSelectViewtypes</include>
		<include condition="!String.IsEmpty(Window(Home).Property(KodiDefaultCastSearch))">DialogSelectSearch</include>
	</controls>
</window>