<?xml version="1.0" encoding="UTF-8"?>
<window>
	<zorder>3</zorder>
	<animation type="WindowOpen">
		<effect type="slide" tween="back" easing="out" start="0,0" end="0,100" center="960,930" time="240" />
	</animation>
	<animation type="WindowClose">
		<effect type="slide" tween="cubic" easing="in" start="0,100" end="0,0" center="960,930" time="180" />
	</animation>
	<controls>
		<control type="group">
			<visible>String.IsEmpty(Window(Home).Property(script.preshowexperience.running))</visible>
			<posx>460</posx>
			<posy>-100</posy>
			<control type="image" description="background">
				<width>1020</width>
				<height>54</height>
				<texture flipy="true" border="44,0,44,0">dialogs/BusyBG.png</texture>
				<colordiffuse>$VAR[DialogBGColor]</colordiffuse>
			</control>
			<control type="label" description="Message">
				<posx>30</posx>
				<height>40</height>
				<width>960</width>
				<scroll>true</scroll>
				<align>center</align>
				<font>ListDetails</font>
				<textcolor>$VAR[HighlightColor]</textcolor>
				<label>$INFO[Control.GetLabel(401)][COLOR $VAR[LabelTextColor]]  •  [/COLOR]$INFO[Control.GetLabel(402)]</label>
			</control>
			<control type="image" id="400" description="File Icon">
				<visible>false</visible>
				<posx>12</posx>
				<posy>12</posy>
				<width>112</width>
				<height>112</height>
			</control>
			<control type="label" id="401" description="Heading">
				<posx>153</posx>
				<height>40</height>
				<width>570</width>
				<scroll>true</scroll>
				<font />
			</control>
			<control type="label" id="402" description="Message">
				<posx>153</posx>
				<posy>40</posy>
				<height>40</height>
				<width>570</width>
				<scroll>true</scroll>
				<font />
			</control>
		</control>
	</controls>
</window>