<?xml version="1.0" encoding="UTF-8"?>
<window>
	<defaultcontrol always="true">9000</defaultcontrol>
	<include>OpenClose</include>
	<controls>
		<control type="group" description="Content">
			<posx>444</posx>
			<posy>360</posy>
			<control type="image" description="Dialog BG">
				<width>1042</width>
				<height>380</height>
				<texture border="45">dialogs/TinyDialog.png</texture>
				<colordiffuse>$VAR[DialogBGColor]</colordiffuse>
			</control>
			<control type="label" id="1" description="Heading hidden">
				<posx>36</posx>
				<posy>40</posy>
				<height>40</height>
				<width>970</width>
				<textcolor>$VAR[HighlightColor]</textcolor>
				<align>center</align>
				<font />
			</control>
			<control type="label" id="100" description="Heading and Progress">
				<posx>36</posx>
				<posy>40</posy>
				<width>970</width>
				<height>40</height>
				<textcolor>$VAR[HighlightColor]</textcolor>
				<align>center</align>
				<label>$INFO[Control.GetLabel(1)]$INFO[System.Progressbar,  ,%]</label>
			</control>
			<control type="textbox" id="9" description="Labels">
				<posx>36</posx>
				<posy>100</posy>
				<width>970</width>
				<height>149</height>
				<align>center</align>
				<font>ListDetails</font>
				<autoscroll time="3000" delay="4000" repeat="5000">true</autoscroll>
			</control>
			<control type="grouplist" id="9000">
				<left>11</left>
				<top>280</top>
				<width>1020</width>
				<itemgap>20</itemgap>
				<onleft>9000</onleft>
				<onright>9000</onright>
				<onup>noop</onup>
				<ondown>noop</ondown>
				<align>center</align>
				<orientation>horizontal</orientation>
				<control type="button" id="11" description="OK">
					<height>60</height>
					<width>315</width>
					<align>center</align>
					<pulseonselect>true</pulseonselect>
				</control>
				<control type="button" id="10" description="Cancel">
					<height>60</height>
					<width>315</width>
					<align>center</align>
					<pulseonselect>true</pulseonselect>
				</control>
				<control type="button" id="12" description="Custom">
					<height>60</height>
					<width>315</width>
					<align>center</align>
					<pulseonselect>true</pulseonselect>
				</control>
			</control>
		</control>
	</controls>
</window>