<?xml version="1.0" encoding="UTF-8"?>
<window>
	<!-- Needed to auto close the video osd after any settings dialog is closed -->
	<onunload condition="!String.IsEmpty(Window(home).Property(ShowingOSDSettings))">ActivateWindow(1196)</onunload>
	<onunload condition="!String.IsEmpty(Window(home).Property(ShowingOSDSettings))">ClearProperty(ShowingOSDSettings,home)</onunload>
	<defaultcontrol>5</defaultcontrol>
	<coordinates>
		<left>350</left>
		<top>100</top>
	</coordinates>
	<include>OpenClose</include>
	<controls>
		<control type="group">
			<visible>!Window.IsVisible(sliderdialog)</visible>
			<include>DialogOpenClose</include>
			<control type="image">
				<width>1220</width>
				<height>910</height>
				<texture border="50,0,50,0">dialogs/DialogBG.png</texture>
				<colordiffuse>$VAR[DialogBGColor]</colordiffuse>
			</control>
			<control type="label" id="2" description="Header">
				<top>45</top>
				<width>1220</width>
				<textcolor>$VAR[HighlightColor]</textcolor>
				<label />
				<align>center</align>
			</control>
			<control type="grouplist" id="5" description="Controls">
				<left>50</left>
				<top>120</top>
				<width>1120</width>
				<height>660</height>
				<onup>9001</onup>
				<ondown>9001</ondown>
				<onleft>9001</onleft>
				<onright>9001</onright>
			</control>
			<control type="grouplist" id="9001">
				<left>50</left>
				<top>805</top>
				<onup>5</onup>
				<ondown>5</ondown>
				<onleft>9001</onleft>
				<onright>9001</onright>
				<height>60</height>
				<width>1220</width>
				<align>center</align>
				<itemgap>15</itemgap>
				<orientation>horizontal</orientation>
				<control type="button" id="28">
					<width>300</width>
					<align>center</align>
					<aligny>center</aligny>
					<label />
				</control>
				<control type="button" id="29">
					<width>300</width>
					<align>center</align>
					<aligny>center</aligny>
					<label />
				</control>
				<control type="button" id="30">
					<width>300</width>
					<align>center</align>
					<aligny>center</aligny>
					<label />
				</control>
			</control>
			<control type="button" id="7">
				<description>Default Button</description>
				<texturenofocus border="3">buttons/ButtonNF.png</texturenofocus>
			</control>
			<control type="radiobutton" id="8">
				<description>Default RadioButton</description>
			</control>
			<control type="spincontrolex" id="9">
				<description>Default spincontrolex</description>
				<reverse>true</reverse>
			</control>
			<control type="image" id="11">
				<description>Default seperator</description>
				<height>2</height>
				<texture>img/LineST.png</texture>
			</control>
			<control type="edit" id="12">
				<description>Default Edit</description>
				<texturenofocus border="3">buttons/ButtonNF.png</texturenofocus>
			</control>
			<control type="sliderex" id="13">
				<description>Default Slider</description>
			</control>
			<control type="label" id="14">
				<shadowcolor>Black</shadowcolor>
			</control>
		</control>
	</controls>
</window>