<?xml version="1.0" encoding="UTF-8"?>
<window>
	<defaultcontrol>3</defaultcontrol>
	<controls>
		<control type="image">
			<left>36</left>
			<top>60</top>
			<width>1848</width>
			<height>1010</height>
			<texture flipx="true">dialogs/DialogBG.png</texture>
			<colordiffuse>$VAR[DialogBGColor]</colordiffuse>
		</control>
		<control type="label" id="2" description="Header">
			<left>36</left>
			<top>100</top>
			<width>1848</width>
			<height>35</height>
			<textcolor>$VAR[HighlightColor]</textcolor>
			<align>center</align>
			<label>$LOCALIZE[35058]</label>
		</control>
		<control type="group" description="All controls">
			<include>OpenClose</include>
			<control type="group">
				<description>Controller types group</description>
				<left>80</left>
				<top>180</top>
				<control type="label">
					<description>Controller types heading</description>
					<width>400</width>
					<height>40</height>
					<label>$LOCALIZE[35050]</label>
					<align>center</align>
					<aligny>center</aligny>
					<textcolor>$VAR[HighlightColor]</textcolor>
					<shadowcolor>black</shadowcolor>
				</control>
				<control type="image">
					<top>60</top>
					<width>400</width>
					<height>700</height>
					<texture border="5">dialogs/FileManagerPanel.png</texture>
				</control>
				<control type="grouplist" id="3">
					<description>Controller types grouplist</description>
					<left>20</left>
					<top>80</top>
					<width>360</width>
					<height>620</height>
					<onup>9001</onup>
					<ondown>9001</ondown>
					<onleft>5</onleft>
					<onright>60</onright>
					<pagecontrol>60</pagecontrol>
					<scrolltime>200</scrolltime>
				</control>
				<control type="button" id="10">
					<description>Default controller types button</description>
					<align>center</align>
					<width>360</width>
					<texturenofocus border="3">buttons/ButtonNF.png</texturenofocus>
					<pulseonselect>false</pulseonselect>
				</control>
				<control type="scrollbar" id="60">
					<description>scrollbar for available modes list</description>
					<animation effect="slide" start="0,0" end="-8,0" time="150">Focus</animation>
					<animation effect="slide" start="-8,0" end="0,0" time="300">UnFocus</animation>
					<left>400</left>
					<top>80</top>
					<width>36</width>
					<height>660</height>
					<texturesliderbackground />
					<texturesliderbar />
					<texturesliderbarfocus />
					<textureslidernib border="18">OSD/ScrollbarNibNF.png</textureslidernib>
					<textureslidernibfocus border="18" colordiffuse="$VAR[HighlightColor]">OSD/ScrollbarNibFO.png</textureslidernibfocus>
					<showonepage>false</showonepage>
					<orientation>vertical</orientation>
					<onleft>3</onleft>
					<onright>5</onright>
				</control>
			</control>
			<control type="gamecontroller" id="31">
				<left>530</left>
				<top>250</top>
				<width>860</width>
				<height>860</height>
				<include>VisibleFadeEffect</include>
			</control>
			<control type="group">
				<description>Feature types group</description>
				<left>1440</left>
				<top>180</top>
				<control type="label">
					<description>Feature types heading</description>
					<width>400</width>
					<height>40</height>
					<label>$LOCALIZE[35059]</label>
					<align>center</align>
					<aligny>center</aligny>
					<textcolor>$VAR[HighlightColor]</textcolor>
					<shadowcolor>black</shadowcolor>
				</control>
				<control type="image">
					<top>60</top>
					<width>400</width>
					<height>700</height>
					<texture border="5">dialogs/FileManagerPanel.png</texture>
				</control>
				<control type="grouplist" id="5">
					<description>Feature types grouplist</description>
					<left>20</left>
					<top>80</top>
					<width>360</width>
					<height>620</height>
					<onup>9001</onup>
					<ondown>9001</ondown>
					<onleft>3</onleft>
					<onright>61</onright>
					<pagecontrol>61</pagecontrol>
					<scrolltime>200</scrolltime>
				</control>
				<control type="button" id="7">
					<description>Default controller types button</description>
					<width>360</width>
					<align>center</align>
					<pulseonselect>false</pulseonselect>
					<texturenofocus border="3">buttons/ButtonNF.png</texturenofocus>
				</control>
				<control type="label" id="8">
					<width>360</width>
					<align>center</align>
					<textcolor>$VAR[HighlightColor]</textcolor>
					<font>Details</font>
				</control>
				<control type="image" id="9">
					<description>Default seperator</description>
					<height>2</height>
					<texture>img/LineST.png</texture>
				</control>
				<control type="scrollbar" id="61">
					<description>scrollbar for active modes list</description>
					<animation effect="slide" start="0,0" end="-8,0" time="150">Focus</animation>
					<animation effect="slide" start="-8,0" end="0,0" time="300">UnFocus</animation>
					<left>400</left>
					<top>80</top>
					<width>36</width>
					<height>660</height>
					<texturesliderbackground />
					<texturesliderbar />
					<texturesliderbarfocus />
					<textureslidernib border="18">OSD/ScrollbarNibNF.png</textureslidernib>
					<textureslidernibfocus border="18" colordiffuse="$VAR[HighlightColor]">OSD/ScrollbarNibFO.png</textureslidernibfocus>
					<showonepage>false</showonepage>
					<orientation>vertical</orientation>
					<onleft>5</onleft>
					<onright>3</onright>
				</control>
			</control>
		</control>
		<control type="grouplist" id="9001">
			<left>36</left>
			<top>940</top>
			<width>1848</width>
			<onup>3</onup>
			<ondown>3</ondown>
			<onleft>9001</onleft>
			<onright>9001</onright>
			<align>center</align>
			<orientation>horizontal</orientation>
			<control type="button" id="20">
				<description>Link to install more controllers</description>
				<align>center</align>
				<width>376</width>
				<label>$LOCALIZE[21452]</label>
			</control>
			<control type="button" id="19">
				<description>Reset Button</description>
				<align>center</align>
				<width>376</width>
				<label>$LOCALIZE[10035]</label>
			</control>
			<control type="button" id="18">
				<description>Ok Button</description>
				<align>center</align>
				<width>376</width>
				<label>$LOCALIZE[186]</label>
			</control>
			<control type="button" id="17">
				<description>Help button</description>
				<align>center</align>
				<width>376</width>
				<label>$LOCALIZE[10043]</label>
			</control>
		</control>
	</controls>
</window>