<?xml version="1.0" encoding="UTF-8"?>
<window>
	<defaultcontrol always="true">450</defaultcontrol>
	<include>OpenClose</include>
	<controls>
		<include>DefaultBackground</include>
		<control type="group">
			<posy>25</posy>
			<control type="image">
				<posx>36</posx>
				<posy>35</posy>
				<width>1849</width>
				<height>1010</height>
				<texture flipx="true">dialogs/SettingsBG.png</texture>
				<colordiffuse>$VAR[DialogBGColor]</colordiffuse>
			</control>
			<control type="label" id="411">
				<posx>120</posx>
				<posy>90</posy>
				<width>1200</width>
				<textcolor>$VAR[HighlightColor]</textcolor>
			</control>
			<control type="group">
				<control type="group">
					<width>609</width>
					<height>834</height>
					<control type="image" description="Item Thumb NOT FLIPPED">
						<visible>!String.Contains(Control.GetLabel(416),*)</visible>
						<posx>150</posx>
						<posy>222</posy>
						<width>522</width>
						<height>480</height>
						<include>Icon_Fade</include>
						<texture fallback="DefaultSquare.png" background="true">$INFO[ListItem.thumb]</texture>
						<aspectratio aligny="bottom">keep</aspectratio>
					</control>
					<control type="image" description="Item Thumb FLIPPED">
						<visible>String.Contains(Control.GetLabel(416),*)</visible>
						<posx>150</posx>
						<posy>222</posy>
						<width>522</width>
						<height>480</height>
						<include>Icon_Fade</include>
						<texture flipx="true" background="true">$INFO[ListItem.Icon]</texture>
						<aspectratio aligny="bottom">keep</aspectratio>
					</control>
				</control>
				<control type="group" description="List">
					<control type="list" id="450" description="No Thumbs">
						<viewtype label="$LOCALIZE[535]">list</viewtype>
						<posx>711</posx>
						<posy>156</posy>
						<width>820</width>
						<height>839</height>
						<pagecontrol>60</pagecontrol>
						<scrolltime>200</scrolltime>
						<onleft>noop</onleft>
						<onright>9000</onright>
						<onup>450</onup>
						<ondown>450</ondown>
						<itemlayout height="60">
							<control type="image">
								<height>60</height>
								<width>820</width>
								<texture border="3">list/ListNF.png</texture>
							</control>
							<control type="label">
								<posx>30</posx>
								<width>740</width>
								<height>60</height>
								<aligny>center</aligny>
								<info>ListItem.Label</info>
							</control>
							<control type="label">
								<posx>800</posx>
								<width>795</width>
								<height>60</height>
								<aligny>center</aligny>
								<align>right</align>
								<info>ListItem.Label2</info>
							</control>
						</itemlayout>
						<focusedlayout height="60">
							<control type="image">
								<width>820</width>
								<height>60</height>
								<texture border="4" colordiffuse="$VAR[HighlightColor]">img/WhiteRoundedST2.png</texture>
								<animation effect="fade" start="100" end="0" time="100" condition="!Control.HasFocus(450)">Conditional</animation>
							</control>
							<control type="label">
								<posx>30</posx>
								<width>740</width>
								<height>60</height>
								<aligny>center</aligny>
								<info>ListItem.Label</info>
								<textcolor>$VAR[FocusedTextColor]</textcolor>
								<shadowcolor />
								<visible>Control.HasFocus(450)</visible>
							</control>
							<control type="label">
								<posx>800</posx>
								<width>795</width>
								<height>60</height>
								<aligny>center</aligny>
								<align>right</align>
								<info>ListItem.Label2</info>
								<textcolor>$VAR[FocusedTextColor]</textcolor>
								<shadowcolor />
								<visible>Control.HasFocus(450)</visible>
							</control>
							<control type="label">
								<posx>30</posx>
								<width>740</width>
								<height>60</height>
								<aligny>center</aligny>
								<info>ListItem.Label</info>
								<visible>!Control.HasFocus(450)</visible>
							</control>
							<control type="label">
								<posx>800</posx>
								<width>795</width>
								<height>60</height>
								<aligny>center</aligny>
								<align>right</align>
								<info>ListItem.Label2</info>
								<visible>!Control.HasFocus(450)</visible>
							</control>
						</focusedlayout>
					</control>
					<control type="panel" id="451" description="Thumbs">
						<posx>711</posx>
						<posy>156</posy>
						<width>820</width>
						<height>839</height>
						<pagecontrol>60</pagecontrol>
						<scrolltime>200</scrolltime>
						<onleft>noop</onleft>
						<onright>9000</onright>
						<onup>451</onup>
						<ondown>451</ondown>
						<itemlayout height="120" width="820">
							<control type="image">
								<height>120</height>
								<width>820</width>
								<texture border="3">list/ListNF.png</texture>
							</control>
							<control type="image" description="Thumb">
								<posx>10</posx>
								<posy>10</posy>
								<width>120</width>
								<height>100</height>
								<texture>$INFO[ListItem.Icon]</texture>
								<aspectratio>keep</aspectratio>
							</control>
							<control type="label">
								<posx>150</posx>
								<width>550</width>
								<height>120</height>
								<aligny>center</aligny>
								<info>ListItem.Label</info>
							</control>
							<control type="label">
								<posx>800</posx>
								<width>795</width>
								<height>120</height>
								<aligny>center</aligny>
								<align>right</align>
								<info>ListItem.Label2</info>
							</control>
						</itemlayout>
						<focusedlayout height="120" width="820">
							<control type="image">
								<width>820</width>
								<height>120</height>
								<texture border="2">buttons/ButtonFO.png</texture>
							</control>
							<control type="image" description="Thumb">
								<posx>10</posx>
								<posy>10</posy>
								<width>120</width>
								<height>100</height>
								<texture>$INFO[ListItem.Icon]</texture>
								<aspectratio>keep</aspectratio>
							</control>
							<control type="label">
								<posx>150</posx>
								<width>550</width>
								<height>120</height>
								<aligny>center</aligny>
								<info>ListItem.Label</info>
							</control>
							<control type="label">
								<posx>800</posx>
								<width>795</width>
								<height>120</height>
								<aligny>center</aligny>
								<align>right</align>
								<info>ListItem.Label2</info>
							</control>
						</focusedlayout>
					</control>
					<control type="grouplist" id="9000">
						<posx>1533</posx>
						<posy>156</posy>
						<width>324</width>
						<height>240</height>
						<onleft>450</onleft>
						<onright>60</onright>
						<onup>noop</onup>
						<ondown>noop</ondown>
						<scrolltime>200</scrolltime>
						<control type="button" id="413">
							<width>330</width>
							<label>$LOCALIZE[186]</label>
							<onleft>450</onleft>
							<onright>60</onright>
							<texturenofocus border="3">buttons/ButtonNF.png</texturenofocus>
						</control>
						<control type="button" id="414">
							<width>330</width>
							<label>$LOCALIZE[222]</label>
							<onleft>450</onleft>
							<onright>60</onright>
							<texturenofocus border="3">buttons/ButtonNF.png</texturenofocus>
						</control>
						<control type="button" id="415">
							<width>330</width>
							<label>$LOCALIZE[119]</label>
							<onleft>450</onleft>
							<onright>60</onright>
							<texturenofocus border="3">buttons/ButtonNF.png</texturenofocus>
							<visible>Control.IsEnabled(415)</visible>
						</control>
						<control type="radiobutton" id="416">
							<width>330</width>
							<label>$LOCALIZE[749]</label>
							<textureradioonfocus />
							<onleft>450</onleft>
							<onright>60</onright>
							<texturenofocus border="3">buttons/ButtonNF.png</texturenofocus>
							<visible>Control.IsEnabled(416)</visible>
						</control>
					</control>
				</control>
			</control>
			<control type="label" id="412">
				<posx>126</posx>
				<posy>900</posy>
				<width>579</width>
				<font>font22</font>
			</control>
			<control type="image" description="Top line">
				<posx>66</posx>
				<posy>96</posy>
				<width>1494</width>
				<height>60</height>
				<texture border="3">list/ListNF.png</texture>
			</control>
			<control type="scrollbar" id="60">
				<posx>1836</posx>
				<width>36</width>
				<height>1020</height>
				<texturesliderbackground />
				<texturesliderbar />
				<texturesliderbarfocus />
				<textureslidernib border="18">OSD/ScrollbarNibNF.png</textureslidernib>
				<textureslidernibfocus border="18" colordiffuse="$VAR[HighlightColor]">OSD/ScrollbarNibFO.png</textureslidernibfocus>
				<showonepage>false</showonepage>
				<orientation>vertical</orientation>
				<onleft>413</onleft>
				<onright>450</onright>
			</control>
		</control>
	</controls>
</window>