<?xml version="1.0" encoding="UTF-8"?>
<includes>
	<variable name="DialogSelectSearchLine2">
		<value condition="String.IsEqual(Container(6).ListItem.DBType,movie) + !Skin.HasSetting(Enable.HourMinutes) + !String.IsEmpty(ListItem.Label2)">$INFO[Container(6).ListItem.Duration]$INFO[Container(6).ListItem.Rating, • ]$INFO[Container(6).ListItem.MPAA, • ]$INFO[ListItem.Label2, • ]</value>
		<value condition="String.IsEqual(Container(6).ListItem.DBType,movie) + Skin.HasSetting(Enable.HourMinutes) + !String.IsEmpty(ListItem.Label2)">$VAR[ContainerItemDurationHrMins,,]$INFO[Container(6).ListItem.Rating, • ]$INFO[Container(6).ListItem.MPAA, • ]$INFO[ListItem.Label2, • ]</value>
		<value condition="String.IsEqual(Container(6).ListItem.DBType,movie) + !Skin.HasSetting(Enable.HourMinutes) + String.IsEmpty(ListItem.Label2)">$INFO[Container(6).ListItem.Duration]$INFO[Container(6).ListItem.Rating, • ]$INFO[Container(6).ListItem.MPAA, • ]</value>
		<value condition="String.IsEqual(Container(6).ListItem.DBType,movie) + Skin.HasSetting(Enable.HourMinutes) + String.IsEmpty(ListItem.Label2)">$VAR[ContainerItemDurationHrMins,,]$INFO[Container(6).ListItem.Rating, • ]$INFO[Container(6).ListItem.MPAA, • ]</value>
		<value condition="String.IsEqual(Container(6).ListItem.DBType,tvshow) + String.IsEmpty(Container(6).ListItem.Duration) + String.IsEmpty(Container(6).ListItem.Property(TotalEpisodes))">$INFO[Container(6).ListItem.Rating]$INFO[Container(6).ListItem.MPAA, • ]</value>
		<value condition="String.IsEqual(Container(6).ListItem.DBType,tvshow) + String.IsEmpty(Container(6).ListItem.Duration) + !String.IsEmpty(Container(6).ListItem.Property(TotalEpisodes))">$INFO[Container(6).ListItem.Property(TotalEpisodes), $LOCALIZE[20360] , • ]$INFO[Container(6).ListItem.Property(UnWatchedEpisodes),$LOCALIZE[32260] ]</value>
		<value condition="String.IsEqual(Container(6).ListItem.DBType,tvshow) + !String.IsEmpty(Container(6).ListItem.Duration) + !Skin.HasSetting(Enable.HourMinutes)">$INFO[Container(6).ListItem.Duration,, • ]$INFO[Container(6).ListItem.Property(TotalEpisodes), $LOCALIZE[20360] , • ]$INFO[Container(6).ListItem.Property(UnWatchedEpisodes),$LOCALIZE[32260] ]</value>
		<value condition="String.IsEqual(Container(6).ListItem.DBType,tvshow) + !String.IsEmpty(Container(6).ListItem.Duration) + Skin.HasSetting(Enable.HourMinutes)">$VAR[ContainerItemDurationHrMins,, • ]$INFO[Container(6).ListItem.Property(TotalEpisodes), $LOCALIZE[20360] , • ]$INFO[Container(6).ListItem.Property(UnWatchedEpisodes),$LOCALIZE[32260] ]</value>
		<value condition="String.IsEqual(Container(6).ListItem.DBType,episode) + !Skin.HasSetting(Enable.HourMinutes) + !String.IsEmpty(ListItem.Label2)">$LOCALIZE[75]$INFO[Container(6).ListItem.Season].$INFO[Container(6).ListItem.Episode]$INFO[Container(6).ListItem.Duration, • ]$INFO[Container(6).ListItem.Premiered, • ]$INFO[Container(6).ListItem.Rating, • ]$INFO[Container(6).ListItem.MPAA, • ]$INFO[ListItem.Label2, • ]</value>
		<value condition="String.IsEqual(Container(6).ListItem.DBType,episode) + Skin.HasSetting(Enable.HourMinutes) + !String.IsEmpty(ListItem.Label2)">$LOCALIZE[75]$INFO[Container(6).ListItem.Season].$INFO[Container(6).ListItem.Episode]$VAR[ContainerItemDurationHrMins, • ,]$INFO[Container(6).ListItem.Premiered, • ]$INFO[Container(6).ListItem.Rating, • ]$INFO[Container(6).ListItem.MPAA, • ]$INFO[ListItem.Label2, • ]</value>
		<value condition="String.IsEqual(Container(6).ListItem.DBType,episode) + !Skin.HasSetting(Enable.HourMinutes) + String.IsEmpty(ListItem.Label2)">$LOCALIZE[75]$INFO[Container(6).ListItem.Season].$INFO[Container(6).ListItem.Episode]$INFO[Container(6).ListItem.Duration, • ]$INFO[Container(6).ListItem.Premiered, • ]$INFO[Container(6).ListItem.Rating, • ]$INFO[Container(6).ListItem.MPAA, • ]</value>
		<value condition="String.IsEqual(Container(6).ListItem.DBType,episode) + Skin.HasSetting(Enable.HourMinutes) + String.IsEmpty(ListItem.Label2)">$LOCALIZE[75]$INFO[Container(6).ListItem.Season].$INFO[Container(6).ListItem.Episode]$VAR[ContainerItemDurationHrMins, • ,]$INFO[Container(6).ListItem.Premiered, • ]$INFO[Container(6).ListItem.Rating, • ]$INFO[Container(6).ListItem.MPAA, • ]</value>
		<value>$INFO[Listitem.Label2]</value>
	</variable>

	<variable name="DialogSelectSearchImage">
		<value condition="String.IsEqual(Container(6).ListItem.DBType,movie) |  String.IsEqual(Container(6).ListItem.DBType,tvshow)">$INFO[Container(6).ListItem.Art(poster)]</value>
		<value condition="String.IsEqual(Container(6).ListItem.DBType,episode) + !String.IsEmpty(Container(6).ListItem.Art(season.poster))">$INFO[Container(6).ListItem.Art(season.poster)]</value>
		<value condition="String.IsEqual(Container(6).ListItem.DBType,episode) + String.IsEmpty(Container(6).ListItem.Art(season.poster))">$INFO[Container(6).ListItem.Art(tvshow.poster)]</value>
	</variable>

	<variable name="DialogSelectSearchItemImage">
		<value condition="String.IsEqual(Container(6).ListItem.DBType,movie) |  String.IsEqual(Container(6).ListItem.DBType,tvshow)">$INFO[Container(6).ListItem.Art(fanart)]</value>
		<value condition="String.IsEqual(Container(6).ListItem.DBType,episode)">$INFO[Container(6).ListItem.Art(thumb)]</value>
	</variable>

	<variable name="DialogSelectImage">
		<value condition="!String.IsEmpty(Container(6).ListItem.Art(poster))">$INFO[ListItem.Art(poster)]</value>
		<value>$INFO[ListItem.Icon]</value>
	</variable>

	<variable name="DialogSelectLabel">
		<value condition="Window.IsVisible(selectvideoversion)">$INFO[ListItem.VideoVersionName]</value>
		<value>$INFO[ListItem.Label]</value>
	</variable>

	<variable name="DialogSelectLabel2">
		<value condition="Window.IsVisible(selectvideoextra)">$INFO[ListItem.Duration(mins),, $LOCALIZE[12391]]</value>
		<value condition="Window.IsVisible(selectvideoversion)">$INFO[ListItem.Duration(mins),, $LOCALIZE[12391]]$INFO[ListItem.VideoResolution, | ]$INFO[ListItem.HdrType, • ]$INFO[ListItem.AudioCodec, | ]$VAR[AudioChannelsLabelVar, • ]</value>
		<value condition="!String.IsEmpty(ListItem.Label2)">$INFO[ListItem.Label2]</value>
	</variable>

	<include name="DialogSelectMediaFlagItems">
		<param name="itemwidth" default="90" />
		<param name="itemheight" default="45" />
		<param name="diffuse">Silver</param>
		<param name="showvideobadge">true</param>
		<param name="showaudiobadge">true</param>
		<param name="showratingbadge">true</param>
		<param name="type">Container(6).ListItem</param>
		<definition>
			<control type="image" id="89001">
				<visible>!String.IsEmpty(Container(6).ListItem.VideoResolution) + !Skin.HasSetting(coloredflags)</visible>
				<visible>!Skin.HasSetting(Hide.MediaFlagsVideo)</visible>
				<visible>$PARAM[showvideobadge]</visible>
				<height>$PARAM[itemheight]</height>
				<width>$PARAM[itemwidth]</width>
				<bordersize>3</bordersize>
				<aspectratio>keep</aspectratio>
				<colordiffuse>$PARAM[diffuse]</colordiffuse>
				<texture>$VAR[SearchVideoResolutionFlagVar]</texture>
			</control>
			<control type="image" id="89001">
				<visible>!String.IsEmpty(Container(6).ListItem.VideoResolution) + Skin.HasSetting(coloredflags)</visible>
				<visible>!Skin.HasSetting(Hide.MediaFlagsVideo)</visible>
				<visible>$PARAM[showvideobadge]</visible>
				<height>$PARAM[itemheight]</height>
				<width>$PARAM[itemwidth]</width>
				<bordersize>3</bordersize>
				<aspectratio>keep</aspectratio>
				<texture>$VAR[SearchVideoResolutionFlagVar]</texture>
			</control>
			<control type="image" id="89002">
				<visible>!String.IsEmpty(Container(6).ListItem.VideoCodec) + !Skin.HasSetting(coloredflags)</visible>
				<visible>!Skin.HasSetting(Hide.MediaFlagsVideo)</visible>
				<visible>$PARAM[showvideobadge]</visible>
				<height>$PARAM[itemheight]</height>
				<width>$PARAM[itemwidth]</width>
				<bordersize>3</bordersize>
				<aspectratio>keep</aspectratio>
				<colordiffuse>$PARAM[diffuse]</colordiffuse>
				<texture>$VAR[SearchVideoCodecFlagVar]</texture>
			</control>
			<control type="image" id="89002">
				<visible>!String.IsEmpty(Container(6).ListItem.VideoCodec) + Skin.HasSetting(coloredflags)</visible>
				<visible>!Skin.HasSetting(Hide.MediaFlagsVideo)</visible>
				<visible>$PARAM[showvideobadge]</visible>
				<height>$PARAM[itemheight]</height>
				<width>$PARAM[itemwidth]</width>
				<bordersize>3</bordersize>
				<aspectratio>keep</aspectratio>
				<texture>$VAR[SearchVideoCodecFlagVar]</texture>
			</control>
			<control type="image" id="89003">
				<visible>!String.IsEmpty(Container(6).ListItem.VideoAspect) + !Skin.HasSetting(coloredflags)</visible>
				<visible>!Skin.HasSetting(Hide.MediaFlagsVideo)</visible>
				<visible>$PARAM[showvideobadge]</visible>
				<height>$PARAM[itemheight]</height>
				<width>$PARAM[itemwidth]</width>
				<bordersize>3</bordersize>
				<aspectratio>keep</aspectratio>
				<colordiffuse>$PARAM[diffuse]</colordiffuse>
				<texture>$VAR[MediaFlagsPathVar]/aspectratio/$INFO[Container(6).ListItem.VideoAspect,,.png]</texture>
			</control>
			<control type="image" id="89003">
				<visible>!String.IsEmpty(Container(6).ListItem.VideoAspect) + Skin.HasSetting(coloredflags)</visible>
				<visible>!Skin.HasSetting(Hide.MediaFlagsVideo)</visible>
				<visible>$PARAM[showvideobadge]</visible>
				<height>$PARAM[itemheight]</height>
				<width>$PARAM[itemwidth]</width>
				<bordersize>3</bordersize>
				<aspectratio>keep</aspectratio>
				<texture>$VAR[MediaFlagsPathVar]/aspectratio/$INFO[Container(6).ListItem.VideoAspect,,.png]</texture>
			</control>
			<control type="image" id="890031">
				<visible>$PARAM[type].IsStereoscopic + !Skin.HasSetting(coloredflags)</visible>
				<visible>$PARAM[showvideobadge]</visible>
				<visible>!Skin.HasSetting(Hide.MediaFlagsVideo)</visible>
				<height>$PARAM[itemheight]</height>
				<width>$PARAM[itemwidth]</width>
				<bordersize>3</bordersize>
				<aspectratio>keep</aspectratio>
				<colordiffuse>$PARAM[diffuse]</colordiffuse>
				<texture>badges/3D.png</texture>
			</control>
			<control type="image" id="890031">
				<visible>$PARAM[type].IsStereoscopic + Skin.HasSetting(coloredflags)</visible>
				<visible>$PARAM[showvideobadge]</visible>
				<visible>!Skin.HasSetting(Hide.MediaFlagsVideo)</visible>
				<height>$PARAM[itemheight]</height>
				<width>$PARAM[itemwidth]</width>
				<bordersize>3</bordersize>
				<aspectratio>keep</aspectratio>
				<texture>badges/3D.png</texture>
			</control>
			<control type="image" id="89007">
				<visible>!String.IsEmpty(Container(6).ListItem.VideoResolution) + !Skin.HasSetting(coloredflags)</visible>
				<visible>!Skin.HasSetting(Hide.MediaFlagsVideo) + Skin.HasSetting(Show.ColorRangeFlags) + [String.Contains(Container(6).ListItem.Filename,hdr) | String.Contains(Container(6).ListItem.Filename,sdr)]</visible>
				<visible>$PARAM[showvideobadge]</visible>
				<height>$PARAM[itemheight]</height>
				<width>$PARAM[itemwidth]</width>
				<bordersize>3</bordersize>
				<aspectratio>keep</aspectratio>
				<colordiffuse>$PARAM[diffuse]</colordiffuse>
				<texture>$VAR[SearchHDRFlagVar]</texture>
			</control>
			<control type="image" id="89007">
				<visible>!String.IsEmpty(Container(6).ListItem.VideoResolution) + Skin.HasSetting(coloredflags)</visible>
				<visible>!Skin.HasSetting(Hide.MediaFlagsVideo) + Skin.HasSetting(Show.ColorRangeFlags) + [String.Contains(Container(6).ListItem.Filename,hdr) | String.Contains(Container(6).ListItem.Filename,sdr)]</visible>
				<visible>$PARAM[showvideobadge]</visible>
				<height>$PARAM[itemheight]</height>
				<width>$PARAM[itemwidth]</width>
				<bordersize>3</bordersize>
				<aspectratio>keep</aspectratio>
				<texture>$VAR[SearchHDRFlagVar]</texture>
			</control>
			<control type="image" id="89008">
				<visible>!String.IsEmpty(Container(6).ListItem.VideoResolution) + !Skin.HasSetting(coloredflags)</visible>
				<visible>!Skin.HasSetting(Hide.MediaFlagsVideo) + Skin.HasSetting(Show.ColorRangeFlags) + [[String.Contains(Container(6).ListItem.FileNameAndPath,8bit) | String.Contains(Container(6).ListItem.FileNameAndPath,8-bit)] | [String.Contains(Container(6).ListItem.FileNameAndPath,10bit) | String.Contains(Container(6).ListItem.FileNameAndPath,10-bit)] | [String.Contains(Container(6).ListItem.FileNameAndPath,12bit) | String.Contains(Container(6).ListItem.FileNameAndPath,12-bit)]]</visible>
				<visible>$PARAM[showvideobadge]</visible>
				<height>$PARAM[itemheight]</height>
				<width>$PARAM[itemwidth]</width>
				<bordersize>3</bordersize>
				<aspectratio>keep</aspectratio>
				<colordiffuse>$PARAM[diffuse]</colordiffuse>
				<texture>$VAR[SearchBitDepthFlagVar]</texture>
			</control>
			<control type="image" id="89008">
				<visible>!String.IsEmpty(Container(6).ListItem.VideoResolution) + Skin.HasSetting(coloredflags)</visible>
				<visible>!Skin.HasSetting(Hide.MediaFlagsVideo) + Skin.HasSetting(Show.ColorRangeFlags) + [[String.Contains(Container(6).ListItem.FileNameAndPath,8bit) | String.Contains(Container(6).ListItem.FileNameAndPath,8-bit)] | [String.Contains(Container(6).ListItem.FileNameAndPath,10bit) | String.Contains(Container(6).ListItem.FileNameAndPath,10-bit)] | [String.Contains(Container(6).ListItem.FileNameAndPath,12bit) | String.Contains(Container(6).ListItem.FileNameAndPath,12-bit)]]</visible>
				<visible>$PARAM[showvideobadge]</visible>
				<height>$PARAM[itemheight]</height>
				<width>$PARAM[itemwidth]</width>
				<bordersize>3</bordersize>
				<aspectratio>keep</aspectratio>
				<texture>$VAR[SearchBitDepthFlagVar]</texture>
			</control>
			<control type="image" id="89004">
				<visible>!String.IsEmpty(Container(6).ListItem.AudioCodec) + !Skin.HasSetting(coloredflags)</visible>
				<visible>$PARAM[showaudiobadge]</visible>
				<visible>!Skin.HasSetting(Hide.MediaFlagsVideo)</visible>
				<height>$PARAM[itemheight]</height>
				<width>$PARAM[itemwidth]</width>
				<bordersize>3</bordersize>
				<aspectratio>keep</aspectratio>
				<colordiffuse>$PARAM[diffuse]</colordiffuse>
				<texture>$VAR[SearchAudioCodecFlagVar]</texture>
			</control>
			<control type="image" id="89004">
				<visible>!String.IsEmpty(Container(6).ListItem.AudioCodec) + Skin.HasSetting(coloredflags)</visible>
				<visible>$PARAM[showaudiobadge]</visible>
				<visible>!Skin.HasSetting(Hide.MediaFlagsVideo)</visible>
				<height>$PARAM[itemheight]</height>
				<width>$PARAM[itemwidth]</width>
				<bordersize>3</bordersize>
				<aspectratio>keep</aspectratio>
				<texture>$VAR[SearchAudioCodecFlagVar]</texture>
			</control>
			<control type="image" id="89006">
				<visible>!String.IsEmpty(Container(6).ListItem.AudioChannels) + !Skin.HasSetting(coloredflags)</visible>
				<visible>!Skin.HasSetting(Hide.MediaFlagsVideo)</visible>
				<visible>$PARAM[showaudiobadge]</visible>
				<height>$PARAM[itemheight]</height>
				<width>$PARAM[itemwidth]</width>
				<bordersize>3</bordersize>
				<aspectratio>keep</aspectratio>
				<colordiffuse>$PARAM[diffuse]</colordiffuse>
				<texture>$VAR[MediaFlagsPathVar]/audiochannels/channels$INFO[Container(6).ListItem.AudioChannels,,.png]</texture>
			</control>
			<control type="image" id="89006">
				<visible>!String.IsEmpty(Container(6).ListItem.AudioChannels) + Skin.HasSetting(coloredflags)</visible>
				<visible>!Skin.HasSetting(Hide.MediaFlagsVideo)</visible>
				<visible>$PARAM[showaudiobadge]</visible>
				<height>$PARAM[itemheight]</height>
				<width>$PARAM[itemwidth]</width>
				<bordersize>3</bordersize>
				<aspectratio>keep</aspectratio>
				<texture>$VAR[MediaFlagsPathVar]/audiochannels/channels$INFO[Container(6).ListItem.AudioChannels,,.png]</texture>
			</control>
		</definition>
	</include>

	<include name="DialogSelectSearch">
		<include>DimBG</include>
		<control type="group">
			<posx>172</posx>
			<posy>180</posy>
			<control type="image">
				<posx>6</posx>
				<posy>-20</posy>
				<width>1580</width>
				<height>780</height>
				<texture flipx="true">dialogs/SettingsBG.png</texture>
				<colordiffuse>$VAR[DialogBGColor]</colordiffuse>
				<visible>!Control.IsVisible(3)</visible>
			</control>
			<control type="image">
				<posx>-14</posx>
				<posy>-20</posy>
				<width>1293</width>
				<height>720</height>
				<texture flipx="true" border="55">dialogs/DialogRightSmall.png</texture>
				<colordiffuse>$VAR[DialogBGColor]</colordiffuse>
				<visible>Control.IsVisible(3)</visible>
			</control>
			<control type="label" id="1" description="Header">
				<posx>-14</posx>
				<posy>5</posy>
				<width>1600</width>
				<height>30</height>
				<align>center</align>
				<aligny>center</aligny>
				<font>ListDetails</font>
				<textcolor>$VAR[HighlightColor]</textcolor>
				<label />
				<visible>!Control.IsVisible(3)</visible>
			</control>
			<control type="label" id="1" description="Header">
				<posx>300</posx>
				<width>900</width>
				<height>30</height>
				<align>center</align>
				<font>ListDetails</font>
				<textcolor>$VAR[HighlightColor]</textcolor>
				<label />
				<visible>!Control.IsVisible(6)</visible>
			</control>
			<control type="group">
				<left>50</left>
				<top>60</top>
				<visible>Control.IsVisible(6)</visible>
				<include content="ShadowedImage">
					<param name="top">0</param>
					<param name="left">0</param>
					<param name="width">500</param>
					<param name="height">500</param>
					<param name="shadowoffset">8</param>
					<param name="texture">$VAR[DialogSelectSearchImage]</param>
				</include>
			</control>
			<control type="group">
				<control type="grouplist" description="Flags">
					<top>570</top>
					<left>50</left>
					<width>500</width>
					<height>45</height>
					<itemgap>10</itemgap>
					<orientation>horizontal</orientation>
					<align>center</align>
					<include content="DialogSelectMediaFlagItems">
						<param name="diffuse">$VAR[LabelTextColor]</param>
						<param name="itemwidth">61</param>
					</include>
				</control>
			</control>
			<control type="group" description="Group 6 Thumbs">
				<visible>Control.IsVisible(6)</visible>
				<control type="list" id="6">
					<posx>576</posx>
					<posy>60</posy>
					<width>708</width>
					<height>600</height>
					<orientation>vertical</orientation>
					<onleft>60</onleft>
					<onright>90</onright>
					<onup>6</onup>
					<ondown>6</ondown>
					<pagecontrol>60</pagecontrol>
					<scrolltime>0</scrolltime>
					<itemlayout width="710" height="120">
						<control type="image">
							<width>710</width>
							<height>120</height>
							<texture border="3">list/ListNF.png</texture>
						</control>
						<include content="ShadowedImage">
							<param name="top">8</param>
							<param name="left">16</param>
							<param name="width">100</param>
							<param name="height">100</param>
							<param name="shadowoffset">4</param>
							<param name="texture">$VAR[DialogSelectSearchItemImage]</param>
						</include>
						<control type="label">
							<posx>132</posx>
							<posy>5</posy>
							<width>590</width>
							<height>60</height>
							<label>$INFO[ListItem.Label]</label>
							<scroll>true</scroll>
							<selectedcolor>$VAR[HighlightColor]</selectedcolor>
						</control>
						<control type="label">
							<left>132</left>
							<posy>55</posy>
							<width>590</width>
							<height>60</height>
							<align>left</align>
							<textcolor>Grey</textcolor>
							<selectedcolor>$VAR[HighlightColor]</selectedcolor>
							<font>ListDetails</font>
							<scroll>false</scroll>
							<label>$VAR[DialogSelectSearchLine2]</label>
						</control>
					</itemlayout>
					<focusedlayout width="710" height="120">
						<control type="image">
							<width>710</width>
							<height>120</height>
							<texture border="3">list/ListNF.png</texture>
						</control>
						<control type="image">
							<visible>Control.HasFocus(6)</visible>
							<include>VisibleFadeEffect</include>
							<width>710</width>
							<height>120</height>
							<texture border="4" colordiffuse="$VAR[HighlightColor]">img/WhiteRoundedST2.png</texture>
						</control>
						<include content="ShadowedImage">
							<param name="top">8</param>
							<param name="left">16</param>
							<param name="width">100</param>
							<param name="height">100</param>
							<param name="shadowoffset">4</param>
							<param name="texture">$VAR[DialogSelectSearchItemImage]</param>
						</include>
						<control type="label">
							<visible>Control.HasFocus(6)</visible>
							<posx>132</posx>
							<posy>5</posy>
							<width>590</width>
							<height>60</height>
							<textcolor>$VAR[FocusedTextColor]</textcolor>
							<selectedcolor>SelectedFocused</selectedcolor>
							<shadowcolor>HeavyShadow</shadowcolor>
							<label>$INFO[ListItem.Label]</label>
							<scroll>true</scroll>
						</control>
						<control type="label">
							<visible>!Control.HasFocus(6)</visible>
							<posx>132</posx>
							<posy>5</posy>
							<width>590</width>
							<height>60</height>
							<selectedcolor>$VAR[HighlightColor]</selectedcolor>
							<label>$INFO[ListItem.Label]</label>
							<scroll>true</scroll>
						</control>
						<control type="label">
							<visible>Control.HasFocus(6)</visible>
							<left>132</left>
							<posy>55</posy>
							<width>590</width>
							<height>60</height>
							<align>left</align>
							<textcolor>$VAR[FocusedTextColor]</textcolor>
							<selectedcolor>SelectedFocused</selectedcolor>
							<shadowcolor>HeavyShadow</shadowcolor>
							<font>ListDetails</font>
							<scroll>false</scroll>
							<label>$VAR[DialogSelectSearchLine2]</label>
						</control>
						<control type="label">
							<left>132</left>
							<posy>55</posy>
							<width>590</width>
							<height>60</height>
							<align>left</align>
							<textcolor>Grey</textcolor>
							<selectedcolor>$VAR[HighlightColor]</selectedcolor>
							<font>ListDetails</font>
							<scroll>false</scroll>
							<label>$VAR[DialogSelectSearchLine2]</label>
						</control>
					</focusedlayout>
				</control>
			</control>
			<control type="group" description="Group 3 Plain list">
				<control type="list" id="3">
					<posx>256</posx>
					<posy>60</posy>
					<width>1010</width>
					<height>600</height>
					<orientation>vertical</orientation>
					<onleft>90</onleft>
					<onright>60</onright>
					<onup>3</onup>
					<ondown>3</ondown>
					<pagecontrol>60</pagecontrol>
					<scrolltime>0</scrolltime>
					<itemlayout width="1010" height="60">
						<control type="image">
							<width>1010</width>
							<height>60</height>
							<texture border="3">list/ListNF.png</texture>
						</control>
						<control type="label">
							<scroll>false</scroll>
							<width>810</width>
							<height>60</height>
							<textoffsetx>30</textoffsetx>
							<label>$INFO[ListItem.Label]</label>
							<selectedcolor>$VAR[HighlightColor]</selectedcolor>
						</control>
					</itemlayout>
					<focusedlayout width="1010" height="60">
						<control type="image">
							<visible>Control.HasFocus(3)</visible>
							<include>VisibleFadeEffect</include>
							<width>1010</width>
							<height>60</height>
							<texture border="4" colordiffuse="$VAR[HighlightColor]">img/WhiteRoundedST2.png</texture>
						</control>
						<control type="label">
							<width>810</width>
							<height>60</height>
							<textoffsetx>30</textoffsetx>
							<textcolor>$VAR[FocusedTextColor]</textcolor>
							<selectedcolor>SelectedFocused</selectedcolor>
							<shadowcolor>HeavyShadow</shadowcolor>
							<label>$INFO[ListItem.Label]</label>
						</control>
					</focusedlayout>
				</control>
			</control>
			<control type="scrollbar" id="60">
				<posx>13</posx>
				<posy>60</posy>
				<width>36</width>
				<height>600</height>
				<texturesliderbackground />
				<texturesliderbar />
				<texturesliderbarfocus />
				<textureslidernib border="18">OSD/ScrollbarNibNF.png</textureslidernib>
				<textureslidernibfocus border="18" colordiffuse="$VAR[HighlightColor]">OSD/ScrollbarNibFO.png</textureslidernibfocus>
				<showonepage>false</showonepage>
				<orientation>vertical</orientation>
				<onright>3</onright>
				<visible>Control.IsVisible(6)</visible>
			</control>
			<control type="scrollbar" id="60">
				<posx>1250</posx>
				<posy>60</posy>
				<width>36</width>
				<height>600</height>
				<texturesliderbackground />
				<texturesliderbar />
				<texturesliderbarfocus />
				<textureslidernib border="18">OSD/ScrollbarNibNF.png</textureslidernib>
				<textureslidernibfocus border="18" colordiffuse="$VAR[HighlightColor]">OSD/ScrollbarNibFO.png</textureslidernibfocus>
				<showonepage>false</showonepage>
				<orientation>vertical</orientation>
				<onleft>3</onleft>
				<visible>Control.IsVisible(3)</visible>
			</control>
			<control type="grouplist" id="90">
				<visible>Control.IsVisible(6)</visible>
				<top>580</top>
				<left>1290</left>
				<onleft condition="Control.IsVisible(3)">3</onleft>
				<onright condition="Control.IsVisible(3)">3</onright>
				<onleft condition="Control.IsVisible(6)">6</onleft>
				<onright condition="Control.IsVisible(6)">6</onright>
				<control type="button" id="95">
					<description>Manual button</description>
					<width>254</width>
					<label>$INFO[Control.GetLabel(5)]</label>
					<align>right</align>
					<height>60</height>
					<texturenofocus border="3">buttons/ButtonNF.png</texturenofocus>
					<label />
					<onclick>SendClick(5)</onclick>
					<ondown>7</ondown>
					<ondown>9000</ondown>
					<visible>Control.IsEnabled(5) + !String.IsEmpty(Control.GetLabel(5))</visible>
				</control>
				<control type="button" id="7">
					<description>Cancel button</description>
					<width>254</width>
					<height>60</height>
					<label>$LOCALIZE[222]</label>
					<align>right</align>
					<onup>95</onup>
					<texturenofocus border="3">buttons/ButtonNF.png</texturenofocus>
				</control>
			</control>
			<control type="grouplist" id="90">
				<visible>Control.IsVisible(3)</visible>
				<top>540</top>
				<onleft condition="Control.IsVisible(3)">3</onleft>
				<onright condition="Control.IsVisible(3)">3</onright>
				<onleft condition="Control.IsVisible(6)">6</onleft>
				<onright condition="Control.IsVisible(6)">6</onright>
				<control type="button" id="95">
					<description>Manual button</description>
					<width>254</width>
					<label>$INFO[Control.GetLabel(5)]</label>
					<align>right</align>
					<height>60</height>
					<texturenofocus border="3">buttons/ButtonNF.png</texturenofocus>
					<label />
					<onclick>SendClick(5)</onclick>
					<ondown>7</ondown>
					<ondown>9000</ondown>
					<visible>Control.IsEnabled(5) + !String.IsEmpty(Control.GetLabel(5))</visible>
				</control>
				<control type="button" id="7">
					<description>Cancel button</description>
					<width>254</width>
					<height>60</height>
					<label>$LOCALIZE[222]</label>
					<align>right</align>
					<onup>95</onup>
					<texturenofocus border="3">buttons/ButtonNF.png</texturenofocus>
				</control>
			</control>
			<control type="button" id="5" description="Get more button">
				<include>HiddenButton</include>
			</control>
		</control>
	</include>

	<include name="DialogSelectStandard">
		<include>DimBG</include>
		<control type="group">
			<posx>172</posx>
			<posy>180</posy>
			<control type="image">
				<posx>6</posx>
				<posy>-20</posy>
				<width>1580</width>
				<height>780</height>
				<texture flipx="true">dialogs/SettingsBG.png</texture>
				<colordiffuse>$VAR[DialogBGColor]</colordiffuse>
				<visible>!Control.IsVisible(3)</visible>
			</control>
			<control type="image">
				<posx>-14</posx>
				<posy>-20</posy>
				<width>1293</width>
				<height>720</height>
				<texture flipx="true" border="55">dialogs/DialogRightSmall.png</texture>
				<colordiffuse>$VAR[DialogBGColor]</colordiffuse>
				<visible>Control.IsVisible(3)</visible>
			</control>
			<control type="label" id="1" description="Header">
				<posx>-14</posx>
				<posy>5</posy>
				<width>1600</width>
				<height>30</height>
				<align>center</align>
				<aligny>center</aligny>
				<font>ListDetails</font>
				<textcolor>$VAR[HighlightColor]</textcolor>
				<label />
				<visible>!Control.IsVisible(3)</visible>
			</control>
			<control type="label" id="1" description="Header">
				<posx>300</posx>
				<width>900</width>
				<height>30</height>
				<align>center</align>
				<font>ListDetails</font>
				<textcolor>$VAR[HighlightColor]</textcolor>
				<label />
				<visible>!Control.IsVisible(6)</visible>
			</control>
			<control type="group">
				<left>50</left>
				<top>60</top>
				<visible>Control.IsVisible(6)</visible>
				<include content="ShadowedImage">
					<param name="top">0</param>
					<param name="left">0</param>
					<param name="width">500</param>
					<param name="height">500</param>
					<param name="shadowoffset">8</param>
					<param name="texture">$VAR[DialogSelectImage]</param>
				</include>
			</control>
			<control type="group">
				<left>50</left>
				<top>60</top>
				<visible>Control.IsVisible(6) + !String.IsEmpty(Window(Home).Property(SkinViewtypes.DialogIsActive))</visible>
				<include content="ShadowedImage">
					<param name="top">0</param>
					<param name="left">0</param>
					<param name="width">600</param>
					<param name="height">600</param>
					<param name="shadowoffset">8</param>
					<param name="texture">$INFO[Container(6).ListItem.Icon]</param>
				</include>
			</control>
			<control type="group" description="Group 6 Thumbs">
				<visible>Control.IsVisible(6)</visible>
				<control type="list" id="6">
					<posx>576</posx>
					<posy>60</posy>
					<width>708</width>
					<height>600</height>
					<orientation>vertical</orientation>
					<onleft>60</onleft>
					<onright>90</onright>
					<onup>6</onup>
					<ondown>6</ondown>
					<pagecontrol>60</pagecontrol>
					<scrolltime>0</scrolltime>
					<itemlayout width="710" height="120">
						<control type="image">
							<width>710</width>
							<height>120</height>
							<texture border="3">list/ListNF.png</texture>
						</control>
						<include content="ShadowedImage">
							<param name="top">8</param>
							<param name="left">16</param>
							<param name="width">100</param>
							<param name="height">100</param>
							<param name="shadowoffset">4</param>
							<param name="texture">$VAR[DialogSelectImage]</param>
						</include>
						<control type="label">
							<posx>132</posx>
							<posy>5</posy>
							<width>590</width>
							<height>60</height>
							<label>$VAR[DialogSelectLabel]</label>
							<scroll>true</scroll>
							<selectedcolor>$VAR[HighlightColor]</selectedcolor>
						</control>
						<control type="label">
							<left>132</left>
							<posy>55</posy>
							<width>590</width>
							<height>60</height>
							<align>left</align>
							<textcolor>Grey</textcolor>
							<selectedcolor>$VAR[HighlightColor]</selectedcolor>
							<font>ListDetails</font>
							<scroll>false</scroll>
							<label>$VAR[DialogSelectLabel2]</label>
						</control>
					</itemlayout>
					<focusedlayout width="710" height="120">
						<control type="image">
							<width>710</width>
							<height>120</height>
							<texture border="3">list/ListNF.png</texture>
						</control>
						<control type="image">
							<visible>Control.HasFocus(6)</visible>
							<include>VisibleFadeEffect</include>
							<width>710</width>
							<height>120</height>
							<texture border="4" colordiffuse="$VAR[HighlightColor]">img/WhiteRoundedST2.png</texture>
						</control>
						<include content="ShadowedImage">
							<param name="top">8</param>
							<param name="left">16</param>
							<param name="width">100</param>
							<param name="height">100</param>
							<param name="shadowoffset">4</param>
							<param name="texture">$VAR[DialogSelectImage]</param>
						</include>
						<control type="label">
							<visible>Control.HasFocus(6)</visible>
							<posx>132</posx>
							<posy>5</posy>
							<width>590</width>
							<height>60</height>
							<textcolor>$VAR[FocusedTextColor]</textcolor>
							<selectedcolor>SelectedFocused</selectedcolor>
							<shadowcolor>HeavyShadow</shadowcolor>
							<label>$VAR[DialogSelectLabel]</label>
							<scroll>true</scroll>
						</control>
						<control type="label">
							<visible>!Control.HasFocus(6)</visible>
							<posx>132</posx>
							<posy>5</posy>
							<width>590</width>
							<height>60</height>
							<selectedcolor>$VAR[HighlightColor]</selectedcolor>
							<label>$INFO[ListItem.Label]</label>
							<scroll>true</scroll>
						</control>
						<control type="label">
							<visible>Control.HasFocus(6)</visible>
							<left>132</left>
							<posy>55</posy>
							<width>590</width>
							<height>60</height>
							<align>left</align>
							<textcolor>$VAR[FocusedTextColor]</textcolor>
							<selectedcolor>SelectedFocused</selectedcolor>
							<shadowcolor>HeavyShadow</shadowcolor>
							<font>ListDetails</font>
							<label>$VAR[DialogSelectLabel2]</label>
						</control>
						<control type="label">
							<visible>!Control.HasFocus(6)</visible>
							<left>132</left>
							<posy>55</posy>
							<width>590</width>
							<height>60</height>
							<align>left</align>
							<textcolor>Grey</textcolor>
							<selectedcolor>$VAR[HighlightColor]</selectedcolor>
							<shadowcolor />
							<font>ListDetails</font>
							<label>$INFO[ListItem.Label2]</label>
						</control>
					</focusedlayout>
				</control>
			</control>
			<control type="group" description="Group 3 Plain list">
				<control type="list" id="3">
					<posx>256</posx>
					<posy>60</posy>
					<width>1010</width>
					<height>600</height>
					<orientation>vertical</orientation>
					<onleft>90</onleft>
					<onright>60</onright>
					<onup>3</onup>
					<ondown>3</ondown>
					<pagecontrol>60</pagecontrol>
					<scrolltime>0</scrolltime>
					<itemlayout width="1010" height="60">
						<control type="image">
							<width>1010</width>
							<height>60</height>
							<texture border="3">list/ListNF.png</texture>
						</control>
						<control type="label">
							<scroll>false</scroll>
							<width>810</width>
							<height>60</height>
							<textoffsetx>30</textoffsetx>
							<label>$INFO[ListItem.Label]</label>
							<selectedcolor>$VAR[HighlightColor]</selectedcolor>
						</control>
					</itemlayout>
					<focusedlayout width="1010" height="60">
						<control type="image">
							<visible>Control.HasFocus(3)</visible>
							<include>VisibleFadeEffect</include>
							<width>1010</width>
							<height>60</height>
							<texture border="4" colordiffuse="$VAR[HighlightColor]">img/WhiteRoundedST2.png</texture>
						</control>
						<control type="label">
							<width>810</width>
							<height>60</height>
							<textoffsetx>30</textoffsetx>
							<textcolor>$VAR[FocusedTextColor]</textcolor>
							<selectedcolor>SelectedFocused</selectedcolor>
							<shadowcolor>HeavyShadow</shadowcolor>
							<label>$INFO[ListItem.Label]</label>
						</control>
					</focusedlayout>
				</control>
			</control>
			<control type="scrollbar" id="60">
				<posx>13</posx>
				<posy>60</posy>
				<width>36</width>
				<height>600</height>
				<texturesliderbackground />
				<texturesliderbar />
				<texturesliderbarfocus />
				<textureslidernib border="18">OSD/ScrollbarNibNF.png</textureslidernib>
				<textureslidernibfocus border="18" colordiffuse="$VAR[HighlightColor]">OSD/ScrollbarNibFO.png</textureslidernibfocus>
				<showonepage>false</showonepage>
				<orientation>vertical</orientation>
				<onright>3</onright>
				<visible>Control.IsVisible(6)</visible>
			</control>
			<control type="scrollbar" id="60">
				<posx>1250</posx>
				<posy>60</posy>
				<width>36</width>
				<height>600</height>
				<texturesliderbackground />
				<texturesliderbar />
				<texturesliderbarfocus />
				<textureslidernib border="18">OSD/ScrollbarNibNF.png</textureslidernib>
				<textureslidernibfocus border="18" colordiffuse="$VAR[HighlightColor]">OSD/ScrollbarNibFO.png</textureslidernibfocus>
				<showonepage>false</showonepage>
				<orientation>vertical</orientation>
				<onleft>3</onleft>
				<visible>Control.IsVisible(3)</visible>
			</control>
			<control type="grouplist" id="90">
				<visible>Control.IsVisible(6)</visible>
				<top>500</top>
				<left>1290</left>
				<onleft condition="Control.IsVisible(3)">3</onleft>
				<onright condition="Control.IsVisible(3)">3</onright>
				<onleft condition="Control.IsVisible(6)">6</onleft>
				<onright condition="Control.IsVisible(6)">6</onright>
				<control type="button" id="98">
					<description>Get More button</description>
					<width>254</width>
					<label>$INFO[Control.GetLabel(8)]</label>
					<align>right</align>
					<height>60</height>
					<texturenofocus border="3">buttons/ButtonNF.png</texturenofocus>
					<onclick>SendClick(8)</onclick>
					<ondown>95</ondown>
					<visible>Control.IsEnabled(8) + !String.IsEmpty(Control.GetLabel(8))</visible>
				</control>
				<!-- <control type="button" id="981">
					<description>Get More button</description>
					<width>254</width>
					<label>$LOCALIZE[21452]</label>
					<align>right</align>
					<height>60</height>
					<texturenofocus border="3">buttons/ButtonNF.png</texturenofocus>
					<onclick>SendClick(8)</onclick>
					<ondown>95</ondown>
					<visible>Control.IsEnabled(8) + String.IsEmpty(Control.GetLabel(8))</visible>
				</control> -->
				<control type="button" id="95">
					<description>Manual button</description>
					<width>254</width>
					<label>$INFO[Control.GetLabel(5)]</label>
					<align>right</align>
					<height>60</height>
					<texturenofocus border="3">buttons/ButtonNF.png</texturenofocus>
					<onclick>SendClick(5)</onclick>
					<onup>98</onup>
					<ondown>7</ondown>
					<ondown>9000</ondown>
					<visible>Control.IsEnabled(5) + !String.IsEmpty(Control.GetLabel(5))</visible>
				</control>
				<control type="button" id="951">
					<description>Manual button</description>
					<width>254</width>
					<label>$LOCALIZE[186]</label>
					<align>right</align>
					<height>60</height>
					<texturenofocus border="3">buttons/ButtonNF.png</texturenofocus>
					<onclick>SendClick(5)</onclick>
					<onup>98</onup>
					<ondown>7</ondown>
					<ondown>9000</ondown>
					<visible>Control.IsEnabled(5) + String.IsEmpty(Control.GetLabel(5))</visible>
				</control>
				<control type="button" id="7">
					<description>Cancel button</description>
					<width>254</width>
					<height>60</height>
					<label>$LOCALIZE[222]</label>
					<align>right</align>
					<onup>95</onup>
					<texturenofocus border="3">buttons/ButtonNF.png</texturenofocus>
				</control>
			</control>
			<control type="grouplist" id="90">
				<visible>Control.IsVisible(3)</visible>
				<top>460</top>
				<onleft condition="Control.IsVisible(3)">3</onleft>
				<onright condition="Control.IsVisible(3)">3</onright>
				<onleft condition="Control.IsVisible(6)">6</onleft>
				<onright condition="Control.IsVisible(6)">6</onright>
				<control type="button" id="98">
					<description>Get More button</description>
					<width>254</width>
					<label>$INFO[Control.GetLabel(8)]</label>
					<align>right</align>
					<height>60</height>
					<texturenofocus border="3">buttons/ButtonNF.png</texturenofocus>
					<onclick>SendClick(8)</onclick>
					<ondown>95</ondown>
					<visible>Control.IsEnabled(8) + !String.IsEmpty(Control.GetLabel(8))</visible>
				</control>
				<!-- <control type="button" id="981">
					<description>Get More button</description>
					<width>254</width>
					<label>$LOCALIZE[21452]</label>
					<align>right</align>
					<height>60</height>
					<texturenofocus border="3">buttons/ButtonNF.png</texturenofocus>
					<onclick>SendClick(8)</onclick>
					<ondown>95</ondown>
					<visible>Control.IsEnabled(8) + String.IsEmpty(Control.GetLabel(8))</visible>
				</control> -->
				<control type="button" id="95">
					<description>Manual button</description>
					<width>254</width>
					<label>$INFO[Control.GetLabel(5)]</label>
					<align>right</align>
					<height>60</height>
					<texturenofocus border="3">buttons/ButtonNF.png</texturenofocus>
					<onclick>SendClick(5)</onclick>
					<onup>98</onup>
					<ondown>7</ondown>
					<ondown>9000</ondown>
					<visible>Control.IsEnabled(5) + !String.IsEmpty(Control.GetLabel(5))</visible>
				</control>
				<control type="button" id="951">
					<description>Manual button</description>
					<width>254</width>
					<label>$LOCALIZE[186]</label>
					<align>right</align>
					<height>60</height>
					<texturenofocus border="3">buttons/ButtonNF.png</texturenofocus>
					<onclick>SendClick(5)</onclick>
					<onup>98</onup>
					<ondown>7</ondown>
					<ondown>9000</ondown>
					<visible>Control.IsEnabled(5) + String.IsEmpty(Control.GetLabel(5))</visible>
				</control>
				<control type="button" id="7">
					<description>Cancel button</description>
					<width>254</width>
					<height>60</height>
					<label>$LOCALIZE[222]</label>
					<align>right</align>
					<onup>95</onup>
					<texturenofocus border="3">buttons/ButtonNF.png</texturenofocus>
				</control>
			</control>
			<control type="button" id="5" description="Get more button">
				<include>HiddenButton</include>
				<onfocus>SetFocus(95)</onfocus>
			</control>
			<control type="button" id="8">
				<description>Add/Get More... button</description>
				<include>HiddenButton</include>
				<onfocus>SetFocus(98)</onfocus>
			</control>
		</control>
	</include>

	<include name="DialogSelectGame">
		<control type="group" description="Content for Games">
			<visible>[Window.IsActive(gamestretchmode) | Window.IsActive(gamevideofilter) | Window.IsActive(gamevideorotation)]</visible>
			<bottom>0</bottom>
			<height>540</height>
			<width>100%</width>
			<control type="image">
				<texture>dialogs/DialogBG.png</texture>
				<colordiffuse>eeaaaaaa</colordiffuse>
			</control>
			<control type="panel" id="11">
				<top>30</top>
				<scrolltime tween="sine">200</scrolltime>
				<orientation>horizontal</orientation>
				<itemlayout width="460" height="340">
					<control type="group">
						<left>48</left>
						<right>18</right>
						<top>5</top>
						<control type="image">
							<width>444</width>
							<height>250</height>
							<aspectratio>scale</aspectratio>
							<texture border="4">DefaultVideo.png</texture>
							<bordertexture>colors/black.png</bordertexture>
							<bordersize>4</bordersize>
						</control>
						<control type="gamewindow">
							<width>444</width>
							<height>250</height>
							<videofilter>$INFO[ListItem.Property(game.videofilter)]</videofilter>
							<stretchmode>$INFO[ListItem.Property(game.stretchmode)]</stretchmode>
							<rotation>$INFO[ListItem.Property(game.videorotation)]</rotation>
						</control>
						<control type="image">
							<top>255</top>
							<width>444</width>
							<height>89</height>
							<texture>img/WhiteRoundedT.png</texture>
							<aspectratio>stretch</aspectratio>
						</control>
						<control type="label">
							<posy>260</posy>
							<width>444</width>
							<height>80</height>
							<label>$INFO[ListItem.Label][CR][COLOR Grey]$INFO[ListItem.Label2][/COLOR]</label>
							<font>Details</font>
							<align>center</align>
						</control>
					</control>
				</itemlayout>
				<focusedlayout width="460" height="340">
					<control type="group">
						<left>48</left>
						<right>18</right>
						<top>5</top>
						<control type="image">
							<width>444</width>
							<height>250</height>
							<aspectratio>scale</aspectratio>
							<texture border="4">DefaultVideo.png</texture>
							<bordertexture>colors/black.png</bordertexture>
							<bordersize>4</bordersize>
						</control>
						<control type="gamewindow">
							<width>444</width>
							<height>250</height>
							<videofilter>$INFO[ListItem.Property(game.videofilter)]</videofilter>
							<stretchmode>$INFO[ListItem.Property(game.stretchmode)]</stretchmode>
							<rotation>$INFO[ListItem.Property(game.videorotation)]</rotation>
						</control>
						<control type="image">
							<top>255</top>
							<width>444</width>
							<height>89</height>
							<texture border="4">img/WhiteRoundedST2.png</texture>
							<colordiffuse>$VAR[HighlightColor]</colordiffuse>
							<aspectratio>stretch</aspectratio>
							<visible>Control.HasFocus(11)</visible>
						</control>
						<control type="label">
							<posy>260</posy>
							<width>444</width>
							<height>80</height>
							<label>$INFO[ListItem.Label][CR] $INFO[ListItem.Label2]</label>
							<font>Details</font>
							<textcolor>$VAR[FocusedTextColor]</textcolor>
							<shadowcolor />
							<align>center</align>
						</control>
						<control type="image">
							<width>444</width>
							<height>250</height>
							<texture colordiffuse="$VAR[HighlightColor]" border="8">thumbs/IconBorder_FO.png</texture>
							<visible>Control.HasFocus(11)</visible>
						</control>
					</control>
				</focusedlayout>
			</control>
			<control type="textbox" id="12">
				<description>Description Area</description>
				<visible>Window.IsActive(gamevideofilter)</visible>
				<top>410</top>
				<left>100</left>
				<right>100</right>
				<height>200</height>
				<font>Details</font>
				<align>justify</align>
				<shadowcolor>ShadowDark</shadowcolor>
				<autoscroll time="3000" delay="5000" repeat="5000">true</autoscroll>
			</control>
		</control>
	</include>

	<include name="DialogSelectViewtypes">
		<include>DimBG</include>
		<control type="group">
			<posx>172</posx>
			<posy>180</posy>
			<control type="image">
				<posx>326</posx>
				<posy>-20</posy>
				<width>1320</width>
				<height>780</height>
				<texture>dialogs/SettingsBG.png</texture>
				<colordiffuse>$VAR[DialogBGColor]</colordiffuse>
				<visible>!Control.IsVisible(3)</visible>
			</control>
			<control type="image">
				<posx>-14</posx>
				<posy>-20</posy>
				<width>1293</width>
				<height>720</height>
				<texture flipx="true" border="55">dialogs/DialogRightSmall.png</texture>
				<colordiffuse>$VAR[DialogBGColor]</colordiffuse>
				<visible>Control.IsVisible(3)</visible>
			</control>
			<control type="label" id="1" description="Header">
				<posx>306</posx>
				<posy>5</posy>
				<width>1600</width>
				<height>30</height>
				<align>center</align>
				<aligny>center</aligny>
				<font>ListDetails</font>
				<textcolor>$VAR[HighlightColor]</textcolor>
				<label />
				<visible>!Control.IsVisible(3)</visible>
			</control>
			<control type="label" id="1" description="Header">
				<posx>300</posx>
				<width>900</width>
				<height>30</height>
				<align>center</align>
				<font>ListDetails</font>
				<textcolor>$VAR[HighlightColor]</textcolor>
				<label />
				<visible>!Control.IsVisible(6)</visible>
			</control>
			<control type="group">
				<left>645</left>
				<top>-80</top>
				<visible>Control.IsVisible(6)</visible>
				<include content="ShadowedImage">
					<param name="top">0</param>
					<param name="left">0</param>
					<param name="width">900</param>
					<param name="height">900</param>
					<param name="shadowoffset">8</param>
					<param name="texture">$INFO[Container(6).ListItem.Icon]</param>
				</include>
			</control>
			<control type="group" description="Group 3 Plain list">
				<control type="list" id="3">
					<posx>256</posx>
					<posy>60</posy>
					<width>1010</width>
					<height>600</height>
					<orientation>vertical</orientation>
					<onleft>90</onleft>
					<onright>60</onright>
					<onup>3</onup>
					<ondown>3</ondown>
					<pagecontrol>60</pagecontrol>
					<scrolltime>0</scrolltime>
					<itemlayout width="1010" height="60">
						<control type="image">
							<width>1010</width>
							<height>60</height>
							<texture border="3">list/ListNF.png</texture>
						</control>
						<control type="label">
							<scroll>false</scroll>
							<width>810</width>
							<height>60</height>
							<textoffsetx>30</textoffsetx>
							<label>$INFO[ListItem.Label]</label>
							<selectedcolor>$VAR[HighlightColor]</selectedcolor>
						</control>
					</itemlayout>
					<focusedlayout width="1010" height="60">
						<control type="image">
							<visible>Control.HasFocus(3)</visible>
							<include>VisibleFadeEffect</include>
							<width>1010</width>
							<height>60</height>
							<texture border="4" colordiffuse="$VAR[HighlightColor]">img/WhiteRoundedST2.png</texture>
						</control>
						<control type="label">
							<width>810</width>
							<height>60</height>
							<textoffsetx>30</textoffsetx>
							<textcolor>$VAR[FocusedTextColor]</textcolor>
							<selectedcolor>SelectedFocused</selectedcolor>
							<shadowcolor>HeavyShadow</shadowcolor>
							<label>$INFO[ListItem.Label]</label>
						</control>
					</focusedlayout>
				</control>
			</control>
			<control type="group" description="Group 6 Thumbs">
				<visible>Control.IsVisible(6)</visible>
				<control type="list" id="6">
					<posx>360</posx>
					<posy>70</posy>
					<width>208</width>
					<height>600</height>
					<orientation>vertical</orientation>
					<onleft>60</onleft>
					<onright>90</onright>
					<onup>6</onup>
					<ondown>6</ondown>
					<pagecontrol>60</pagecontrol>
					<scrolltime>0</scrolltime>
					<itemlayout width="208" height="60">
						<control type="image">
							<width>208</width>
							<height>60</height>
							<texture border="3">list/ListNF.png</texture>
						</control>
						<control type="label">
							<posx>10</posx>
							<width>200</width>
							<height>60</height>
							<label>$INFO[ListItem.Label]</label>
							<selectedcolor>$VAR[HighlightColor]</selectedcolor>
						</control>
					</itemlayout>
					<focusedlayout width="208" height="60">
						<control type="image">
							<width>208</width>
							<height>60</height>
							<texture border="3">list/ListNF.png</texture>
						</control>
						<control type="image">
							<visible>Control.HasFocus(6)</visible>
							<include>VisibleFadeEffect</include>
							<width>208</width>
							<height>60</height>
							<texture border="4" colordiffuse="$VAR[HighlightColor]">img/WhiteRoundedST2.png</texture>
						</control>
						<control type="label">
							<visible>Control.HasFocus(6)</visible>
							<posx>10</posx>
							<width>200</width>
							<height>60</height>
							<textcolor>$VAR[FocusedTextColor]</textcolor>
							<selectedcolor>SelectedFocused</selectedcolor>
							<shadowcolor>HeavyShadow</shadowcolor>
							<label>$INFO[ListItem.Label]</label>
						</control>
						<control type="label">
							<visible>!Control.HasFocus(6)</visible>
							<posx>10</posx>
							<width>200</width>
							<height>60</height>
							<selectedcolor>$VAR[HighlightColor]</selectedcolor>
							<label>$INFO[ListItem.Label]</label>
						</control>
					</focusedlayout>
				</control>
			</control>
			<control type="scrollbar" id="60">
				<posx>13</posx>
				<posy>60</posy>
				<width>36</width>
				<height>600</height>
				<texturesliderbackground />
				<texturesliderbar />
				<texturesliderbarfocus />
				<textureslidernib border="18">OSD/ScrollbarNibNF.png</textureslidernib>
				<textureslidernibfocus border="18" colordiffuse="$VAR[HighlightColor]">OSD/ScrollbarNibFO.png</textureslidernibfocus>
				<showonepage>false</showonepage>
				<orientation>vertical</orientation>
				<onright>3</onright>
				<visible>Control.IsVisible(6)</visible>
			</control>
			<control type="scrollbar" id="60">
				<posx>1250</posx>
				<posy>60</posy>
				<width>36</width>
				<height>600</height>
				<texturesliderbackground />
				<texturesliderbar />
				<texturesliderbarfocus />
				<textureslidernib border="18">OSD/ScrollbarNibNF.png</textureslidernib>
				<textureslidernibfocus border="18" colordiffuse="$VAR[HighlightColor]">OSD/ScrollbarNibFO.png</textureslidernibfocus>
				<showonepage>false</showonepage>
				<orientation>vertical</orientation>
				<onleft>3</onleft>
				<visible>Control.IsVisible(3)</visible>
			</control>
		</control>
	</include>
</includes>