<?xml version="1.0" encoding="UTF-8"?>
<includes>
	<!-- This file contains includes for the sideblade and the different view type settings -->
	<include name="9000ViewButtons">
		<height>54</height>
		<width>484</width>
		<font>Details</font>
		<textoffsetx>30</textoffsetx>
		<disabledcolor>Grey</disabledcolor>
	</include>

	<include name="9000SysButtons">
		<height>54</height>
		<width>484</width>
		<font>Details</font>
		<radioposx>390</radioposx>
		<textoffsetx>30</textoffsetx>
		<disabledcolor>Grey</disabledcolor>
		<texturenofocus border="3">buttons/ButtonNF.png</texturenofocus>
	</include>

	<include name="9000Commons">
		<visible allowhiddenfocus="true">ControlGroup(8999).HasFocus()</visible>
		<animation type="Visible">
			<effect type="fade" start="0" end="100" time="250" />
			<effect type="slide" tween="circle" easing="out" start="0,0" end="500,0" time="350" />
		</animation>
		<animation type="Hidden">
			<effect type="fade" start="100" end="0" time="250" delay="0" />
			<effect type="slide" start="500,0" end="0,0" time="250" />
		</animation>
		<control type="image">
			<posx>-500</posx>
			<width>510</width>
			<height>1080</height>
			<texture border="0,0,30,0" colordiffuse="$VAR[DialogBGColor]">common/ViewMenu.png</texture>
		</control>
	</include>

	<!-- <include name="KioskModeButton">
		<control type="button">
			<label />
			<onfocus>SetFocus(50)</onfocus>
		</control>
	</include> -->

	<include name="9000NavCommons">
		<control type="button" id="3">
			<description>Viewtype Toggle</description>
			<left>-3000</left>
			<top>-3000</top>
			<width>1</width>
			<height>1</height>
			<texturefocus />
			<texturenofocus />
			<label />
			<font />
		</control>
		<control type="button" id="4">
			<description>Order Toggle</description>
			<left>-3000</left>
			<top>-3000</top>
			<width>1</width>
			<height>1</height>
			<texturefocus />
			<texturenofocus />
			<label />
			<font />
		</control>
		<control type="group" description="ViewsPopOut">
			<visible>ControlGroup(9600).HasFocus() | Control.HasFocus(909091)</visible>
			<include>VisibleFadeEffect</include>
			<control type="group">
				<visible>!Skin.HasSetting(Enable.TouchSupport)</visible>
				<control type="image">
					<posy>92</posy>
					<width>300</width>
					<height>154</height>
					<texture border="45">dialogs/TinyDialog.png</texture>
					<colordiffuse>$VAR[DialogBGColor]</colordiffuse>
					<visible>Integer.IsEqual(Container(9600).NumItems,2)</visible>
				</control>
				<control type="image">
					<posy>92</posy>
					<width>300</width>
					<height>208</height>
					<texture border="45">dialogs/TinyDialog.png</texture>
					<colordiffuse>$VAR[DialogBGColor]</colordiffuse>
					<visible>Integer.IsEqual(Container(9600).NumItems,3)</visible>
				</control>
				<control type="image">
					<posy>92</posy>
					<width>300</width>
					<height>262</height>
					<texture border="45">dialogs/TinyDialog.png</texture>
					<colordiffuse>$VAR[DialogBGColor]</colordiffuse>
					<visible>Integer.IsEqual(Container(9600).NumItems,4)</visible>
				</control>
				<control type="image">
					<posy>92</posy>
					<width>300</width>
					<height>316</height>
					<texture border="45">dialogs/TinyDialog.png</texture>
					<colordiffuse>$VAR[DialogBGColor]</colordiffuse>
					<visible>Integer.IsEqual(Container(9600).NumItems,5)</visible>
				</control>
				<control type="image">
					<posy>92</posy>
					<width>300</width>
					<height>370</height>
					<texture border="45">dialogs/TinyDialog.png</texture>
					<colordiffuse>$VAR[DialogBGColor]</colordiffuse>
					<visible>Integer.IsEqual(Container(9600).NumItems,6)</visible>
				</control>
				<control type="image">
					<posy>92</posy>
					<width>300</width>
					<height>424</height>
					<texture border="45">dialogs/TinyDialog.png</texture>
					<colordiffuse>$VAR[DialogBGColor]</colordiffuse>
					<visible>Integer.IsEqual(Container(9600).NumItems,7)</visible>
				</control>
				<control type="image">
					<posy>92</posy>
					<width>300</width>
					<height>478</height>
					<texture border="45">dialogs/TinyDialog.png</texture>
					<colordiffuse>$VAR[DialogBGColor]</colordiffuse>
					<visible>Integer.IsEqual(Container(9600).NumItems,8)</visible>
				</control>
				<control type="image">
					<posy>92</posy>
					<width>300</width>
					<height>532</height>
					<texture border="45">dialogs/TinyDialog.png</texture>
					<colordiffuse>$VAR[DialogBGColor]</colordiffuse>
					<visible>Integer.IsEqual(Container(9600).NumItems,9)</visible>
				</control>
				<control type="image">
					<posy>92</posy>
					<width>300</width>
					<height>586</height>
					<texture border="45">dialogs/TinyDialog.png</texture>
					<colordiffuse>$VAR[DialogBGColor]</colordiffuse>
					<visible>Integer.IsEqual(Container(9600).NumItems,10)</visible>
				</control>
				<control type="image">
					<posy>92</posy>
					<width>300</width>
					<height>644</height>
					<texture border="45">dialogs/TinyDialog.png</texture>
					<colordiffuse>$VAR[DialogBGColor]</colordiffuse>
					<visible>Integer.IsEqual(Container(9600).NumItems,11)</visible>
				</control>
				<control type="image">
					<posy>92</posy>
					<width>300</width>
					<height>702</height>
					<texture border="45">dialogs/TinyDialog.png</texture>
					<colordiffuse>$VAR[DialogBGColor]</colordiffuse>
					<visible>Integer.IsEqual(Container(9600).NumItems,12)</visible>
				</control>
				<control type="image">
					<posy>92</posy>
					<width>300</width>
					<height>760</height>
					<texture border="45">dialogs/TinyDialog.png</texture>
					<colordiffuse>$VAR[DialogBGColor]</colordiffuse>
					<visible>Integer.IsEqual(Container(9600).NumItems,13)</visible>
				</control>
				<control type="image">
					<posy>92</posy>
					<width>300</width>
					<height>818</height>
					<texture border="45">dialogs/TinyDialog.png</texture>
					<colordiffuse>$VAR[DialogBGColor]</colordiffuse>
					<visible>Integer.IsEqual(Container(9600).NumItems,14)</visible>
				</control>
			</control>
			<control type="group">
				<visible>Skin.HasSetting(Enable.TouchSupport)</visible>
				<control type="image">
					<posy>92</posy>
					<width>300</width>
					<height>214</height>
					<texture border="45">dialogs/TinyDialog.png</texture>
					<colordiffuse>$VAR[DialogBGColor]</colordiffuse>
					<visible>Integer.IsEqual(Container(9600).NumItems,2)</visible>
				</control>
				<control type="image">
					<posy>92</posy>
					<width>300</width>
					<height>268</height>
					<texture border="45">dialogs/TinyDialog.png</texture>
					<colordiffuse>$VAR[DialogBGColor]</colordiffuse>
					<visible>Integer.IsEqual(Container(9600).NumItems,3)</visible>
				</control>
				<control type="image">
					<posy>92</posy>
					<width>300</width>
					<height>322</height>
					<texture border="45">dialogs/TinyDialog.png</texture>
					<colordiffuse>$VAR[DialogBGColor]</colordiffuse>
					<visible>Integer.IsEqual(Container(9600).NumItems,4)</visible>
				</control>
				<control type="image">
					<posy>92</posy>
					<width>300</width>
					<height>376</height>
					<texture border="45">dialogs/TinyDialog.png</texture>
					<colordiffuse>$VAR[DialogBGColor]</colordiffuse>
					<visible>Integer.IsEqual(Container(9600).NumItems,5)</visible>
				</control>
				<control type="image">
					<posy>92</posy>
					<width>300</width>
					<height>430</height>
					<texture border="45">dialogs/TinyDialog.png</texture>
					<colordiffuse>$VAR[DialogBGColor]</colordiffuse>
					<visible>Integer.IsEqual(Container(9600).NumItems,6)</visible>
				</control>
				<control type="image">
					<posy>92</posy>
					<width>300</width>
					<height>484</height>
					<texture border="45">dialogs/TinyDialog.png</texture>
					<colordiffuse>$VAR[DialogBGColor]</colordiffuse>
					<visible>Integer.IsEqual(Container(9600).NumItems,7)</visible>
				</control>
				<control type="image">
					<posy>92</posy>
					<width>300</width>
					<height>538</height>
					<texture border="45">dialogs/TinyDialog.png</texture>
					<colordiffuse>$VAR[DialogBGColor]</colordiffuse>
					<visible>Integer.IsEqual(Container(9600).NumItems,8)</visible>
				</control>
				<control type="image">
					<posy>92</posy>
					<width>300</width>
					<height>592</height>
					<texture border="45">dialogs/TinyDialog.png</texture>
					<colordiffuse>$VAR[DialogBGColor]</colordiffuse>
					<visible>Integer.IsEqual(Container(9600).NumItems,9)</visible>
				</control>
				<control type="image">
					<posy>92</posy>
					<width>300</width>
					<height>646</height>
					<texture border="45">dialogs/TinyDialog.png</texture>
					<colordiffuse>$VAR[DialogBGColor]</colordiffuse>
					<visible>Integer.IsEqual(Container(9600).NumItems,10)</visible>
				</control>
				<control type="image">
					<posy>92</posy>
					<width>300</width>
					<height>704</height>
					<texture border="45">dialogs/TinyDialog.png</texture>
					<colordiffuse>$VAR[DialogBGColor]</colordiffuse>
					<visible>Integer.IsEqual(Container(9600).NumItems,11)</visible>
				</control>
				<control type="image">
					<posy>92</posy>
					<width>300</width>
					<height>762</height>
					<texture border="45">dialogs/TinyDialog.png</texture>
					<colordiffuse>$VAR[DialogBGColor]</colordiffuse>
					<visible>Integer.IsEqual(Container(9600).NumItems,12)</visible>
				</control>
				<control type="image">
					<posy>92</posy>
					<width>300</width>
					<height>820</height>
					<texture border="45">dialogs/TinyDialog.png</texture>
					<colordiffuse>$VAR[DialogBGColor]</colordiffuse>
					<visible>Integer.IsEqual(Container(9600).NumItems,13)</visible>
				</control>
				<control type="image">
					<posy>92</posy>
					<width>300</width>
					<height>878</height>
					<texture border="45">dialogs/TinyDialog.png</texture>
					<colordiffuse>$VAR[DialogBGColor]</colordiffuse>
					<visible>Integer.IsEqual(Container(9600).NumItems,14)</visible>
				</control>
			</control>
			<control type="group">
				<posx>215</posx>
				<posy>93</posy>
				<include condition="Skin.HasSetting(Enable.TouchSupport)" content="DialogCloseButtonCommons">
					<param name="Action">SetFocus(9000)</param>
					<param name="id">909091</param>
					<param name="ondown">9600</param>
				</include>
				<visible>Skin.HasSetting(Enable.TouchSupport)</visible>
			</control>
			<control type="grouplist" id="9600">
				<posx>26</posx>
				<include condition="Skin.HasSetting(Enable.TouchSupport)">PopoutTopTouch</include>
				<include condition="!Skin.HasSetting(Enable.TouchSupport)">PopoutTopStandard</include>
				<width>248</width>
				<height>760</height>
				<onleft>9000</onleft>
				<onright>ClearProperty(MediaMenu,Home)</onright>
				<onright condition="control.isvisible(52)">52</onright>
				<onright condition="control.isvisible(50)">50</onright>
				<onright condition="control.isvisible(54)">54</onright>
				<onright condition="control.isvisible(51)">51</onright>
				<onright condition="control.isvisible(511)">511</onright>
				<onright condition="control.isvisible(55)">55</onright>
				<onright condition="control.isvisible(551)">551</onright>
				<onright condition="control.isvisible(501)">501</onright>
				<onright condition="control.isvisible(53)">53</onright>
				<onright condition="control.isvisible(56)">56</onright>
				<onright condition="control.isvisible(57)">57</onright>
				<onright condition="control.isvisible(600)">600</onright>
				<onright condition="control.isvisible(58)">58</onright>
				<onright condition="control.isvisible(502)">502</onright>
				<onup condition="Skin.HasSetting(Enable.TouchSupport)">909091</onup>
				<onup condition="!Skin.HasSetting(Enable.TouchSupport)">9600</onup>
				<ondown>9600</ondown>
				<onback>9000</onback>
				<scrolltime>200</scrolltime>
				<orientation>vertical</orientation>
				<control type="button" id="9650">
					<description>Set View 50</description>
					<include>9000SysButtons</include>
					<label>$LOCALIZE[535]</label>
					<onclick>Container.SetViewMode(50)</onclick>
					<visible>!Skin.HasSetting(hide.listview)</visible>
				</control>
				<control type="button" id="9654">
					<description>Set View 54</description>
					<include>9000SysButtons</include>
					<label>$LOCALIZE[31962]</label>
					<onclick>Container.SetViewMode(54)</onclick>
					<visible>!Skin.HasSetting(hide.lowlistview)</visible>
				</control>
				<control type="button" id="9652">
					<description>Set View 52</description>
					<include>9000SysButtons</include>
					<label>$LOCALIZE[31999]</label>
					<onclick>Container.SetViewMode(52)</onclick>
					<visible>!Skin.HasSetting(hide.biglistview)</visible>
				</control>
				<control type="button" id="96501">
					<description>Set View 501</description>
					<include>9000SysButtons</include>
					<label>$LOCALIZE[32060]</label>
					<onclick>Container.SetViewMode(501)</onclick>
					<visible>!Skin.HasSetting(hide.talllistview)</visible>
				</control>
				<control type="button" id="96502">
					<description>Set View 502</description>
					<include>9000SysButtons</include>
					<label>$LOCALIZE[31648]</label>
					<onclick>Container.SetViewMode(502)</onclick>
					<visible>!Skin.HasSetting(hide.rightlistview) + [Container.Content(movies) | Container.Content(sets) | Container.Content(tvshows) | Container.Content(seasons) | Container.Content(episodes)]</visible>
				</control>
				<control type="button" id="9651">
					<description>Set View 51</description>
					<include>9000SysButtons</include>
					<label>$LOCALIZE[31963]</label>
					<onclick>Container.SetViewMode(51)</onclick>
					<visible>!Skin.HasSetting(hide.panelview)</visible>
				</control>
				<control type="button" id="96511">
					<description>Set View 511</description>
					<include>9000SysButtons</include>
					<label>$LOCALIZE[32245]</label>
					<onclick>Container.SetViewMode(511)</onclick>
					<visible>!Skin.HasSetting(hide.panel2view)</visible>
				</control>
				<control type="button" id="9655">
					<description>Set View 55</description>
					<include>9000SysButtons</include>
					<label>$LOCALIZE[31958]</label>
					<onclick>Container.SetViewMode(55)</onclick>
					<visible>!Skin.HasSetting(hide.bigpanelview)</visible>
				</control>
				<control type="button" id="96551">
					<description>Set View 551</description>
					<include>9000SysButtons</include>
					<label>$LOCALIZE[32246]</label>
					<onclick>Container.SetViewMode(551)</onclick>
					<visible>!Skin.HasSetting(hide.bigpanel2view)</visible>
				</control>
				<control type="button" id="9653">
					<description>Set View 53</description>
					<include>9000SysButtons</include>
					<label>$LOCALIZE[536]</label>
					<onclick>Container.SetViewMode(53)</onclick>
					<visible>!Skin.HasSetting(hide.iconsview)</visible>
				</control>
				<control type="button" id="9656">
					<description>Set View 56</description>
					<include>9000SysButtons</include>
					<label>$LOCALIZE[20445]</label>
					<onclick>Container.SetViewMode(56)</onclick>
					<visible>!Skin.HasSetting(hide.fanartview) + ![Window.IsActive(MyPVRRecordings.xml) | Window.IsActive(MyPVRChannels.xml)]</visible>
				</control>
				<control type="button" id="96057">
					<description>Set View 57</description>
					<include>9000SysButtons</include>
					<label>$LOCALIZE[31632]</label>
					<onclick>Container.SetViewMode(57)</onclick>
					<visible>!Skin.HasSetting(hide.simplelistview) + ![Window.IsActive(MyPVRRecordings.xml) | Window.IsActive(MyPVRChannels.xml)]</visible>
				</control>
				<control type="button" id="96600">
					<description>Set View 600</description>
					<include>9000SysButtons</include>
					<label>$LOCALIZE[31157]</label>
					<onclick>Container.SetViewMode(600)</onclick>
					<visible>!Skin.HasSetting(hide.tripleview) + [Container.Content(tvshows) | Container.Content(artists)]</visible>
				</control>
				<control type="button" id="96058">
					<description>Set View 58</description>
					<include>9000SysButtons</include>
					<label>$LOCALIZE[31159]</label>
					<onclick>Container.SetViewMode(58)</onclick>
					<visible>!Skin.HasSetting(hide.logoview) + [Container.Content(movies) | Container.Content(sets) | Container.Content(tvshows) | Container.Content(artists)]</visible>
				</control>
			</control>
		</control>
	</include>

	<!--  List Views Setting to disable the info panel -->
	<include name="ViewSettingsDisablePanel">
		<param name="viewid" />
		<definition>
			<control type="radiobutton" id="9$PARAM[viewid]10">
				<visible>Control.IsVisible($PARAM[viewid]) + Container.Content(tvshows) + $EXP[PanelShouldShow]</visible>
				<font>ListDetails</font>
				<include>9000SysButtons</include>
				<onclick condition="Skin.HasSetting($PARAM[viewid]_TvShows_DisablePanel) + Skin.HasSetting(DisableListPanel)">Skin.Reset(DisableListPanel)</onclick>
				<onclick>Skin.ToggleSetting($PARAM[viewid]_TvShows_DisablePanel)</onclick>
				<selected>Skin.HasSetting($PARAM[viewid]_TvShows_DisablePanel)</selected>
				<textoffsetx>16</textoffsetx>
				<label>- $LOCALIZE[32240]</label>
			</control>
			<control type="radiobutton" id="9$PARAM[viewid]11">
				<visible>Control.IsVisible($PARAM[viewid]) + Container.Content(seasons)</visible>
				<font>ListDetails</font>
				<include>9000SysButtons</include>
				<onclick condition="Skin.HasSetting($PARAM[viewid]_Seasons_DisablePanel) + Skin.HasSetting(DisableListPanel)">Skin.Reset(DisableListPanel)</onclick>
				<onclick>Skin.ToggleSetting($PARAM[viewid]_Seasons_DisablePanel)</onclick>
				<selected>Skin.HasSetting($PARAM[viewid]_Seasons_DisablePanel)</selected>
				<textoffsetx>16</textoffsetx>
				<label>- $LOCALIZE[32240]</label>
			</control>
			<control type="radiobutton" id="9$PARAM[viewid]12">
				<visible>Control.IsVisible($PARAM[viewid]) + Container.Content(episodes)</visible>
				<font>ListDetails</font>
				<include>9000SysButtons</include>
				<onclick condition="Skin.HasSetting($PARAM[viewid]_Episodes_DisablePanel) + Skin.HasSetting(DisableListPanel)">Skin.Reset(DisableListPanel)</onclick>
				<onclick>Skin.ToggleSetting($PARAM[viewid]_Episodes_DisablePanel)</onclick>
				<selected>Skin.HasSetting($PARAM[viewid]_Episodes_DisablePanel)</selected>
				<textoffsetx>16</textoffsetx>
				<label>- $LOCALIZE[32240]</label>
			</control>
			<control type="radiobutton" id="9$PARAM[viewid]13">
				<visible>Control.IsVisible($PARAM[viewid]) + Container.Content(movies)</visible>
				<font>ListDetails</font>
				<include>9000SysButtons</include>
				<onclick condition="Skin.HasSetting($PARAM[viewid]_Movies_DisablePanel) + Skin.HasSetting(DisableListPanel)">Skin.Reset(DisableListPanel)</onclick>
				<onclick>Skin.ToggleSetting($PARAM[viewid]_Movies_DisablePanel)</onclick>
				<selected>Skin.HasSetting($PARAM[viewid]_Movies_DisablePanel)</selected>
				<textoffsetx>16</textoffsetx>
				<label>- $LOCALIZE[32240]</label>
			</control>
			<control type="radiobutton" id="9$PARAM[viewid]14">
				<visible>Control.IsVisible($PARAM[viewid]) + [Container.Content(albums) | Container.Content(artists)]</visible>
				<font>ListDetails</font>
				<include>9000SysButtons</include>
				<onclick condition="Skin.HasSetting($PARAM[viewid]_Music_DisablePanel) + Skin.HasSetting(DisableListPanel)">Skin.Reset(DisableListPanel)</onclick>
				<onclick>Skin.ToggleSetting($PARAM[viewid]_Music_DisablePanel)</onclick>
				<selected>Skin.HasSetting($PARAM[viewid]_Music_DisablePanel)</selected>
				<textoffsetx>16</textoffsetx>
				<label>- $LOCALIZE[32240]</label>
			</control>
			<control type="radiobutton" id="9$PARAM[viewid]15">
				<visible>Control.IsVisible($PARAM[viewid]) + Container.Content(images)</visible>
				<font>ListDetails</font>
				<include>9000SysButtons</include>
				<onclick condition="Skin.HasSetting($PARAM[viewid]_Images_DisablePanel) + Skin.HasSetting(DisableListPanel)">Skin.Reset(DisableListPanel)</onclick>
				<onclick>Skin.ToggleSetting($PARAM[viewid]_Images_DisablePanel)</onclick>
				<selected>Skin.HasSetting($PARAM[viewid]_Images_DisablePanel)</selected>
				<textoffsetx>16</textoffsetx>
				<label>- $LOCALIZE[32240]</label>
			</control>
			<control type="radiobutton" id="9$PARAM[viewid]16">
				<visible>Control.IsVisible($PARAM[viewid]) + Container.Content(addons)</visible>
				<font>ListDetails</font>
				<include>9000SysButtons</include>
				<onclick condition="Skin.HasSetting($PARAM[viewid]_Addons_DisablePanel) + Skin.HasSetting(DisableListPanel)">Skin.Reset(DisableListPanel)</onclick>
				<onclick>Skin.ToggleSetting($PARAM[viewid]_Addons_DisablePanel)</onclick>
				<selected>Skin.HasSetting($PARAM[viewid]_Addons_DisablePanel)</selected>
				<textoffsetx>16</textoffsetx>
				<label>- $LOCALIZE[32240]</label>
			</control>
			<control type="radiobutton" id="9$PARAM[viewid]17">
				<visible>Control.IsVisible($PARAM[viewid]) + Container.Content(musicvideos)</visible>
				<font>ListDetails</font>
				<include>9000SysButtons</include>
				<onclick condition="Skin.HasSetting($PARAM[viewid]_MusicVideos_DisablePanel) + Skin.HasSetting(DisableListPanel)">Skin.Reset(DisableListPanel)</onclick>
				<onclick>Skin.ToggleSetting($PARAM[viewid]_MusicVideos_DisablePanel)</onclick>
				<selected>Skin.HasSetting($PARAM[viewid]_MusicVideos_DisablePanel)</selected>
				<textoffsetx>16</textoffsetx>
				<label>- $LOCALIZE[32240]</label>
			</control>
			<control type="radiobutton" id="9$PARAM[viewid]18">
				<visible>Control.IsVisible($PARAM[viewid]) + $EXP[PanelShouldShow] + ![container.content(episodes) | container.content(addons) | container.content(artists) | container.content(albums) | Container.Content(images) | Container.Content(musicvideos) | container.content(movies) | container.content(tvshows) | container.content(seasons)]</visible>
				<font>ListDetails</font>
				<include>9000SysButtons</include>
				<onclick condition="Skin.HasSetting($PARAM[viewid]_Others_DisablePanel) + Skin.HasSetting(DisableListPanel)">Skin.Reset(DisableListPanel)</onclick>
				<onclick>Skin.ToggleSetting($PARAM[viewid]_Others_DisablePanel)</onclick>
				<selected>Skin.HasSetting($PARAM[viewid]_Others_DisablePanel)</selected>
				<textoffsetx>16</textoffsetx>
				<label>- $LOCALIZE[32240]</label>
			</control>
		</definition>
	</include>

	<!-- List View Setting to swap the list and the info panel positions -->
	<include name="ViewSettingsSwapPanel">
		<param name="viewid" />
		<definition>
			<control type="radiobutton" id="9$PARAM[viewid]19">
				<visible>Control.IsVisible($PARAM[viewid]) + Container.Content(tvshows) + !Skin.HasSetting($PARAM[viewid]_TvShows_DisablePanel)</visible>
				<font>ListDetails</font>
				<include>9000SysButtons</include>
				<onclick condition="Skin.HasSetting($PARAM[viewid]_TvShows_SwapPanel) + Skin.HasSetting(SwapListPanel)">Skin.Reset(SwapListPanel)</onclick>
				<onclick>Skin.ToggleSetting($PARAM[viewid]_TvShows_SwapPanel)</onclick>
				<selected>Skin.HasSetting($PARAM[viewid]_TvShows_SwapPanel)</selected>
				<textoffsetx>16</textoffsetx>
				<label>- $LOCALIZE[32241]</label>
			</control>
			<control type="radiobutton" id="9$PARAM[viewid]20">
				<visible>Control.IsVisible($PARAM[viewid]) + Container.Content(seasons) + !Skin.HasSetting($PARAM[viewid]_Seasons_DisablePanel)</visible>
				<font>ListDetails</font>
				<include>9000SysButtons</include>
				<onclick condition="Skin.HasSetting($PARAM[viewid]_Seasons_SwapPanel) + Skin.HasSetting(SwapListPanel)">Skin.Reset(SwapListPanel)</onclick>
				<onclick>Skin.ToggleSetting($PARAM[viewid]_Seasons_SwapPanel)</onclick>
				<selected>Skin.HasSetting($PARAM[viewid]_Seasons_SwapPanel)</selected>
				<textoffsetx>16</textoffsetx>
				<label>- $LOCALIZE[32241]</label>
			</control>
			<control type="radiobutton" id="9$PARAM[viewid]21">
				<visible>Control.IsVisible($PARAM[viewid]) + Container.Content(episodes) + !Skin.HasSetting($PARAM[viewid]_Episodes_DisablePanel)</visible>
				<font>ListDetails</font>
				<include>9000SysButtons</include>
				<onclick condition="Skin.HasSetting($PARAM[viewid]_Episodes_SwapPanel) + Skin.HasSetting(SwapListPanel)">Skin.Reset(SwapListPanel)</onclick>
				<onclick>Skin.ToggleSetting($PARAM[viewid]_Episodes_SwapPanel)</onclick>
				<selected>Skin.HasSetting($PARAM[viewid]_Episodes_SwapPanel)</selected>
				<textoffsetx>16</textoffsetx>
				<label>- $LOCALIZE[32241]</label>
			</control>
			<control type="radiobutton" id="9$PARAM[viewid]22">
				<visible>Control.IsVisible($PARAM[viewid]) + Container.Content(movies) + !Skin.HasSetting($PARAM[viewid]_Movies_DisablePanel)</visible>
				<font>ListDetails</font>
				<include>9000SysButtons</include>
				<onclick condition="Skin.HasSetting($PARAM[viewid]_Movies_SwapPanel) + Skin.HasSetting(SwapListPanel)">Skin.Reset(SwapListPanel)</onclick>
				<onclick>Skin.ToggleSetting($PARAM[viewid]_Movies_SwapPanel)</onclick>
				<selected>Skin.HasSetting($PARAM[viewid]_Movies_SwapPanel)</selected>
				<textoffsetx>16</textoffsetx>
				<label>- $LOCALIZE[32241]</label>
			</control>
			<control type="radiobutton" id="9$PARAM[viewid]23">
				<visible>Control.IsVisible($PARAM[viewid]) + [Container.Content(albums) | Container.Content(artists)] + !Skin.HasSetting($PARAM[viewid]_Music_DisablePanel)</visible>
				<font>ListDetails</font>
				<include>9000SysButtons</include>
				<onclick condition="Skin.HasSetting($PARAM[viewid]_Music_SwapPanel) + Skin.HasSetting(SwapListPanel)">Skin.Reset(SwapListPanel)</onclick>
				<onclick>Skin.ToggleSetting($PARAM[viewid]_Music_SwapPanel)</onclick>
				<selected>Skin.HasSetting($PARAM[viewid]_Music_SwapPanel)</selected>
				<textoffsetx>16</textoffsetx>
				<label>- $LOCALIZE[32241]</label>
			</control>
			<control type="radiobutton" id="9$PARAM[viewid]24">
				<visible>Control.IsVisible($PARAM[viewid]) + Container.Content(images) + !Skin.HasSetting($PARAM[viewid]_Images_DisablePanel)</visible>
				<font>ListDetails</font>
				<include>9000SysButtons</include>
				<onclick condition="Skin.HasSetting($PARAM[viewid]_Images_SwapPanel) + Skin.HasSetting(SwapListPanel)">Skin.Reset(SwapListPanel)</onclick>
				<onclick>Skin.ToggleSetting($PARAM[viewid]_Images_SwapPanel)</onclick>
				<selected>Skin.HasSetting($PARAM[viewid]_Images_SwapPanel)</selected>
				<textoffsetx>16</textoffsetx>
				<label>- $LOCALIZE[32241]</label>
			</control>
			<control type="radiobutton" id="9$PARAM[viewid]25">
				<visible>Control.IsVisible($PARAM[viewid]) + Container.Content(addons) + !Skin.HasSetting($PARAM[viewid]_Addons_DisablePanel)</visible>
				<font>ListDetails</font>
				<include>9000SysButtons</include>
				<onclick condition="Skin.HasSetting($PARAM[viewid]_Addons_SwapPanel) + Skin.HasSetting(SwapListPanel)">Skin.Reset(SwapListPanel)</onclick>
				<onclick>Skin.ToggleSetting($PARAM[viewid]_Addons_SwapPanel)</onclick>
				<selected>Skin.HasSetting($PARAM[viewid]_Addons_SwapPanel)</selected>
				<textoffsetx>16</textoffsetx>
				<label>- $LOCALIZE[32241]</label>
			</control>
			<control type="radiobutton" id="9$PARAM[viewid]26">
				<visible>Control.IsVisible($PARAM[viewid]) + Container.Content(musicvideos) + !Skin.HasSetting($PARAM[viewid]_MusicVideos_DisablePanel)</visible>
				<font>ListDetails</font>
				<include>9000SysButtons</include>
				<onclick condition="Skin.HasSetting($PARAM[viewid]_MusicVideos_SwapPanel) + Skin.HasSetting(SwapListPanel)">Skin.Reset(SwapListPanel)</onclick>
				<onclick>Skin.ToggleSetting($PARAM[viewid]_MusicVideos_SwapPanel)</onclick>
				<selected>Skin.HasSetting($PARAM[viewid]_MusicVideos_SwapPanel)</selected>
				<textoffsetx>16</textoffsetx>
				<label>- $LOCALIZE[32241]</label>
			</control>
			<control type="radiobutton" id="9$PARAM[viewid]27">
				<visible>Control.IsVisible($PARAM[viewid]) + $EXP[PanelShouldShow] + !Skin.HasSetting($PARAM[viewid]_Others_DisablePanel) + ![container.content(episodes) | container.content(addons) | container.content(artists) | container.content(albums) | Container.Content(images) | Container.Content(musicvideos) | container.content(movies) | container.content(tvshows) | container.content(seasons)]</visible>
				<font>ListDetails</font>
				<include>9000SysButtons</include>
				<onclick condition="Skin.HasSetting($PARAM[viewid]_Others_SwapPanel) + Skin.HasSetting(SwapListPanel)">Skin.Reset(SwapListPanel)</onclick>
				<onclick>Skin.ToggleSetting($PARAM[viewid]_Others_SwapPanel)</onclick>
				<selected>Skin.HasSetting($PARAM[viewid]_Others_SwapPanel)</selected>
				<textoffsetx>16</textoffsetx>
				<label>- $LOCALIZE[32241]</label>
			</control>
		</definition>
	</include>

	<!-- List View Setting to make the picture larger for images (no info panel) -->
	<include name="ViewSettingsLargeImage">
		<param name="viewid" />
		<definition>
			<control type="radiobutton" id="9$PARAM[viewid]28">
				<visible>Control.IsVisible($PARAM[viewid]) + Container.Content(images) + Skin.HasSetting($PARAM[viewid]_Images_DisablePanel)</visible>
				<font>ListDetails</font>
				<include>9000SysButtons</include>
				<onclick>Skin.ToggleSetting($PARAM[viewid]_Images_LargeImage)</onclick>
				<selected>Skin.HasSetting($PARAM[viewid]_Images_LargeImage)</selected>
				<textoffsetx>16</textoffsetx>
				<label>- $LOCALIZE[32242]</label>
			</control>
		</definition>
	</include>

	<!--  List Views Setting to show disc art -->
	<include name="ViewSettingsShowDisc">
		<param name="viewid" />
		<definition>
			<control type="radiobutton" id="9$PARAM[viewid]29">
				<visible>Control.IsVisible($PARAM[viewid]) + [Container.Content(movies) | Container.Content(sets) | Container.Content(musicvideos) | Container.Content(albums) | Container.Content(songs)]</visible>
				<font>ListDetails</font>
				<include>9000SysButtons</include>
				<onclick>Skin.ToggleSetting($PARAM[viewid]_Show_Disc)</onclick>
				<selected>Skin.HasSetting($PARAM[viewid]_Show_Disc)</selected>
				<textoffsetx>16</textoffsetx>
				<label>- $LOCALIZE[32324]</label>
			</control>
			<control type="radiobutton" id="9$PARAM[viewid]291">
				<visible>Control.IsVisible($PARAM[viewid]) + !Control.IsVisible(501) + Skin.HasSetting($PARAM[viewid]_Show_Disc) + [Container.Content(movies) | Container.Content(musicvideos) | Container.Content(albums) | Container.Content(songs)]</visible>
				<font>ListDetails</font>
				<include>9000SysButtons</include>
				<onclick>Skin.ToggleSetting($PARAM[viewid]_Show_Top_Disc)</onclick>
				<selected>Skin.HasSetting($PARAM[viewid]_Show_Top_Disc)</selected>
				<textoffsetx>16</textoffsetx>
				<label>    -- $LOCALIZE[32461]</label>
			</control>
			<control type="radiobutton" id="9$PARAM[viewid]292">
				<visible>Control.IsVisible($PARAM[viewid]) + Skin.HasSetting($PARAM[viewid]_Show_Disc) + [Container.Content(sets)]</visible>
				<font>ListDetails</font>
				<include>9000SysButtons</include>
				<onclick>Skin.ToggleSetting($PARAM[viewid]_Hide_Set_Disc)</onclick>
				<selected>Skin.HasSetting($PARAM[viewid]_Hide_Set_Disc)</selected>
				<textoffsetx>16</textoffsetx>
				<label>    -- $LOCALIZE[32462]</label>
			</control>
		</definition>
	</include>

	<!-- List view settings -->
	<include name="ListViewSwitches">
		<param name="viewid" />
		<definition>
			<include content="ViewSettingsDisablePanel">
				<param name="viewid">$PARAM[viewid]</param>
			</include>
			<include content="ViewSettingsSwapPanel">
				<param name="viewid">$PARAM[viewid]</param>
			</include>
			<include content="ViewSettingsLargeImage">
				<param name="viewid">$PARAM[viewid]</param>
			</include>
			<include content="ViewSettingsShowDisc">
				<param name="viewid">$PARAM[viewid]</param>
			</include>
		</definition>
	</include>

	<include name="ViewSettingsSmallIcons">
		<param name="viewid" />
		<definition>
			<control type="radiobutton" id="9$PARAM[viewid]2" description="View TV Show Small icons">
				<visible>Control.IsVisible($PARAM[viewid]) + Container.Content(tvshows)</visible>
				<font>ListDetails</font>
				<include>9000SysButtons</include>
				<onclick>Skin.ToggleSetting($PARAM[viewid]_TVShows_SmallIcons)</onclick>
				<selected>Skin.HasSetting($PARAM[viewid]_TVShows_SmallIcons)</selected>
				<textoffsetx>16</textoffsetx>
				<label>- $LOCALIZE[1438]</label>
			</control>
			<control type="radiobutton" id="9$PARAM[viewid]3" description="View Seasons Small icons">
				<visible>Control.IsVisible($PARAM[viewid]) + Container.Content(seasons)</visible>
				<font>ListDetails</font>
				<include>9000SysButtons</include>
				<onclick>Skin.ToggleSetting($PARAM[viewid]_Seasons_SmallIcons)</onclick>
				<selected>Skin.HasSetting($PARAM[viewid]_Seasons_SmallIcons)</selected>
				<textoffsetx>16</textoffsetx>
				<label>- $LOCALIZE[1438]</label>
			</control>
			<control type="radiobutton" id="9$PARAM[viewid]4" description="View Episodes Small icons">
				<visible>Control.IsVisible($PARAM[viewid]) + Container.Content(episodes)</visible>
				<font>ListDetails</font>
				<include>9000SysButtons</include>
				<onclick>Skin.ToggleSetting($PARAM[viewid]_Episodes_SmallIcons)</onclick>
				<selected>Skin.HasSetting($PARAM[viewid]_Episodes_SmallIcons)</selected>
				<textoffsetx>16</textoffsetx>
				<label>- $LOCALIZE[1438]</label>
			</control>
			<control type="radiobutton" id="9$PARAM[viewid]5" description="View Movies Small icons">
				<visible>Control.IsVisible($PARAM[viewid]) + [Container.Content(movies) | Container.Content(sets)]</visible>
				<font>ListDetails</font>
				<include>9000SysButtons</include>
				<onclick>Skin.ToggleSetting($PARAM[viewid]_Movies_SmallIcons)</onclick>
				<selected>Skin.HasSetting($PARAM[viewid]_Movies_SmallIcons)</selected>
				<textoffsetx>16</textoffsetx>
				<label>- $LOCALIZE[1438]</label>
			</control>
			<control type="radiobutton" id="9$PARAM[viewid]6" description="View Music Small icons">
				<visible>Control.IsVisible($PARAM[viewid]) + [Container.Content(albums) | Container.Content(artists) | Container.Content(songs) | Container.Content(musicvideos)]</visible>
				<font>ListDetails</font>
				<include>9000SysButtons</include>
				<onclick>Skin.ToggleSetting($PARAM[viewid]_Music_SmallIcons)</onclick>
				<selected>Skin.HasSetting($PARAM[viewid]_Music_SmallIcons)</selected>
				<textoffsetx>16</textoffsetx>
				<label>- $LOCALIZE[1438]</label>
			</control>
			<control type="radiobutton" id="9$PARAM[viewid]7" description="View images Small icons">
				<visible>Control.IsVisible($PARAM[viewid]) + Container.Content(images)</visible>
				<font>ListDetails</font>
				<include>9000SysButtons</include>
				<onclick>Skin.ToggleSetting($PARAM[viewid]_Images_SmallIcons)</onclick>
				<selected>Skin.HasSetting($PARAM[viewid]_Images_SmallIcons)</selected>
				<textoffsetx>16</textoffsetx>
				<label>- $LOCALIZE[1438]</label>
			</control>
			<control type="radiobutton" id="9$PARAM[viewid]8" description="View Addons Small icons">
				<visible>Control.IsVisible($PARAM[viewid]) + Container.Content(addons)</visible>
				<font>ListDetails</font>
				<include>9000SysButtons</include>
				<onclick>Skin.ToggleSetting($PARAM[viewid]_Addons_SmallIcons)</onclick>
				<selected>Skin.HasSetting($PARAM[viewid]_Addons_SmallIcons)</selected>
				<textoffsetx>16</textoffsetx>
				<label>- $LOCALIZE[1438]</label>
			</control>
			<control type="radiobutton" id="9$PARAM[viewid]9" description="View other content Small icons">
				<visible>Control.IsVisible($PARAM[viewid]) + ![container.content(episodes) | container.content(addons) | container.content(artists) | container.content(albums) | container.content(songs) | Container.Content(images) | container.content(movies) | container.content(sets) | container.content(tvshows) | container.content(seasons) | container.content(musicvideos)]</visible>
				<font>ListDetails</font>
				<include>9000SysButtons</include>
				<onclick>Skin.ToggleSetting($PARAM[viewid]_SmallIcons)</onclick>
				<selected>Skin.HasSetting($PARAM[viewid]_SmallIcons)</selected>
				<textoffsetx>16</textoffsetx>
				<label>- $LOCALIZE[1438]</label>
			</control>
		</definition>
	</include>

	<include name="IconViewSwitches">
		<param name="viewid" />
		<definition>
			<control type="radiobutton" id="9$PARAM[viewid]1" description="View TV Show Banners">
				<visible>Control.IsVisible($PARAM[viewid]) + Container.Content(tvshows)</visible>
				<font>ListDetails</font>
				<include>9000SysButtons</include>
				<onclick>Skin.ToggleSetting($PARAM[viewid]_TVShows_UseBanners)</onclick>
				<selected>Skin.HasSetting($PARAM[viewid]_TVShows_UseBanners)</selected>
				<label>- $LOCALIZE[31992]</label>
			</control>
			<control type="radiobutton" id="9$PARAM[viewid]111" description="View Movie Banners">
				<visible>Control.IsVisible($PARAM[viewid]) + [container.content(movies) | container.content(sets)]</visible>
				<font>ListDetails</font>
				<include>9000SysButtons</include>
				<onclick>Skin.ToggleSetting($PARAM[viewid]_Movies_UseBanners)</onclick>
				<selected>Skin.HasSetting($PARAM[viewid]_Movies_UseBanners)</selected>
				<label>- $LOCALIZE[31992]</label>
			</control>
			<include content="ViewSettingsSmallIcons">
				<param name="viewid">$PARAM[viewid]</param>
			</include>
		</definition>
	</include>

	<include name="FanartViewSwitches">
		<control type="radiobutton" id="91560" description="Fanart View: Netflix for Posters">
			<visible>Control.IsVisible(56) + [container.content(musicvideos) | container.content(movies) | container.content(sets) | container.content(tvshows) | container.content(seasons)] + !Skin.HasSetting(56_Posters_Info)</visible>
			<font>ListDetails</font>
			<include>9000SysButtons</include>
			<onclick>Skin.ToggleSetting(56_Posters_Netflix)</onclick>
			<selected>Skin.HasSetting(56_Posters_Netflix)</selected>
			<label>- $LOCALIZE[32295]</label>
		</control>
		<control type="radiobutton" id="915601" description="Fanart View: Netflix Show Logo for Posters">
			<visible>Control.IsVisible(56) + [container.content(musicvideos) | container.content(movies) | container.content(sets) | container.content(tvshows) | container.content(seasons)] + Skin.HasSetting(56_Posters_Netflix)</visible>
			<font>ListDetails</font>
			<include>9000SysButtons</include>
			<onclick>Skin.ToggleSetting(56_Posters_Netflix_Logo)</onclick>
			<selected>Skin.HasSetting(56_Posters_Netflix_Logo)</selected>
			<label>   -- $LOCALIZE[32296]</label>
		</control>
		<control type="radiobutton" id="915602" description="Fanart View: Netflix Show Landscape for Posters">
			<visible>Control.IsVisible(56) + [container.content(musicvideos) | container.content(movies) | container.content(sets) | container.content(tvshows)] + Skin.HasSetting(56_Posters_Netflix)</visible>
			<font>ListDetails</font>
			<include>9000SysButtons</include>
			<onclick>Skin.ToggleSetting(56_Posters_Netflix_Landscape)</onclick>
			<selected>Skin.HasSetting(56_Posters_Netflix_Landscape)</selected>
			<label>   -- $LOCALIZE[32297]</label>
		</control>
		<control type="radiobutton" id="915603" description="Fanart View: Netflix Show Title in Footer for Posters">
			<visible>Control.IsVisible(56) + [container.content(musicvideos) | container.content(movies) | container.content(sets) | container.content(tvshows)] + Skin.HasSetting(56_Posters_Netflix)</visible>
			<font>ListDetails</font>
			<include>9000SysButtons</include>
			<onclick>Skin.ToggleSetting(56_Posters_Netflix_TitleInFooter)</onclick>
			<selected>Skin.HasSetting(56_Posters_Netflix_TitleInFooter)</selected>
			<label>   -- $LOCALIZE[32384]</label>
		</control>
		<control type="radiobutton" id="915604" description="Fanart View: Netflix Show Trailer in window for Posters">
			<visible>Control.IsVisible(56) + [container.content(movies) | container.content(tvshows)] + Skin.HasSetting(56_Posters_Netflix)</visible>
			<font>ListDetails</font>
			<include>9000SysButtons</include>
			<onclick>Skin.ToggleSetting(56_Posters_Netflix_TrailerWindow)</onclick>
			<selected>Skin.HasSetting(56_Posters_Netflix_TrailerWindow)</selected>
			<label>   -- $LOCALIZE[32487]</label>
		</control>
		<control type="radiobutton" id="91561" description="Fanart View: Netflix for Episodes">
			<visible>Control.IsVisible(56) + container.content(episodes) + !Skin.HasSetting(56_Episodes_Info)</visible>
			<font>ListDetails</font>
			<include>9000SysButtons</include>
			<onclick>Skin.ToggleSetting(56_Episodes_Netflix)</onclick>
			<selected>Skin.HasSetting(56_Episodes_Netflix)</selected>
			<label>- $LOCALIZE[32295]</label>
		</control>
		<control type="radiobutton" id="915611" description="Fanart View: Netflix Show Logo for Episodes">
			<visible>Control.IsVisible(56) + container.content(episodes) + Skin.HasSetting(56_Episodes_Netflix)</visible>
			<font>ListDetails</font>
			<include>9000SysButtons</include>
			<onclick>Skin.ToggleSetting(56_Episodes_Netflix_Logo)</onclick>
			<selected>Skin.HasSetting(56_Episodes_Netflix_Logo)</selected>
			<label>   -- $LOCALIZE[32296]</label>
		</control>
		<control type="radiobutton" id="915612" description="Fanart View: Netflix Show Title in Footer for Episodes">
			<visible>Control.IsVisible(56) + container.content(episodes) + Skin.HasSetting(56_Episodes_Netflix)</visible>
			<font>ListDetails</font>
			<include>9000SysButtons</include>
			<onclick>Skin.ToggleSetting(56_Episodes_Netflix_TitleInFooter)</onclick>
			<selected>Skin.HasSetting(56_Episodes_Netflix_TitleInFooter)</selected>
			<label>   -- $LOCALIZE[32384]</label>
		</control>
		<control type="radiobutton" id="915613" description="Fanart View: Netflix Play Trailer Windowed for Episodes">
			<visible>Control.IsVisible(56) + container.content(episodes) + Skin.HasSetting(56_Episodes_Netflix)</visible>
			<font>ListDetails</font>
			<include>9000SysButtons</include>
			<onclick>Skin.ToggleSetting(56_Episodes_Netflix_TrailerWindow)</onclick>
			<selected>Skin.HasSetting(56_Episodes_Netflix_TrailerWindow)</selected>
			<label>   -- $LOCALIZE[32487]</label>
		</control>
		<control type="radiobutton" id="91562" description="Fanart View: Netflix for Music">
			<visible>Control.IsVisible(56) + [container.content(albums) | Container.Content(artists)] + !Skin.HasSetting(56_Music_Info)</visible>
			<font>ListDetails</font>
			<include>9000SysButtons</include>
			<onclick>Skin.ToggleSetting(56_Music_Netflix)</onclick>
			<selected>Skin.HasSetting(56_Music_Netflix)</selected>
			<label>- $LOCALIZE[32295]</label>
		</control>
		<control type="radiobutton" id="915621" description="Fanart View: Netflix Show Logo for Music">
			<visible>Control.IsVisible(56) + [container.content(albums) | Container.Content(artists)] + Skin.HasSetting(56_Music_Netflix)</visible>
			<font>ListDetails</font>
			<include>9000SysButtons</include>
			<onclick>Skin.ToggleSetting(56_Music_Netflix_Logo)</onclick>
			<selected>Skin.HasSetting(56_Music_Netflix_Logo)</selected>
			<label>   -- $LOCALIZE[32296]</label>
		</control>
		<control type="radiobutton" id="915622" description="Fanart View: Netflix Show Title in Footer for Music">
			<visible>Control.IsVisible(56) + [container.content(albums) | Container.Content(artists)] + Skin.HasSetting(56_Music_Netflix)</visible>
			<font>ListDetails</font>
			<include>9000SysButtons</include>
			<onclick>Skin.ToggleSetting(56_Music_Netflix_TitleInFooter)</onclick>
			<selected>Skin.HasSetting(56_Music_Netflix_TitleInFooter)</selected>
			<label>   -- $LOCALIZE[32384]</label>
		</control>
		<control type="radiobutton" id="91563" description="Fanart View: Show Info for Episodes">
			<visible>Control.IsVisible(56)+ container.content(episodes) + !Skin.HasSetting(56_Episodes_Netflix)</visible>
			<font>ListDetails</font>
			<include>9000SysButtons</include>
			<onclick>Skin.ToggleSetting(56_Episodes_Info)</onclick>
			<selected>Skin.HasSetting(56_Episodes_Info)</selected>
			<label>- $LOCALIZE[31968]</label>
		</control>
		<control type="radiobutton" id="915631" description="Fanart view: Show Extra Fanart on Info">
			<visible>Control.IsVisible(56) + [container.content(episodes) + Skin.HasSetting(56_Episodes_Info)]</visible>
			<font>ListDetails</font>
			<include>9000SysButtons</include>
			<onclick>Skin.ToggleSetting(56_Episodes_Info_ExtraFanart)</onclick>
			<selected>Skin.HasSetting(56_Episodes_Info_ExtraFanart)</selected>
			<label>   -- $LOCALIZE[32293]</label>
		</control>
		<control type="radiobutton" id="91564" description="Fanart view: Enable gallery for EPISODES">
			<visible>Control.IsVisible(56) + container.content(episodes)</visible>
			<font>ListDetails</font>
			<include>9000SysButtons</include>
			<onclick>Skin.ToggleSetting(56_Episodes_Gallery)</onclick>
			<selected>Skin.HasSetting(56_Episodes_Gallery)</selected>
			<label>- $LOCALIZE[31970]</label>
		</control>

		<control type="radiobutton" id="91565" description="Fanart view: Enable Info for MUSIC">
			<visible>Control.IsVisible(56) + [container.content(albums) | container.content(artists)] + !Skin.HasSetting(56_Music_Netflix)</visible>
			<font>ListDetails</font>
			<include>9000SysButtons</include>
			<onclick>Skin.ToggleSetting(56_Music_Info)</onclick>
			<selected>Skin.HasSetting(56_Music_Info)</selected>
			<label>- $LOCALIZE[31968]</label>
		</control>
		<control type="radiobutton" id="915651" description="Fanart view: Show Extra Fanart on Info">
			<visible>Control.IsVisible(56) + [[container.content(artists) | container.content(albums)] + Skin.HasSetting(56_Music_Info)]</visible>
			<font>ListDetails</font>
			<include>9000SysButtons</include>
			<onclick>Skin.ToggleSetting(56_Music_Info_ExtraFanart)</onclick>
			<selected>Skin.HasSetting(56_Music_Info_ExtraFanart)</selected>
			<label>   -- $LOCALIZE[32293]</label>
		</control>
		<control type="radiobutton" id="91566" description="Fanart view: Enable gallery for MUSIC">
			<visible>Control.IsVisible(56) + [container.content(albums) | container.content(artists)]</visible>
			<font>ListDetails</font>
			<include>9000SysButtons</include>
			<onclick>Skin.ToggleSetting(56_Music_Gallery)</onclick>
			<selected>Skin.HasSetting(56_Music_Gallery)</selected>
			<label>- $LOCALIZE[31970]</label>
		</control>

		<control type="radiobutton" id="91567" description="Fanart view: Enable Info for POSTERS">
			<visible>Control.IsVisible(56) + [container.content(musicvideos) | container.content(movies) | container.content(sets) | container.content(tvshows) | container.content(seasons)] + !Skin.HasSetting(56_Posters_Netflix)</visible>
			<font>ListDetails</font>
			<include>9000SysButtons</include>
			<onclick>Skin.ToggleSetting(56_Posters_Info)</onclick>
			<selected>Skin.HasSetting(56_Posters_Info)</selected>
			<label>- $LOCALIZE[31968]</label>
		</control>
		<control type="radiobutton" id="915671" description="Fanart view: Show Extra Fanart on Info">
			<visible>Control.IsVisible(56) + [[container.content(musicvideos) | container.content(movies) | container.content(sets) | container.content(tvshows) | container.content(seasons)] + Skin.HasSetting(56_Posters_Info)]</visible>
			<font>ListDetails</font>
			<include>9000SysButtons</include>
			<onclick>Skin.ToggleSetting(56_Posters_Info_ExtraFanart)</onclick>
			<selected>Skin.HasSetting(56_Posters_Info_ExtraFanart)</selected>
			<label>   -- $LOCALIZE[32293]</label>
		</control>
		<control type="radiobutton" id="91568" description="Fanart view: Enable gallery for POSTERS">
			<visible>Control.IsVisible(56) + [container.content(MusicVideos) | container.content(movies) | container.content(sets) | container.content(tvshows) | container.content(seasons)]</visible>
			<font>ListDetails</font>
			<include>9000SysButtons</include>
			<onclick>Skin.ToggleSetting(56_Posters_Gallery)</onclick>
			<selected>Skin.HasSetting(56_Posters_Gallery)</selected>
			<label>- $LOCALIZE[31970]</label>
		</control>

		<control type="radiobutton" id="91569" description="Use Disc Art instead of thumb">
			<visible>Control.IsVisible(56) + [container.content(albums) | Container.Content(songs)]</visible>
			<font>ListDetails</font>
			<include>9000SysButtons</include>
			<label>- $LOCALIZE[32423]</label>
			<onclick>Skin.ToggleSetting(56_Use_Disc)</onclick>
			<selected>Skin.HasSetting(56_Use_Disc)</selected>
		</control>

		<control type="button" id="915610" description="Fanart view: Dim Level">
			<visible>Control.IsVisible(56) + [container.content(artists) | container.content(albums) | container.content(musicvideos) | container.content(movies) | container.content(tvshows) | container.content(seasons) | container.content(episodes) | container.content(sets)]</visible>
			<font>ListDetails</font>
			<include>9000SysButtons</include>
			<label>- $LOCALIZE[32298]</label>
			<label2>$VAR[AmberFlixDimLevelLabelVar]</label2>
			<onclick>SetProperty(CustomSelectAmberFlixDimLevel,True,Home)</onclick>
			<onclick>ActivateWindow(1121)</onclick>
		</control>
	</include>

	<include name="IconViewTitleSwitch">
		<control type="radiobutton" id="9131" description="Icon View: Swap Title with File name">
			<visible>Control.IsVisible(53) + !String.StartsWith(Container.FolderPath,plugin) + [Container.Content() | Container.Content(files) | Container.Content(movies) | Container.Content(episodes) | Container.Content(videos) | Container.Content(images)]</visible>
			<font>ListDetails</font>
			<include>9000SysButtons</include>
			<onclick>Skin.ToggleSetting(53_FileNameNotTitle)</onclick>
			<selected>Skin.HasSetting(53_FileNameNotTitle)</selected>
			<label>- $LOCALIZE[32292]</label>
		</control>
	</include>

	<include name="LogoViewSwitches">
		<control type="radiobutton" id="915801" description="Logo View: Use ClearArt">
			<visible>Control.IsVisible(58)</visible>
			<font>ListDetails</font>
			<include>9000SysButtons</include>
			<onclick>Skin.ToggleSetting(58_Logo_ClearArt)</onclick>
			<selected>Skin.HasSetting(58_Logo_ClearArt)</selected>
			<label>- $LOCALIZE[32345]</label>
		</control>
		<control type="radiobutton" id="915802" description="Logo View: Single Logo">
			<visible>Control.IsVisible(58)</visible>
			<font>ListDetails</font>
			<include>9000SysButtons</include>
			<onclick>Skin.ToggleSetting(58_Logo_SingleLogo)</onclick>
			<selected>Skin.HasSetting(58_Logo_SingleLogo)</selected>
			<label>- $LOCALIZE[32346]</label>
		</control>
		<control type="radiobutton" id="915803" description="Logo View: Fade Unfocused">
			<visible>Control.IsVisible(58)</visible>
			<font>ListDetails</font>
			<include>9000SysButtons</include>
			<onclick>Skin.ToggleSetting(58_Logo_FadeRest)</onclick>
			<selected>Skin.HasSetting(58_Logo_FadeRest)</selected>
			<label>- $LOCALIZE[32347]</label>
		</control>
		<control type="radiobutton" id="915804" description="Logo View: Show Overlay">
			<visible>Control.IsVisible(58)</visible>
			<font>ListDetails</font>
			<include>9000SysButtons</include>
			<onclick>Skin.ToggleSetting(58_Logo_Overlay)</onclick>
			<selected>Skin.HasSetting(58_Logo_Overlay)</selected>
			<label>- $LOCALIZE[32348]</label>
		</control>
	</include>

	<include name="SimpleListViewSwitch">
		<control type="radiobutton" id="915701" description="Simple List View: Single Clumn">
			<visible>Control.IsVisible(57)</visible>
			<font>ListDetails</font>
			<include>9000SysButtons</include>
			<onclick>Skin.ToggleSetting(57_SingleColumn)</onclick>
			<onclick>ReloadSkin()</onclick>
			<selected>Skin.HasSetting(57_SingleColumn)</selected>
			<label>- $LOCALIZE[32361]</label>
		</control>
	</include>

	<include name="RightListViewSwitches">
		<definition>
			<control type="radiobutton" id="915021" description="Fixed list">
				<visible>Control.IsVisible(502)</visible>
				<font>ListDetails</font>
				<include>9000SysButtons</include>
				<onclick>Skin.ToggleSetting(502_FixedList)</onclick>
				<onclick>SetProperty(ActiveWindow,videos,home)</onclick>
				<onclick>SetProperty(ContainerPath,$ESCINFO[Container.FolderPath],home)</onclick>
				<onclick>ReplaceWindow(1140)</onclick>
				<selected>Skin.HasSetting(502_FixedList)</selected>
				<label>- $LOCALIZE[32408]</label>
			</control>
			<control type="radiobutton" id="915022" description="Show large poster">
				<visible>Control.IsVisible(502) + [Container.Content(seasons) | Container.Content(tvshows) | Container.Content(episodes) | Container.Content(movies) | Container.Content(sets)]</visible>
				<font>ListDetails</font>
				<include>9000SysButtons</include>
				<onclick>Skin.ToggleSetting(502_ShowPoster)</onclick>
				<selected>Skin.HasSetting(502_ShowPoster)</selected>
				<label>- $LOCALIZE[32398]</label>
			</control>
			<control type="radiobutton" id="915023" description="Show large logo">
				<visible>Control.IsVisible(502) + [Container.Content(seasons) | Container.Content(tvshows) | Container.Content(episodes) | Container.Content(movies) | Container.Content(sets)]</visible>
				<font>ListDetails</font>
				<include>9000SysButtons</include>
				<onclick>Skin.ToggleSetting(502_ShowLogo)</onclick>
				<selected>Skin.HasSetting(502_ShowLogo)</selected>
				<label>- $LOCALIZE[32296]</label>
			</control>
			<control type="radiobutton" id="915024" description="Show floor">
				<visible>Control.IsVisible(502)</visible>
				<font>ListDetails</font>
				<include>9000SysButtons</include>
				<onclick>Skin.ToggleSetting(502_ShowFloor)</onclick>
				<selected>Skin.HasSetting(502_ShowFloor)</selected>
				<label>- $LOCALIZE[32407]</label>
			</control>
			<control type="button" id="915025" description="List Item Type">
				<height>54</height>
				<width>484</width>
				<font>Details</font>
				<textoffsetx>30</textoffsetx>
				<disabledcolor>Grey</disabledcolor>
				<texturenofocus border="3">buttons/ButtonNF.png</texturenofocus>
				<label>- $LOCALIZE[32401]</label>
				<label2>$VAR[RightListItemType]</label2>
				<onclick condition="!Skin.HasSetting(502_UseBanner) + !Skin.HasSetting(502_UseLogo)">Skin.SetBool(502_UseLogo)</onclick>
				<onclick condition="Skin.HasSetting(502_UseLogo)">Skin.SetBool(502_UseBanner)</onclick>
				<onclick condition="Skin.HasSetting(502_UseLogo)">Skin.Reset(502_UseLogo)</onclick>
				<onclick condition="Skin.HasSetting(502_UseBanner)">Skin.Reset(502_UseBanner)</onclick>
				<visible>Control.IsVisible(502) + [Container.Content(tvshows) | Container.Content(movies)]</visible>
			</control>
			<control type="radiobutton" id="915026" description="Show info popup">
				<visible>Control.IsVisible(502)</visible>
				<font>ListDetails</font>
				<include>9000SysButtons</include>
				<onclick>Skin.ToggleSetting(502_ShowInfoPopup)</onclick>
				<onclick condition="!Skin.HasSetting(502_ShowInfoPopup) + String.IsEmpty(RightlistInfoPopup.Delay)">Skin.SetString(RightListInfoPopup.Delay,2)</onclick>
				<selected>Skin.HasSetting(502_ShowInfoPopup)</selected>
				<label>- $LOCALIZE[32405]</label>
			</control>
			<control type="button" id="915027" description="Info Popup Delay">
				<height>54</height>
				<width>484</width>
				<font>Details</font>
				<textoffsetx>30</textoffsetx>
				<disabledcolor>Grey</disabledcolor>
				<texturenofocus border="3">buttons/ButtonNF.png</texturenofocus>
				<label>   -- $LOCALIZE[32406]</label>
				<label2>$INFO[Skin.String(RightListInfoPopup.Delay),, $LOCALIZE[32047]]</label2>
				<onclick>$VAR[RightListInfoPopupDelay]</onclick>
				<visible>Control.IsVisible(502) + Skin.HasSetting(502_ShowInfoPopup)</visible>
			</control>
			<control type="radiobutton" id="915028" description="Fade unfocused">
				<visible>Control.IsVisible(502)</visible>
				<font>ListDetails</font>
				<include>9000SysButtons</include>
				<onclick>Skin.ToggleSetting(502_FadeUnfocused)</onclick>
				<selected>Skin.HasSetting(502_FadeUnfocused)</selected>
				<label>- $LOCALIZE[32347]</label>
			</control>
		</definition>
	</include>

	<variable name="ViewModeSwitch">
		<value condition="!String.IsEmpty(Container.Content)">$INFO[Container.Content]</value>
		<value condition="Window.IsVisible(MyPVRChannels.xml)">pvr-channels</value>
		<value condition="Window.IsVisible(MyPVRRecordings.xml)">pvr-recordings</value>
		<value condition="Window.IsVisible(MyPVRTimers.xml)">pvr-timers</value>
		<value condition="Window.IsVisible(MyPVRSearch.xml)">pvr-search</value>
		<value>none</value>
	</variable>

	<include name="9000GrouplistParameters">
		<posx>-491</posx>
		<posy>60</posy>
		<width>500</width>
		<height>1120</height>
		<onleft>9001</onleft>
		<onright>ClearProperty(MediaMenu,Home)</onright>
		<onright condition="Control.IsVisible(52)">52</onright>
		<onright condition="Control.IsVisible(50)">50</onright>
		<onright condition="Control.IsVisible(54)">54</onright>
		<onright condition="Control.IsVisible(51)">51</onright>
		<onright condition="Control.IsVisible(511)">511</onright>
		<onright condition="Control.IsVisible(55)">55</onright>
		<onright condition="Control.IsVisible(551)">551</onright>
		<onright condition="Control.IsVisible(501)">501</onright>
		<onright condition="Control.IsVisible(53)">53</onright>
		<onright condition="Control.IsVisible(56)">56</onright>
		<onright condition="Control.IsVisible(57)">57</onright>
		<onright condition="Control.IsVisible(58)">58</onright>
		<onright condition="Control.IsVisible(600)">600</onright>
		<onright condition="Control.IsVisible(502)">502</onright>
		<onup condition="Skin.HasSetting(Enable.TouchSupport)">909090</onup>
		<onup condition="!Skin.HasSetting(Enable.TouchSupport)">9000</onup>
		<ondown>9000</ondown>
		<onback>ClearProperty(MediaMenu,Home)</onback>
		<onback condition="Control.IsVisible(52)">52</onback>
		<onback condition="Control.IsVisible(50)">50</onback>
		<onback condition="Control.IsVisible(54)">54</onback>
		<onback condition="Control.IsVisible(51)">51</onback>
		<onback condition="Control.IsVisible(511)">511</onback>
		<onback condition="Control.IsVisible(55)">55</onback>
		<onback condition="Control.IsVisible(551)">551</onback>
		<onback condition="Control.IsVisible(501)">501</onback>
		<onback condition="Control.IsVisible(53)">53</onback>
		<onback condition="Control.IsVisible(56)">56</onback>
		<onback condition="Control.IsVisible(57)">57</onback>
		<onback condition="Control.IsVisible(58)">58</onback>
		<onback condition="Control.IsVisible(600)">600</onback>
		<onback condition="Control.IsVisible(502)">502</onback>
		<scrolltime>200</scrolltime>
		<orientation>vertical</orientation>
		<animation effect="fade" time="200" start="100" end="20" reversible="true" condition="[!ControlGroup(9000).HasFocus() + !Control.HasFocus(909090)]">Conditional</animation>
		<control type="label" id="9140">
			<textcolor>$VAR[HighlightColor]</textcolor>
			<textoffsetx>10</textoffsetx>
			<align>left</align>
			<include>9000ViewButtons</include>
			<label>$LOCALIZE[582]</label>
		</control>
		<control type="button" id="6051">
			<include>9000SysButtons</include>
			<label>$LOCALIZE[31023]</label>
			<label2>$INFO[Container.Viewmode]</label2>
			<enable>Integer.IsGreater(Container(9600).NumItems,1)</enable>
			<onclick condition="!Skin.HasSetting(Enable.NewViewSelector)">Control.SetFocus(9600)</onclick>
			<onclick condition="Skin.HasSetting(Enable.NewViewSelector)">Runscript(script.skinvariables,action=buildviews,contentid=$VAR[ViewModeSwitch],pluginname=$INFO[Container.PluginName])</onclick>
		</control>

		<include content="IconViewSwitches">
			<param name="viewid">53</param>
		</include>

		<include content="IconViewSwitches">
			<param name="viewid">55</param>
		</include>

		<include content="IconViewSwitches">
			<param name="viewid">551</param>
		</include>

		<include content="IconViewSwitches">
			<param name="viewid">51</param>
		</include>

		<include content="IconViewSwitches">
			<param name="viewid">511</param>
		</include>

		<include content="ListViewSwitches">
			<param name="viewid">50</param>
		</include>

		<include content="ListViewSwitches">
			<param name="viewid">54</param>
		</include>

		<include content="ListViewSwitches">
			<param name="viewid">501</param>
		</include>

		<include content="ViewSettingsSwapPanel">
			<param name="viewid">52</param>
		</include>

		<include>FanartViewSwitches</include>

		<include>IconViewTitleSwitch</include>

		<include>LogoViewSwitches</include>

		<include>SimpleListViewSwitch</include>

		<include>RightListViewSwitches</include>

		<control type="button" id="6053">
			<include>9000SysButtons</include>
			<label>$LOCALIZE[31024]</label>
			<label2>$INFO[Container.SortMethod]</label2>
			<visible>Control.IsEnabled(3)</visible>
			<onclick>SendClick(3)</onclick>
		</control>
		<control type="button" id="6052">
			<include>9000SysButtons</include>
			<label>$LOCALIZE[31027]</label>
			<label2>$INFO[Container.SortOrder]</label2>
			<visible>Control.IsEnabled(4)</visible>
			<onclick>SendClick(4)</onclick>
		</control>
		<control type="button" id="60581">
			<include>9000SysButtons</include>
			<label>$LOCALIZE[137]</label>
			<onclick condition="Skin.HasSetting(DoCustomVideoSearch)">Skin.Reset(CustomSearchTerm)</onclick>
			<onclick condition="Skin.HasSetting(DoCustomVideoSearch)">Skin.SetString(CustomSearchTerm)</onclick>
			<onclick condition="Skin.HasSetting(DoCustomVideoSearch)">SetProperty(DoVideoSearch,true,Home)</onclick>
			<onclick condition="Skin.HasSetting(DoCustomVideoSearch)">ActivateWindow(1122)</onclick>
			<onclick condition="!Skin.HasSetting(DoCustomVideoSearch)">SendClick(videos,8)</onclick>
			<visible>Window.IsVisible(Videos)</visible>
		</control>
		<control type="button" id="60582">
			<include>9000SysButtons</include>
			<label>$LOCALIZE[137]</label>
			<onclick condition="Skin.HasSetting(DoCustomMusicSearch)">Skin.Reset(CustomSearchTerm)</onclick>
			<onclick condition="Skin.HasSetting(DoCustomMusicSearch)">Skin.SetString(CustomSearchTerm)</onclick>
			<onclick condition="Skin.HasSetting(DoCustomMusicSearch)">SetProperty(DoMusicSearch,true,Home)</onclick>
			<onclick condition="Skin.HasSetting(DoCustomMusicSearch)">ActivateWindow(1122)</onclick>
			<onclick condition="!Skin.HasSetting(DoCustomMusicSearch)">SendClick(music,8)</onclick>
			<visible>Window.IsVisible(Music)</visible>
		</control>
		<control type="edit" id="19">
			<visible>Container.CanFilter + !Container.CanFilterAdvanced</visible>
			<textwidth>395</textwidth>
			<include>9000SysButtons</include>
			<label>$LOCALIZE[587]</label>
			<texturenofocus border="3">buttons/ButtonNF.png</texturenofocus>
		</control>
		<control type="button" id="199">
			<visible>Container.CanFilterAdvanced</visible>
			<include>9000SysButtons</include>
			<label>$LOCALIZE[587]</label>
			<onclick>right</onclick>
			<onclick>Filter</onclick>
		</control>
	</include>

	<include name="9000PVRGrouplistParameters">
		<posx>-491</posx>
		<posy>60</posy>
		<width>500</width>
		<height>1120</height>
		<onleft>9001</onleft>
		<onright>ClearProperty(MediaMenu,Home)</onright>
		<onright condition="Control.IsVisible(52)">52</onright>
		<onright condition="Control.IsVisible(50)">50</onright>
		<onright condition="Control.IsVisible(54)">54</onright>
		<onright condition="Control.IsVisible(51)">51</onright>
		<onright condition="Control.IsVisible(511)">511</onright>
		<onright condition="Control.IsVisible(55)">55</onright>
		<onright condition="Control.IsVisible(551)">551</onright>
		<onright condition="Control.IsVisible(501)">501</onright>
		<onright condition="Control.IsVisible(53)">53</onright>
		<onup condition="Skin.HasSetting(Enable.TouchSupport)">909090</onup>
		<onup condition="!Skin.HasSetting(Enable.TouchSupport)">9000</onup>
		<ondown>9000</ondown>
		<onback>ClearProperty(MediaMenu,Home)</onback>
		<onback condition="Control.IsVisible(52)">52</onback>
		<onback condition="Control.IsVisible(50)">50</onback>
		<onback condition="Control.IsVisible(54)">54</onback>
		<onback condition="Control.IsVisible(51)">51</onback>
		<onback condition="Control.IsVisible(511)">511</onback>
		<onback condition="Control.IsVisible(55)">55</onback>
		<onback condition="Control.IsVisible(551)">551</onback>
		<onback condition="Control.IsVisible(501)">501</onback>
		<onback condition="Control.IsVisible(53)">53</onback>
		<scrolltime>200</scrolltime>
		<orientation>vertical</orientation>
		<animation effect="fade" time="200" start="100" end="20" reversible="true" condition="[!ControlGroup(9000).HasFocus() + !Control.HasFocus(909090)]">Conditional</animation>
		<control type="label" id="9140">
			<textcolor>$VAR[HighlightColor]</textcolor>
			<textoffsetx>10</textoffsetx>
			<align>left</align>
			<include>9000ViewButtons</include>
			<label>$LOCALIZE[582]</label>
		</control>
		<control type="button" id="6051">
			<include>9000SysButtons</include>
			<label>$LOCALIZE[31023]</label>
			<label2>$INFO[Container.Viewmode]</label2>
			<enable>Integer.IsGreater(Container(9600).NumItems,1)</enable>
			<onclick condition="!Skin.HasSetting(Enable.NewViewSelector) + !Window.IsVisible(MyPVRGuide.xml)">Control.SetFocus(9600)</onclick>
			<onclick condition="Skin.HasSetting(Enable.NewViewSelector) + !Window.IsVisible(MyPVRGuide.xml)">Runscript(script.skinvariables,action=buildviews,contentid=$VAR[ViewModeSwitch],pluginname=$INFO[Container.PluginName])</onclick>
			<visible>![Window.IsActive(MyPVRChannels.xml) + !Skin.HasSetting(UseMultiViewsForChannels)]</visible>
		</control>

		<include content="IconViewSwitches">
			<param name="viewid">53</param>
		</include>

		<include content="IconViewSwitches">
			<param name="viewid">55</param>
		</include>

		<include content="IconViewSwitches">
			<param name="viewid">551</param>
		</include>

		<include content="IconViewSwitches">
			<param name="viewid">51</param>
		</include>

		<include content="IconViewSwitches">
			<param name="viewid">511</param>
		</include>

		<include>IconViewTitleSwitch</include>

		<include>SimpleListViewSwitch</include>

		<control type="button" id="6053">
			<include>9000SysButtons</include>
			<label>$LOCALIZE[31024]</label>
			<label2>$INFO[Container.SortMethod]</label2>
			<visible>Control.IsEnabled(3)</visible>
			<onclick>SendClick(3)</onclick>
		</control>
		<control type="button" id="6052">
			<include>9000SysButtons</include>
			<label>$LOCALIZE[31027]</label>
			<label2>$INFO[Container.SortOrder]</label2>
			<visible>Control.IsEnabled(4)</visible>
			<onclick>SendClick(4)</onclick>
		</control>
	</include>
</includes>