<?xml version="1.0" encoding="UTF-8"?>
<window>
	<onload>ClearProperty(MediaMenu,Home)</onload>
	<include>ViewIDs</include>
	<menucontrol>9000</menucontrol>
	<controls>
		<include condition="Skin.HasSetting(Sub_MainMenuBG)">SubBackgroundLists</include>
		<include>DefaultBackground</include>
		<include content="View_50_List" condition="!Skin.HasSetting(ListCenterFocus)">
			<param name="ListType">list</param>
		</include>
		<include content="View_50_List" condition="Skin.HasSetting(ListCenterFocus)">
			<param name="ListType">fixedlist</param>
		</include>
		<include>View_51_Panel</include>
		<include>View_511_Panel2</include>
		<include content="View_52_BigList" condition="!Skin.HasSetting(ListCenterFocus)">
			<param name="ListType">list</param>
		</include>
		<include content="View_52_BigList" condition="Skin.HasSetting(ListCenterFocus)">
			<param name="ListType">fixedlist</param>
		</include>
		<include>View_53_Icons</include>
		<include content="View_54_LowList" condition="!Skin.HasSetting(ListCenterFocus)">
			<param name="ListType">list</param>
		</include>
		<include content="View_54_LowList" condition="Skin.HasSetting(ListCenterFocus)">
			<param name="ListType">fixedlist</param>
		</include>
		<include>View_55_BigPanel</include>
		<include>View_551_BigPanel2</include>
		<include content="View_56_Fanart" condition="!Skin.HasSetting(FanartCenterFocus)">
			<param name="focusposition">2</param>
		</include>
		<include content="View_56_Fanart" condition="Skin.HasSetting(FanartCenterFocus)">
			<param name="focusposition">4</param>
		</include>
		<include content="View_501_TallList" condition="!Skin.HasSetting(ListCenterFocus)">
			<param name="ListType">list</param>
		</include>
		<include content="View_501_TallList" condition="Skin.HasSetting(ListCenterFocus)">
			<param name="ListType">fixedlist</param>
		</include>
		<include>View_57_SimpleList</include>
		<include>View_58_Logo</include>
		<include>View_502_RightList</include>
		<control type="group">
			<include>VignetteFade</include>
			<include>Time</include>
		</control>
		<control type="group" id="8999" description="Side menu 9000 group">
			<include>9000Commons</include>
			<include>9000NavCommons</include>
			<control type="group">
				<posx>-60</posx>
				<posy>-13</posy>
				<include condition="Skin.HasSetting(Enable.TouchSupport)" content="DialogCloseButtonCommons">
					<param name="Action">SetFocus(50)</param>
					<param name="ondown">9000</param>
				</include>
				<animation effect="fade" time="200" start="100" end="20" reversible="true" condition="!ControlGroup(9000).HasFocus() + !Control.HasFocus(909090)">Conditional</animation>
			</control>
			<control type="grouplist" id="9000">
				<include>9000GrouplistParameters</include>
				<control type="button" id="624">
					<include>9000SysButtons</include>
					<label>$LOCALIZE[10140]</label>
					<onclick>Addon.OpenSettings($INFO[Container.PluginName])</onclick>
					<visible>!String.IsEmpty(Container.PluginName)</visible>
				</control>
				<control type="button" id="621">
					<description>Get more</description>
					<include>9000SysButtons</include>
					<label>$LOCALIZE[21452]</label>
					<onclick>ActivateWindow(addonbrowser,addons://more/game/,return)</onclick>
					<visible>Container.Content(addons)</visible>
				</control>
				<control type="button" id="699" description="Playing">
					<enable>Player.HasMedia</enable>
					<include>9000SysButtons</include>
					<label>$LOCALIZE[16003]</label>
					<onclick>fullscreen</onclick>
				</control>
			</control>
		</control>
		<include condition="Skin.HasSetting(Show.EHJumpToLetter)">ScriptJumpToLetter</include>
	</controls>
</window>