<?xml version="1.0" encoding="UTF-8"?>
<window>
	<views>53</views>
	<controls>
		<include>DefaultBackground</include>
		<include>OpenClose</include>
		<control type="group">
			<control type="group">
				<control type="image">
					<posx>0</posx>
					<posy>0</posy>
					<include>Dimensions_Fullscreen</include>
					<aspectratio>scale</aspectratio>
					<texture background="true">$INFO[Container.ListItem.Art(fanart)]</texture>
					<visible>Control.HasFocus(53)</visible>
					<fadetime>600</fadetime>
					<animation effect="fade" time="600">Visible</animation>
					<animation effect="fade" time="600">Hidden</animation>
				</control>

				<control type="image" description="Left Menu background">
					<colordiffuse>dfcebe9e</colordiffuse>
					<left>20</left>
					<top>60</top>
					<width>412</width>
					<height>980</height>
					<texture border="45">dialogs/TinyDialog.png</texture>
					<!-- <colordiffuse>$VAR[DialogBGColor]</colordiffuse> -->
				</control>
				<control type="image" description="2/2 Right Menu">
					<colordiffuse>dfcebe9e</colordiffuse>
					<left>436</left>
					<top>60</top>
					<width>1459</width>
					<height>980</height>
					<texture border="45">dialogs/TinyDialog.png</texture>
					<!-- <colordiffuse>$VAR[DialogBGColor]</colordiffuse> -->
				</control>

				<control type="list" id="9000">
					<posx>65</posx>
					<posy>120</posy>
					<width>322</width>
					<height>780</height>
					<onup>9000</onup>
					<ondown>8000</ondown>
					<onleft>8000</onleft>
					<onright>53</onright>
					<onup>9000</onup>
					<ondown>9000</ondown>
					<scrolltime tween="quadratic">300</scrolltime>
					<itemlayout width="322" height="60">
						<control type="image">
							<width>322</width>
							<height>60</height>
							<texture border="3">buttons/ButtonNF.png</texture>
						</control>
						<control type="group">
							<control type="label" description="Main Label">
								<posx>10</posx>
								<width>301</width>
								<height>60</height>
								<label>[B]$INFO[ListItem.Label][/B]</label>
							</control>
							<control type="label">
								<posx>10</posx>
								<width>301</width>
								<height>60</height>
								<align>right</align>
								<label>$INFO[ListItem.Label2]</label>
							</control>
						</control>
					</itemlayout>
					<focusedlayout width="322" height="60">
						<control type="image" description="fa overlay">
							<animation effect="fade" start="100" end="40" time="100" condition="!Control.HasFocus(9000)">Conditional</animation>
							<width>322</width>
							<height>60</height>
							<texture border="4" colordiffuse="$VAR[HighlightColor]">img/WhiteRoundedST2.png</texture>
						</control>
						<control type="group">
							<control type="label" description="Main Label">
								<posx>10</posx>
								<width>301</width>
								<height>60</height>
								<textcolor>$VAR[FocusedTextColor]</textcolor>
								<shadowcolor />
								<label>[B]$INFO[ListItem.Label][/B]</label>
							</control>
							<control type="label">
								<posx>10</posx>
								<width>301</width>
								<height>60</height>
								<align>right</align>
								<textcolor>$VAR[FocusedTextColor]</textcolor>
								<label>$INFO[ListItem.Label2]</label>
							</control>
						</control>
					</focusedlayout>
				</control>

				<control type="panel" id="53">
					<left>470</left>
					<top>100</top>
					<width>1410</width>
					<height>720</height>
					<pagecontrol>61</pagecontrol>
					<onleft>9000</onleft>
					<onright>61</onright>
					<onup>53</onup>
					<ondown>53</ondown>
					<viewtype label="536">bigicon</viewtype>
					<preloaditems>8</preloaditems>
					<itemlayout condition="Container.Content(TvShows) | container.content(movies) | Container.Content(seasons)" height="326" width="232.5">
						<include content="GenericPosterIconSmall">
							<param name="isFocused">false</param>
						</include>
					</itemlayout>
					<focusedlayout condition="Container.Content(TvShows) | container.content(movies) | Container.Content(seasons)" height="326" width="232.5">
						<include content="GenericPosterIconSmall">
							<param name="isFocused">true</param>
						</include>
					</focusedlayout>

					<itemlayout condition="Container.Content(episodes)" height="226" width="310">
						<include content="GenericEpisodeIconBig">
							<param name="isFocused">false</param>
						</include>
					</itemlayout>
					<focusedlayout condition="Container.Content(episodes)" height="226" width="310">
						<include content="GenericEpisodeIconBig">
							<param name="isFocused">true</param>
						</include>
					</focusedlayout>

					<itemlayout condition="Container.Content(artists) | Container.Content(albums) | Container.Content(songs) | Container.Content(musicvideos)" height="372" width="310">
						<include content="GenericMusicIconBig">
							<param name="isFocused">false</param>
						</include>
					</itemlayout>
					<focusedlayout condition="Container.Content(artists) | Container.Content(albums) | Container.Content(songs) | Container.Content(musicvideos)" height="372" width="310">
						<include content="GenericMusicIconBig">
							<param name="isFocused">true</param>
						</include>
					</focusedlayout>

					<itemlayout condition="Container.content(actors) | container.content(directors)" height="400" width="310">
						<include content="GenericThumbIconBig">
							<param name="isFocused">false</param>
						</include>
					</itemlayout>
					<focusedlayout condition="Container.content(actors) | container.content(directors)" height="400" width="310">
						<include content="GenericThumbIconBig">
							<param name="isFocused">true</param>
						</include>
					</focusedlayout>
				</control>

				<control type="image" description="Footer Dim BG">
					<posx>454</posx>
					<posy>818</posy>
					<width>1421</width>
					<height>207</height>
					<texture>img/GradientNew.png</texture>
					<colordiffuse>dfcebe9e</colordiffuse>
				</control>
				<control type="image" description="Footer">
					<posx>454</posx>
					<posy>818</posy>
					<width>1421</width>
					<height>207</height>
					<texture>OSD/FS_OSDBackground.png</texture>
					<colordiffuse>dfcebe9e</colordiffuse>
				</control>

				<control type="group" description="Media Info Lite">
					<include>ContentFade</include>
					<posy>855</posy>
					<posx>580</posx>
					<width>1140</width>
					<control type="label" description="Title shadow">
						<left>4</left>
						<top>4</top>
						<width>1140</width>
						<height>50</height>
						<align>center</align>
						<textcolor>$VAR[FocusedTextColor]</textcolor>
						<shadowcolor />
						<font>InfoTitle</font>
						<scroll>false</scroll>
						<label>$VAR[panelheading]</label>
					</control>
					<control type="label" description="Title Label">
						<width>1140</width>
						<height>50</height>
						<align>center</align>
						<textcolor>White2</textcolor>
						<shadowcolor />
						<font>InfoTitle</font>
						<scroll>false</scroll>
						<label>$VAR[panelheading]</label>
					</control>
					<control type="label" description="Details">
						<posy>59</posy>
						<width>1140</width>
						<height>50</height>
						<align>center</align>
						<shadowcolor>Black</shadowcolor>
						<label>$VAR[panelsubheading]</label>
					</control>
				</control>
				<control type="group">
					<visible>!Skin.HasSetting(coloredflags)</visible>
					<include>ContentFade</include>
					<control type="grouplist" description="Left Flags">
						<left>460</left>
						<top>960</top>
						<width>520</width>
						<height>80</height>
						<itemgap>20</itemgap>
						<orientation>horizontal</orientation>
						<align>left</align>
						<include content="MediaFlagItems">
							<param name="showvideobadge">true</param>
							<param name="showaudiobadge">false</param>
							<param name="showratingbadge">false</param>
							<param name="diffuse">$VAR[LabelTextColor]</param>
						</include>
					</control>
					<control type="grouplist" description="Right Flags">
						<left>1540</left>
						<top>960</top>
						<width>300</width>
						<height>80</height>
						<itemgap>20</itemgap>
						<orientation>horizontal</orientation>
						<align>right</align>
						<include content="MediaFlagItems">
							<param name="showvideobadge">false</param>
							<param name="showaudiobadge">true</param>
							<param name="showratingbadge">true</param>
							<param name="diffuse">$VAR[LabelTextColor]</param>
						</include>
					</control>
				</control>
				<control type="group">
					<visible>Skin.HasSetting(coloredflags)</visible>
					<include>ContentFade</include>
					<control type="grouplist" description="Left Flags">
						<left>450</left>
						<top>960</top>
						<width>520</width>
						<height>80</height>
						<itemgap>20</itemgap>
						<orientation>horizontal</orientation>
						<align>left</align>
						<include content="MediaFlagItems">
							<param name="showvideobadge">true</param>
							<param name="showaudiobadge">false</param>
							<param name="showratingbadge">false</param>
							<param name="diffuse">$VAR[LabelTextColor]</param>
						</include>
					</control>
					<control type="grouplist" description="Right Flags">
						<left>1560</left>
						<top>960</top>
						<width>300</width>
						<height>80</height>
						<itemgap>20</itemgap>
						<orientation>horizontal</orientation>
						<align>right</align>
						<include content="MediaFlagItems">
							<param name="showvideobadge">false</param>
							<param name="showaudiobadge">true</param>
							<param name="showratingbadge">true</param>
							<param name="diffuse">$VAR[LabelTextColor]</param>
						</include>
					</control>
				</control>
			</control>

			<control type="scrollbar" id="61">
				<animation effect="slide" start="0,0" end="-8,0" time="150">Focus</animation>
				<animation effect="slide" start="-8,0" end="0,0" time="300">UnFocus</animation>
				<top>100</top>
				<left>1895</left>
				<width>36</width>
				<height>720</height>
				<texturesliderbackground />
				<texturesliderbar />
				<texturesliderbarfocus />
				<textureslidernib border="18">OSD/ScrollbarNibNF.png</textureslidernib>
				<textureslidernibfocus border="18" colordiffuse="$VAR[HighlightColor]">OSD/ScrollbarNibFO.png</textureslidernibfocus>
				<showonepage>false</showonepage>
				<orientation>vertical</orientation>
				<onleft>53</onleft>
				<onright>9000</onright>
			</control>

			<include>Time</include>

			<control type="group">
				<control type="grouplist" id="8000">
					<posx>65</posx>
					<posy>830</posy>
					<width>322</width>
					<height>100</height>
					<onright>9000</onright>
					<onup>9000</onup>
					<onleft>9000</onleft>
					<ondown>8000</ondown>
					<onback>9000</onback>
					<scrolltime>200</scrolltime>
					<orientation>vertical</orientation>
					<control type="button" id="990">
						<description>Settings</description>
						<height>54</height>
						<width>322</width>
						<font>font16</font>
						<textoffsetx>10</textoffsetx>
						<disabledcolor>Grey</disabledcolor>
						<texturenofocus border="3">buttons/ButtonNF.png</texturenofocus>
						<label>$ADDON[script.globalsearch 32299]?</label>
					</control>
				</control>
				<control type="button" id="2">
					<include>HiddenButton</include>
				</control>
				<control type="label" id="991">
					<left>-3000</left>
					<top>-3000</top>
					<width>1</width>
					<height>1</height>
					<label />
					<font />
				</control>
				<control type="label" id="999">
					<left>-3000</left>
					<top>-3000</top>
					<width>1</width>
					<height>1</height>
					<label />
					<font />
				</control>
			</control>
		</control>
	</controls>
</window>