<?xml version="1.0" encoding="UTF-8"?>
<window>
	<defaultcontrol always="true">95</defaultcontrol>
	<controls>
		<include condition="Skin.HasSetting(Sub_MainMenuBG)">SubBackgroundLists</include>
		<include>DefaultBackground</include>
		<include>Time</include>
		<control type="image">
			<include>OpenClose</include>
			<posx>30</posx>
			<posy>60</posy>
			<width>1860</width>
			<height>1010</height>
			<texture border="0,60,0,60">dialogs/SettingsBG.png</texture>
			<colordiffuse>$VAR[DialogBGColor]</colordiffuse>
		</control>
		<control type="group" description="Content">
			<include>OpenClose</include>
			<control type="label" description="Heading">
				<posx>400</posx>
				<posy>108</posy>
				<width>1400</width>
				<height>50</height>
				<label>$LOCALIZE[130]</label>
				<align>center</align>
				<textcolor>$VAR[HighlightColor]</textcolor>
			</control>
			<control type="group">
				<posy>60</posy>
				<control type="grouplist" id="9001" description="Left panel">
					<posx>60</posx>
					<posy>150</posy>
					<width>324</width>
					<height>518</height>
					<itemgap>0</itemgap>
					<onleft>noop</onleft>
					<onright>60</onright>
					<onup>9001</onup>
					<ondown>9001</ondown>
					<control type="button" id="95" description="Summary">
						<texturenofocus border="3" flipy="true">list/ListNF.png</texturenofocus>
						<width>324</width>
						<label>$LOCALIZE[20037]</label>
					</control>
					<control type="button" id="94" description="Storage">
						<width>324</width>
						<label>$LOCALIZE[13277]</label>
						<texturenofocus border="3" flipy="true">list/ListNF.png</texturenofocus>
					</control>
					<control type="button" id="96" description="Network">
						<width>324</width>
						<label>$LOCALIZE[13279]</label>
						<texturenofocus border="3" flipy="true">list/ListNF.png</texturenofocus>
					</control>
					<control type="button" id="97" description="Video">
						<width>324</width>
						<label>$LOCALIZE[13280]</label>
						<texturenofocus border="3" flipy="true">list/ListNF.png</texturenofocus>
					</control>
					<control type="button" id="98" description="Hardware">
						<width>324</width>
						<label>$LOCALIZE[13281]</label>
						<texturenofocus border="3" flipy="true">list/ListNF.png</texturenofocus>
					</control>
					<control type="button" id="99" description="PVR">
						<width>324</width>
						<label>$LOCALIZE[19191]</label>
						<texturenofocus border="3" flipy="true">list/ListNF.png</texturenofocus>
					</control>
					<control type="button" id="100" description="Privacy">
						<width>324</width>
						<label>$LOCALIZE[12389]</label>
						<texturenofocus border="3" flipy="true">list/ListNF.png</texturenofocus>
					</control>
				</control>
				<control type="grouplist" description="Right panel">
					<visible>!Control.IsVisible(30)</visible>
					<posx>420</posx>
					<posy>150</posy>
					<width>1420</width>
					<height>900</height>
					<itemgap>9</itemgap>
					<control type="grouplist">
						<height>45</height>
						<orientation>horizontal</orientation>
						<itemgap>60</itemgap>
						<control type="label" id="21">
							<description>CPU Text</description>
							<height>45</height>
							<width>680</width>
							<font>ListDetails</font>
							<label>[COLOR $VAR[HighlightColor]]$LOCALIZE[13271][/COLOR] $INFO[System.CPUUsage]</label>
						</control>
						<control type="label" id="23">
							<description>Memory Text</description>
							<height>45</height>
							<width>680</width>
							<font>ListDetails</font>
							<label>[COLOR $VAR[HighlightColor]]$LOCALIZE[31309][/COLOR] $INFO[system.memory(used)] [B]/[/B] $INFO[system.memory(total)] [B]-[/B] $INFO[system.memory(used.percent)]</label>
						</control>
					</control>
					<control type="grouplist">
						<height>16</height>
						<itemgap>60</itemgap>
						<orientation>horizontal</orientation>
						<control type="progress">
							<description>CPU BAR</description>
							<width>680</width>
							<height>16</height>
							<texturebg border="0,0,0,0">img/AmberDotBG.png</texturebg>
							<midtexture border="0,0,0,0">img/AmberDot.png</midtexture>
							<colordiffuse>$VAR[HighlightColor]</colordiffuse>
							<info>System.CPUUsage</info>
						</control>
						<control type="progress">
							<description>Memory BAR</description>
							<width>680</width>
							<height>16</height>
							<texturebg border="0,0,0,0">img/AmberDotBG.png</texturebg>
							<midtexture border="0,0,0,0">img/AmberDot.png</midtexture>
							<colordiffuse>$VAR[HighlightColor]</colordiffuse>
							<info>system.memory(used)</info>
						</control>
					</control>
					<control type="grouplist">
						<height>45</height>
						<orientation>horizontal</orientation>
						<itemgap>60</itemgap>
						<control type="label" id="21">
							<description>CPU Text</description>
							<height>45</height>
							<width>680</width>
							<font>ListDetails</font>
							<label>[COLOR $VAR[HighlightColor]]$LOCALIZE[144] [/COLOR]$INFO[Control.GetLabel(52)]</label>
						</control>
						<control type="label" id="23">
							<description>Memory Text</description>
							<height>45</height>
							<width>680</width>
							<font>ListDetails</font>
							<label>[COLOR $VAR[HighlightColor]]$LOCALIZE[174] [/COLOR]$INFO[Control.GetLabel(53)]</label>
						</control>
					</control>
					<control type="label">
						<description>Dummy label for spacing</description>
						<height>8</height>
						<width>1420</width>
						<font />
						<label />
					</control>
					<control type="image" description="Line Split">
						<width>1420</width>
						<height>2</height>
						<texture>img/LineST.png</texture>
						<aspectratio>stretch</aspectratio>
					</control>
					<control type="label" id="2">
						<description>Label 2</description>
						<height>45</height>
						<width>1420</width>
						<font>Mono26</font>
					</control>
					<control type="label" id="3">
						<description>Label 3</description>
						<height>45</height>
						<width>1420</width>
						<font>Mono26</font>
					</control>
					<control type="label" id="4">
						<description>Label 4</description>
						<height>45</height>
						<font>Mono26</font>
						<width>1420</width>
					</control>
					<control type="label" id="5">
						<description>Label 5</description>
						<height>45</height>
						<width>1420</width>
						<font>Mono26</font>
						<wrapmultiline>true</wrapmultiline>
					</control>
					<control type="label" id="6">
						<description>Label 6</description>
						<height>45</height>
						<width>1420</width>
						<font>Mono26</font>
					</control>
					<control type="label" id="7">
						<description>Label 7</description>
						<height>45</height>
						<width>1420</width>
						<font>Mono26</font>
					</control>
					<control type="label" id="8">
						<description>Label 8</description>
						<height>45</height>
						<width>1420</width>
						<font>Mono26</font>
					</control>
					<control type="label" id="9">
						<description>Label 9</description>
						<height>45</height>
						<width>1420</width>
						<font>Mono26</font>
					</control>
					<control type="label" id="10">
						<description>Label 10</description>
						<height>45</height>
						<width>1420</width>
						<font>Mono26</font>
					</control>
					<control type="label" id="11">
						<description>Label 11</description>
						<height>45</height>
						<width>1420</width>
						<font>Mono26</font>
					</control>
					<control type="label" id="12">
						<description>Label 11</description>
						<height>45</height>
						<width>1420</width>
						<font>Mono26</font>
					</control>
				</control>
				<control type="textbox" id="30">
					<left>420</left>
					<top>130</top>
					<width>1420</width>
					<height>700</height>
					<pagecontrol>60</pagecontrol>
					<autoscroll delay="5000" repeat="7500" time="5000">true</autoscroll>
				</control>
				<control type="scrollbar" id="60">
					<left>1840</left>
					<top>130</top>
					<width>36</width>
					<height>700</height>
					<onleft>9001</onleft>
					<onright>9001</onright>
					<texturesliderbackground />
					<texturesliderbar />
					<texturesliderbarfocus />
					<textureslidernib border="18">OSD/ScrollbarNibNF.png</textureslidernib>
					<textureslidernibfocus border="18" colordiffuse="$VAR[HighlightColor]">OSD/ScrollbarNibFO.png</textureslidernibfocus>
					<showonepage>false</showonepage>
					<orientation>vertical</orientation>
					<visible>Control.IsVisible(30)</visible>
				</control>
			</control>
		</control>
		<control type="label" id="52">
			<include>HiddenButton</include>
		</control>
		<control type="label" id="53">
			<include>HiddenButton</include>
		</control>
	</controls>
</window>