<?xml version="1.0" encoding="UTF-8"?>
<window>
	<onunload>RunScript(script.skinshortcuts,type=buildxml&amp;mainmenuID=300&amp;group=mainmenu|powermenu&amp;levels=5)</onunload>
	<defaultcontrol always="true">9000</defaultcontrol>
	<backgroundcolor>0</backgroundcolor>
	<controls>
		<include condition="Skin.HasSetting(Sub_MainMenuBG)">SubBackgroundLists</include>
		<include>DefaultBackground</include>
		<include>Time</include>
		<control type="group" description="Content">
			<animation effect="fade" time="250" condition="!Window.Previous(SettingsCategory.xml)">WindowOpen</animation>
			<animation effect="fade" time="250" condition="!Window.Next(SettingsCategory.xml)">WindowClose</animation>
			<control type="image" description="Left Menu background">
				<left>60</left>
				<top>60</top>
				<width>412</width>
				<height>980</height>
				<texture border="45">dialogs/TinyDialog.png</texture>
				<colordiffuse>$VAR[DialogBGColor]</colordiffuse>
			</control>
			<control type="image" description="2/2 Right Menu">
				<visible>!Control.IsVisible(9001)</visible>
				<left>462</left>
				<top>60</top>
				<width>1419</width>
				<height>980</height>
				<texture border="45">dialogs/TinyDialog.png</texture>
				<colordiffuse>$VAR[DialogBGColor]</colordiffuse>
			</control>
			<!-- 9000 Left panel -->
			<control type="list" id="9000">
				<posx>105</posx>
				<posy>120</posy>
				<width>322</width>
				<height>780</height>
				<onleft>noop</onleft>
				<onright>9100</onright>
				<onup>9000</onup>
				<ondown>9000</ondown>
				<pagecontrol />
				<scrolltime>280</scrolltime>
				<itemlayout width="322" height="60">
					<control type="image">
						<width>322</width>
						<height>60</height>
						<texture border="3">buttons/ButtonNF.png</texture>
					</control>
					<control type="label" description="Main Label">
						<posx>10</posx>
						<width>301</width>
						<height>60</height>
						<label>$INFO[ListItem.Label]</label>
					</control>
				</itemlayout>
				<focusedlayout width="322" height="60">
					<control type="image" description="fa overlay">
						<animation effect="fade" start="100" end="40" time="100" condition="!Control.HasFocus(9000)">Conditional</animation>
						<width>322</width>
						<height>60</height>
						<texture border="4" colordiffuse="$VAR[HighlightColor]">img/WhiteRoundedST2.png</texture>
					</control>
					<control type="label" description="Main Label">
						<posx>10</posx>
						<width>301</width>
						<height>60</height>
						<textcolor>$VAR[FocusedTextColor]</textcolor>
						<shadowcolor />
						<label>$INFO[ListItem.Label]</label>
					</control>
				</focusedlayout>
				<content>
					<item id="1" description="General">
						<label>$LOCALIZE[128]</label>
						<onclick>noop</onclick>
					</item>
					<item id="2" description="Home menu">
						<label>$LOCALIZE[31995]</label>
						<onclick>noop</onclick>
					</item>
					<item id="3" description="Backgrounds">
						<label>$LOCALIZE[32259]</label>
						<onclick>noop</onclick>
					</item>
					<item id="4" description="Media Views">
						<label>$LOCALIZE[31053]</label>
						<onclick>noop</onclick>
					</item>
					<item id="5" description="Title Bar Options">
						<label>$LOCALIZE[32123]</label>
						<onclick>noop</onclick>
					</item>
					<item id="6" description="Now Playing Options">
						<label>$LOCALIZE[32300]</label>
						<onclick>noop</onclick>
					</item>
					<item id="7" description="Full Screen Options">
						<label>$LOCALIZE[32336]</label>
						<onclick>noop</onclick>
					</item>
					<item id="8" description="Video Info Options">
						<label>$LOCALIZE[32107]</label>
						<onclick>noop</onclick>
					</item>
					<item id="9" description="Color Options">
						<label>$LOCALIZE[32266]</label>
						<onclick>noop</onclick>
					</item>
					<item id="10" description="Search">
						<label>$LOCALIZE[137]</label>
						<onclick>noop</onclick>
					</item>
					<item id="11" description="Advanced">
						<label>$LOCALIZE[31985]</label>
						<onclick>noop</onclick>
					</item>
					<item id="12" description="Backup/Restore">
						<label>$LOCALIZE[32064]</label>
						<onclick>noop</onclick>
					</item>
					<item id="13" description="Manage dependencies">
						<label>$LOCALIZE[24996]</label>
						<onclick>noop</onclick>
					</item>
				</content>
			</control>
			<control type="label" id="7001">
				<top>920</top>
				<width>412</width>
				<left>60</left>
				<height>30</height>
				<align>center</align>
				<textcolor>$VAR[HighlightColor]</textcolor>
				<label>[B]Amber[/B]</label>
			</control>
			<control type="label" id="7002">
				<top>960</top>
				<width>412</width>
				<left>60</left>
				<height>30</height>
				<align>center</align>
				<font>ListDetails</font>
				<label>$INFO[System.AddonVersion(skin.amber)]</label>
			</control>
			<control type="group">
				<posx>1799</posx>
				<posy>60</posy>
				<include condition="Skin.HasSetting(Enable.TouchSupport)" content="DialogCloseButtonCommons">
					<param name="Action">Action(Back)</param>
					<param name="ondown">9100</param>
				</include>
			</control>
			<control type="group" id="9100">
				<!--9000 1 General Options -->
				<include content="SkinSettingsArrows">
					<param name="panelid">9101</param>
				</include>
				<control type="panel" id="9101">
					<visible>Container(9000).HasFocus(1)</visible>
					<onright>500</onright>
					<pagecontrol>500</pagecontrol>
					<onup condition="Skin.HasSetting(Enable.TouchSupport)">909090</onup>
					<onup condition="!Skin.HasSetting(Enable.TouchSupport)">9101</onup>
					<ondown>9101</ondown>
					<include>SettingsListCommons</include>
					<content>
						<include content="CustomDialogSettingItem">
							<param name="itemid">1</param>
							<param name="itemlabel">$LOCALIZE[32343]</param>
							<param name="itemlabel2">$VAR[DefaultFontLabel]</param>
							<param name="CustomProperty">CustomSelectDefaultFont</param>
							<param name="CustomDialog">1121</param>
						</include>
						<include content="YesNoSettingItem">
							<param name="itemid" value="2" />
							<param name="itemlabel" value="$LOCALIZE[32376]" />
							<param name="skinsetting" value="Disable.Lyrics" />
						</include>
						<item id="3" description="Lyrics">
							<label>$LOCALIZE[24020] $LOCALIZE[31132]</label>
							<label2>$INFO[Skin.String(LyricPath)]</label2>
							<onclick>Skin.SetAddon(LyricPath,xbmc.python.lyrics)</onclick>
							<visible>!Skin.HasSetting(Disable.Lyrics)</visible>
						</item>
						<include content="YesNoSettingItem">
							<param name="itemid" value="4" />
							<param name="itemlabel" value="$LOCALIZE[32357]" />
							<param name="skinsetting" value="Enable.VideoLyrics" />
							<param name="itemvisibility" value="!Skin.HasSetting(Disable.Lyrics) + System.AddonIsEnabled(script.cu.lrclyrics)" />
						</include>
						<include content="YesNoSettingItem">
							<param name="itemid" value="5" />
							<param name="itemlabel" value="$LOCALIZE[32368]" />
							<param name="skinsetting" value="Music.DimWithLyrics" />
							<param name="itemvisibility" value="!Skin.HasSetting(Disable.Lyrics) + System.AddonIsEnabled(script.cu.lrclyrics)" />
						</include>
						<include content="YesNoSettingItem">
							<param name="itemid" value="8" />
							<param name="itemlabel" value="$LOCALIZE[32386]" />
							<param name="skinsetting" value="Enable.TouchSupport" />
							<param name="customonclickNo">true</param>
							<param name="onclick2No">Skin.Reset(HorizontalNavWrap)</param>
							<param name="onclick3No">Skin.Reset(VerticalNavWrap)</param>
						</include>
						<include content="YesNoSettingItem">
							<param name="itemid" value="9" />
							<param name="itemlabel" value="[B]$LOCALIZE[32071][/B]" />
							<param name="skinsetting" value="Show.JumpToLetter" />
						</include>
						<include content="YesNoSettingItem">
							<param name="itemid" value="10" />
							<param name="itemlabel" value="      $LOCALIZE[32271]" />
							<param name="skinsetting" value="Show.EHJumpToLetter" />
							<param name="itemvisibility" value="Skin.HasSetting(Show.JumpToLetter) + Skin.HasSetting(Enable.EmbuaryHelper)" />
						</include>
						<include content="YesNoSettingItem">
							<param name="itemid" value="11" />
							<param name="itemlabel" value="$LOCALIZE[32076]" />
							<param name="skinsetting" value="Enable.WatchedInRecent" />
						</include>
						<include content="YesNoSettingItem">
							<param name="itemid" value="12" />
							<param name="itemlabel" value="$LOCALIZE[32072]" />
							<param name="skinsetting" value="Enable.Autocompletion" />
							<param name="itemvisibility" value="System.AddonIsEnabled(plugin.program.autocompletion)" />
						</include>
						<include content="YesNoSettingItem">
							<param name="itemid" value="13" />
							<param name="itemlabel" value="[B]$LOCALIZE[32124][/B]" />
							<param name="skinsetting" value="Enable.HourMinutes" />
						</include>
						<include content="YesNoSettingItem">
							<param name="itemid" value="14" />
							<param name="itemlabel" value="      $LOCALIZE[32479]" />
							<param name="skinsetting" value="Enable.Seconds" />
							<param name="itemvisibility" value="Skin.HasSetting(Enable.HourMinutes)" />
						</include>
						<include content="YesNoSettingItem">
							<param name="itemid" value="15" />
							<param name="itemlabel" value="$LOCALIZE[32349]" />
							<param name="skinsetting" value="Show.SmallerFavourites" />
						</include>
						<include content="YesNoSettingItem">
							<param name="itemid" value="16" />
							<param name="itemlabel" value="      $LOCALIZE[32350]" />
							<param name="skinsetting" value="Show.3RowFavourites" />
							<param name="itemvisibility" value="Skin.HasSetting(Show.SmallerFavourites) + !Skin.HasSetting(Show.4RowFavourites)" />
						</include>
						<include content="YesNoSettingItem">
							<param name="itemid" value="17" />
							<param name="itemlabel" value="      $LOCALIZE[32351]" />
							<param name="skinsetting" value="Show.4RowFavourites" />
							<param name="itemvisibility" value="Skin.HasSetting(Show.SmallerFavourites) + !Skin.HasSetting(Show.3RowFavourites)" />
						</include>
						<include content="YesNoSettingItem">
							<param name="itemid" value="18" />
							<param name="itemlabel" value="[B]$LOCALIZE[32369][/B]" />
							<param name="skinsetting" value="Favourites.AlternateLayout" />
						</include>
						<include content="YesNoSettingItem">
							<param name="itemid" value="19" />
							<param name="itemlabel" value="      [B]$LOCALIZE[32492][/B]" />
							<param name="skinsetting" value="Favourites.Alternate.List" />
							<param name="itemvisibility" value="Skin.HasSetting(Favourites.AlternateLayout)" />
						</include>
						<include content="YesNoSettingItem">
							<param name="itemid" value="20" />
							<param name="itemlabel" value="            $LOCALIZE[32493]" />
							<param name="skinsetting" value="Favourites.Alternate.List.MoreItems" />
							<param name="itemvisibility" value="Skin.HasSetting(Favourites.AlternateLayout) + Skin.HasSetting(Favourites.Alternate.List)" />
						</include>
						<item id="21">
							<visible>Skin.HasSetting(Enable.TMDbHelper) + System.HasAddon(plugin.video.themoviedb.helper)</visible>
							<label>$LOCALIZE[32352]</label>
							<label2>$LOCALIZE[107]</label2>
							<onclick>Skin.ToggleSetting(Enable.TMDbHelper)</onclick>
						</item>
						<item id="22">
							<visible>!Skin.HasSetting(Enable.TMDbHelper) | !System.HasAddon(plugin.video.themoviedb.helper)</visible>
							<label>$LOCALIZE[32352]</label>
							<label2>$LOCALIZE[106]</label2>
							<onclick condition="!System.HasAddon(plugin.video.themoviedb.helper)">InstallAddon(plugin.video.themoviedb.helper)</onclick>
							<onclick condition="System.HasAddon(plugin.video.themoviedb.helper)">Skin.ToggleSetting(Enable.TMDbHelper)</onclick>
						</item>
						<item id="23">
							<visible>Skin.HasSetting(Enable.EmbuaryHelper) + System.HasAddon(script.embuary.helper)</visible>
							<label>$LOCALIZE[32353]</label>
							<label2>$LOCALIZE[107]</label2>
							<onclick>Skin.ToggleSetting(Enable.EmbuaryHelper)</onclick>
							<onclick>Skin.Reset(Show.EHJumpToLetter)</onclick>
						</item>
						<item id="24">
							<visible>!Skin.HasSetting(Enable.EmbuaryHelper) | !System.HasAddon(script.embuary.helper)</visible>
							<label>$LOCALIZE[32353]</label>
							<label2>$LOCALIZE[106]</label2>
							<onclick condition="!System.HasAddon(script.embuary.helper)">InstallAddon(script.embuary.helper)</onclick>
							<onclick condition="System.HasAddon(script.embuary.helper)">Skin.ToggleSetting(Enable.EmbuaryHelper)</onclick>
						</item>
						<include content="YesNoSettingItem">
							<param name="itemid" value="25" />
							<param name="itemlabel" value="$LOCALIZE[32378]" />
							<param name="skinsetting" value="coloredflags" />
						</include>
						<include content="YesNoSettingItem">
							<param name="itemid" value="26" />
							<param name="itemlabel" value="$LOCALIZE[32427]" />
							<param name="skinsetting" value="HidePVRPreview" />
						</include>
						<include content="YesNoSettingItem">
							<param name="itemid" value="27" />
							<param name="itemlabel" value="$LOCALIZE[32454]" />
							<param name="skinsetting" value="UseTVShowPoster" />
						</include>
						<include content="YesNoSettingItem">
							<param name="itemid" value="28" />
							<param name="itemlabel" value="$LOCALIZE[32481]" />
							<param name="skinsetting" value="RememberHomeControl" />
						</include>
						<include content="YesNoSettingItem">
							<param name="itemid" value="29" />
							<param name="itemlabel" value="$LOCALIZE[32483]" />
							<param name="skinsetting" value="UseMultiViewsForChannels" />
						</include>
						<include content="YesNoSettingItem">
							<param name="itemid" value="30" />
							<param name="itemlabel" value="$LOCALIZE[31996]" />
							<param name="skinsetting" value="holiday" />
						</include>
					</content>
				</control>
				<!-- 9000 2 - Home Menu optiuons -->
				<control type="panel" id="9102">
					<visible>Container(9000).HasFocus(2)</visible>
					<onright>500</onright>
					<pagecontrol>500</pagecontrol>
					<onup condition="Skin.HasSetting(Enable.TouchSupport)">909090</onup>
					<onup condition="!Skin.HasSetting(Enable.TouchSupport)">9102</onup>
					<ondown>9102</ondown>
					<include>SettingsListCommons</include>
					<content>
						<item id="24" description="Customize Home Menu">
							<label>$LOCALIZE[32043]</label>
							<onclick>RunScript(script.skinshortcuts,type=manage&amp;group=mainmenu)</onclick>
						</item>
						<item id="25" description="Customize Power Menu">
							<label>$LOCALIZE[32166]</label>
							<onclick>RunScript(script.skinshortcuts,type=manage&amp;group=powermenu)</onclick>
						</item>
						<include content="YesNoSettingItem">
							<param name="itemid" value="100" />
							<param name="itemlabel" value="[B]$LOCALIZE[32489][/B]" />
							<param name="skinsetting" value="HorizIconMenu" />
							<param name="itemvisibility" value="!Skin.HasSetting(VerticalHome)" />
						</include>
						<include content="YesNoSettingItem">
							<param name="itemid" value="101" />
							<param name="itemlabel" value="      $LOCALIZE[32490]" />
							<param name="skinsetting" value="ShowIconMenuLabel" />
							<param name="itemvisibility" value="!Skin.HasSetting(VerticalHome) + Skin.HasSetting(HorizIconMenu)" />
						</include>
						<include content="YesNoSettingItem">
							<param name="itemid" value="1" />
							<param name="itemlabel" value="[B]$LOCALIZE[31994][/B]" />
							<param name="skinsetting" value="VerticalHome" />
							<param name="customonclickNo">true</param>
							<param name="onclick2No">Skin.Reset(Enable.BottomShortcuts)</param>
						</include>
						<include content="YesNoSettingItem">
							<param name="itemid" value="2" />
							<param name="itemlabel" value="      [B]$LOCALIZE[31363][/B]" />
							<param name="skinsetting" value="StaticVerticalHome" />
							<param name="font" value="font14" />
							<param name="itemvisibility" value="Skin.HasSetting(VerticalHome)" />
						</include>
						<include content="YesNoSettingItem">
							<param name="itemid" value="3" />
							<param name="itemlabel" value="            $LOCALIZE[32409]" />
							<param name="skinsetting" value="Vertical.StaticCentered" />
							<param name="font" value="font14" />
							<param name="itemvisibility" value="Skin.HasSetting(VerticalHome) + Skin.HasSetting(StaticVerticalHome) + !Skin.HasSetting(Vertical.BiggerFont)" />
						</include>
						<include content="YesNoSettingItem">
							<param name="itemid" value="4" />
							<param name="itemlabel" value="[B]      $LOCALIZE[32054][/B]" />
							<param name="skinsetting" value="Vertical.BiggerFont" />
							<param name="customonclickNo">true</param>
							<param name="onclick2No">Skin.Reset(Vertical.StaticCentered)</param>
							<param name="itemvisibility" value="Skin.HasSetting(VerticalHome)" />
						</include>
						<include content="YesNoSettingItem">
							<param name="itemid" value="5" />
							<param name="itemlabel" value="            $LOCALIZE[32055]" />
							<param name="font" value="font13" />
							<param name="skinsetting" value="VerticalNavWrap" />
							<param name="itemvisibility" value="Skin.HasSetting(VerticalHome) + Skin.HasSetting(Vertical.BiggerFont) + !Skin.HasSetting(Enable.TouchSupport)" />
						</include>
						<include content="YesNoSettingItem">
							<param name="itemid" value="6" />
							<param name="itemlabel" value="      $LOCALIZE[32203]" />
							<param name="skinsetting" value="VerticalFirst" />
							<param name="font" value="font14" />
							<param name="itemvisibility" value="Skin.HasSetting(VerticalHome)" />
						</include>
						<include content="YesNoSettingItem">
							<param name="itemid" value="7" />
							<param name="itemlabel" value="      [B]$LOCALIZE[32355][/B]" />
							<param name="skinsetting" value="Vertical.IconOnly" />
							<param name="font" value="font14" />
							<param name="itemvisibility" value="Skin.HasSetting(VerticalHome)" />
						</include>
						<include content="YesNoSettingItem">
							<param name="itemid" value="8" />
							<param name="itemlabel" value="            [B]$LOCALIZE[32356][/B]" />
							<param name="skinsetting" value="Vertical.IconShowLabel" />
							<param name="font" value="font14" />
							<param name="itemvisibility" value="Skin.HasSetting(VerticalHome) + Skin.HasSetting(Vertical.IconOnly)" />
						</include>
						<include content="YesNoSettingItem">
							<param name="itemid" value="9" />
							<param name="itemlabel" value="                  $LOCALIZE[32359]" />
							<param name="skinsetting" value="IconShowLabel.InTopBar" />
							<param name="font" value="font14" />
							<param name="itemvisibility" value="Skin.HasSetting(VerticalHome) + Skin.HasSetting(Vertical.IconOnly) + Skin.HasSetting(Vertical.IconShowLabel)" />
						</include>
						<include content="YesNoSettingItem">
							<param name="itemid" value="10" />
							<param name="itemlabel" value="      $LOCALIZE[32370]" />
							<param name="skinsetting" value="VerticalMenuTextAlignLeft" />
							<param name="font" value="font14" />
							<param name="itemvisibility" value="Skin.HasSetting(VerticalHome)" />
						</include>
						<include content="YesNoSettingItem">
							<param name="itemid" value="24" />
							<param name="itemlabel" value="      $LOCALIZE[32422]" />
							<param name="skinsetting" value="Vertical.HideFocusShelves" />
							<param name="font" value="font14" />
							<param name="itemvisibility" value="Skin.HasSetting(VerticalHome)" />
						</include>
						<include content="YesNoSettingItem">
							<param name="itemid" value="11" />
							<param name="itemlabel" value="$LOCALIZE[32055]" />
							<param name="skinsetting" value="HorizontalNavWrap" />
							<param name="itemvisibility" value="!Skin.HasSetting(VerticalHome) + !Skin.HasSetting(Enable.TouchSupport)" />
						</include>
						<include content="YesNoSettingItem">
							<param name="itemid" value="12" />
							<param name="itemlabel" value="$LOCALIZE[31920]" />
							<param name="skinsetting" value="Hide.AllShelves" />
						</include>
						<include content="YesNoSettingItem">
							<param name="itemid" value="13" />
							<param name="itemlabel" value="$LOCALIZE[32466]" />
							<param name="skinsetting" value="FadeUnfocusedMenu" />
						</include>
						<include content="YesNoSettingItem">
							<param name="itemid" value="14" />
							<param name="itemlabel" value="$LOCALIZE[32379]" />
							<param name="skinsetting" value="FadeSubmenu" />
							<param name="itemvisibility" value="!Skin.HasSetting(VerticalHome)" />
						</include>
						<include content="YesNoSettingItem">
							<param name="itemid" value="15" />
							<param name="itemlabel" value="[B]$LOCALIZE[31637][/B]" />
							<param name="skinsetting" value="Enable.BottomShortcuts" />
							<param name="customonclickNo">true</param>
							<param name="onclick2No">Skin.Reset(Zoom.VideoPreview)</param>
							<param name="itemvisibility" value="!Skin.HasSetting(VerticalHome)" />
						</include>
						<include content="YesNoSettingItem">
							<param name="itemid" value="16" />
							<param name="itemlabel" value="      $LOCALIZE[32374]" />
							<param name="skinsetting" value="UseBackgroundBottomShortcuts" />
							<param name="itemvisibility" value="Skin.HasSetting(Enable.BottomShortcuts)" />
						</include>
						<item id="17">
							<visible>Skin.HasSetting(Enable.DefaultMenu)</visible>
							<label>$LOCALIZE[31647]</label>
							<label2>$LOCALIZE[107]</label2>
							<onclick>Skin.ToggleSetting(Enable.DefaultMenu)</onclick>
						</item>
						<item id="18">
							<visible>!Skin.HasSetting(Enable.DefaultMenu)</visible>
							<label>$LOCALIZE[31647]</label>
							<label2>$LOCALIZE[106]</label2>
							<onclick condition="!System.HasAddon(script.embuary.helper)">InstallAddon(script.embuary.helper)</onclick>
							<onclick condition="System.HasAddon(script.embuary.helper)">Skin.ToggleSetting(Enable.DefaultMenu)</onclick>
							<onclick>Skin.SetBool(Enable.EmbuaryHelper)</onclick>
						</item>
						<include content="YesNoSettingItem">
							<param name="itemid" value="19" />
							<param name="itemlabel" value="[B]$LOCALIZE[32249][/B]" />
							<param name="skinsetting" value="ShowInfoLine" />
						</include>
						<include content="YesNoSettingItem">
							<param name="itemid" value="20" />
							<param name="itemlabel" value="      $LOCALIZE[32250]" />
							<param name="skinsetting" value="ShowInfoLineShelf" />
							<param name="itemvisibility" value="Skin.HasSetting(ShowInfoLine)" />
						</include>
						<include content="YesNoSettingItem">
							<param name="itemid" value="21" />
							<param name="itemlabel" value="      $LOCALIZE[32261]" />
							<param name="skinsetting" value="UseEHInfoLine" />
							<param name="itemvisibility" value="Skin.HasSetting(ShowInfoLine) + Skin.HasSetting(Enable.EmbuaryHelper)" />
						</include>
						<include content="YesNoSettingItem">
							<param name="itemid" value="22" />
							<param name="itemlabel" value="$LOCALIZE[32358]" />
							<param name="skinsetting" value="Shelf.PlayAlbum" />
							<param name="itemvisibility" value="System.AddonIsEnabled(script.playalbum)" />
						</include>
						<include content="YesNoSettingItem">
							<param name="itemid" value="23" />
							<param name="itemlabel" value="$LOCALIZE[32482]" />
							<param name="skinsetting" value="UseThumbForYT" />
							<param name="itemvisibility" value="System.AddonIsEnabled(plugin.video.youtube)" />
						</include>
						<include content="YesNoSettingItem">
							<param name="itemid" value="24" />
							<param name="itemlabel" value="[B]$LOCALIZE[32424][/B]" />
							<param name="skinsetting" value="Shelf.PlayTrailers" />
							<param name="customonclickYes">True</param>
							<param name="onclick2Yes">Skin.Reset(ShelfTrailerDelay)</param>
							<param name="customonclickNo">True</param>
							<param name="onclick2No">Skin.SetString(ShelfTrailerDelay,00:05)</param>
						</include>
						<include content="CustomDialogSettingItem">
							<param name="itemid">25</param>
							<param name="itemlabel">      $LOCALIZE[32425]</param>
							<param name="itemlabel2">$VAR[ShelfTrailerDelayLabelVar]</param>
							<param name="CustomProperty">CustomSelectShelfTrailerDelay</param>
							<param name="CustomDialog">1121</param>
							<param name="itemvisibility" value="Skin.HasSetting(Shelf.PlayTrailers)" />
						</include>
						<include content="CustomDialogSettingItem">
							<param name="itemid">26</param>
							<param name="itemlabel">$LOCALIZE[32062]</param>
							<param name="itemlabel2" />
							<param name="CustomProperty">CustomSelectFavouriteAddons</param>
							<param name="CustomDialog">1125</param>
						</include>
					</content>
				</control>
				<!-- 9000 3 Background options -->
				<include content="SkinSettingsArrows">
					<param name="panelid">9103</param>
				</include>
				<control type="panel" id="9103">
					<visible>Container(9000).HasFocus(3)</visible>
					<onright>500</onright>
					<pagecontrol>500</pagecontrol>
					<onup condition="Skin.HasSetting(Enable.TouchSupport)">909090</onup>
					<onup condition="!Skin.HasSetting(Enable.TouchSupport)">9103</onup>
					<ondown>9103</ondown>
					<include>SettingsListCommons</include>
					<content>
						<include content="YesNoSettingItem">
							<param name="itemid" value="1" />
							<param name="itemlabel" value="[B]$LOCALIZE[32048][/B]" />
							<param name="skinsetting" value="Enable.FanartTitle" />
						</include>
						<include content="YesNoSettingItem">
							<param name="itemid" value="2" />
							<param name="itemlabel" value="      $LOCALIZE[32070]" />
							<param name="skinsetting" value="FanartTitle.InTopBar" />
							<param name="itemvisibility" value="Skin.HasSetting(Enable.FanartTitle)" />
						</include>
						<include content="YesNoSettingItem">
							<param name="itemid" value="3" />
							<param name="itemlabel" value="      $LOCALIZE[32417]" />
							<param name="skinsetting" value="FanartTitle.OpensInfo" />
							<param name="itemvisibility" value="Skin.HasSetting(Enable.FanartTitle) + System.AddonIsEnabled(plugin.video.themoviedb.helper) + Skin.HasSetting(Enable.TMDbHelper)" />
						</include>
						<include content="CustomDialogSettingItem">
							<param name="itemid">4</param>
							<param name="itemlabel">$LOCALIZE[32049]</param>
							<param name="itemlabel2">$VAR[FanartTimePerImageLabel]</param>
							<param name="CustomProperty">CustomSelectFanartTimePerImage</param>
							<param name="CustomDialog">1121</param>
						</include>
						<include content="YesNoSettingItem">
							<param name="itemid" value="5" />
							<param name="itemlabel" value="$LOCALIZE[32220]" />
							<param name="skinsetting" value="ShowHomeLogo" />
						</include>
						<include content="YesNoSettingItem">
							<param name="itemid" value="14" />
							<param name="itemlabel" value="$LOCALIZE[31949]" />
							<param name="skinsetting" value="EnableExtraFanart" />
						</include>
						<include content="CustomDialogSettingItem">
							<param name="itemid">7</param>
							<param name="itemlabel">$LOCALIZE[32061]</param>
							<param name="itemlabel2" />
							<param name="CustomProperty">CustomSelectDefaultBackground</param>
							<param name="CustomDialog">1121</param>
						</include>
						<include content="YesNoSettingItem">
							<param name="itemid" value="8" />
							<param name="itemlabel" value="$LOCALIZE[31986]" />
							<param name="skinsetting" value="HomeDefaultBG" />
						</include>
						<include content="YesNoSettingItem">
							<param name="itemid" value="9" />
							<param name="itemlabel" value="$LOCALIZE[31951]" />
							<param name="skinsetting" value="Sub_DefaultBG" />
						</include>
						<include content="YesNoSettingItem">
							<param name="itemid" value="10" />
							<param name="itemlabel" value="$LOCALIZE[31953]" />
							<param name="skinsetting" value="Sub_FanArtBG" />
							<param name="itemvisibility" value="!Skin.HasSetting(Sub_DefaultBG)" />
						</include>
						<include content="YesNoSettingItem">
							<param name="itemid" value="11" />
							<param name="itemlabel" value="$LOCALIZE[32471]" />
							<param name="skinsetting" value="Sub_MainMenuBG" />
							<param name="itemvisibility" value="!Skin.HasSetting(Sub_DefaultBG)" />
						</include>
						<include content="YesNoSettingItem">
							<param name="itemid" value="12" />
							<param name="itemlabel" value="$LOCALIZE[31952]" />
							<param name="skinsetting" value="MusicPlayingFanart" />
						</include>
						<include content="YesNoSettingItemAddon">
							<param name="itemid" value="2" />
							<param name="itemlabel" value="$LOCALIZE[31969]" />
							<param name="skinsetting" value="Use_Artist_Slideshow" />
							<param name="addonpath" value="script.artistslideshow" />
						</include>
						<include content="YesNoSettingItem">
							<param name="itemid" value="13" />
							<param name="itemlabel" value="$LOCALIZE[32218]" />
							<param name="skinsetting" value="ShowLogoMusicViz" />
						</include>
						<include content="YesNoSettingItem">
							<param name="itemid" value="6" />
							<param name="itemlabel" value="$LOCALIZE[32262]" />
							<param name="skinsetting" value="UseEHBackgrounds" />
							<param name="itemvisibility" value="System.AddonIsEnabled(script.embuary.helper) + Skin.HasSetting(Enable.EmbuaryHelper)" />
						</include>
						<include content="YesNoSettingItem">
							<param name="itemid" value="15" />
							<param name="itemlabel" value="$LOCALIZE[32344]" />
							<param name="skinsetting" value="Use.ParentFolderFanart" />
						</include>
						<include content="YesNoSettingItem">
							<param name="itemid" value="16" />
							<param name="itemlabel" value="$LOCALIZE[32360]" />
							<param name="skinsetting" value="Use.KenBurnsEffect" />
						</include>
					</content>
				</control>
				<!--9000 4 Media Views Options -->
				<include content="SkinSettingsArrows">
					<param name="panelid">9104</param>
				</include>
				<control type="panel" id="9104">
					<visible>Container(9000).HasFocus(4)</visible>
					<onright>500</onright>
					<pagecontrol>500</pagecontrol>
					<onup condition="Skin.HasSetting(Enable.TouchSupport)">909090</onup>
					<onup condition="!Skin.HasSetting(Enable.TouchSupport)">9104</onup>
					<ondown>9104</ondown>
					<include>SettingsListCommons</include>
					<content>
						<item id="1" description="Use New View Selector - SkinVariables present">
							<visible>Skin.HasSetting(Enable.NewViewSelector) + System.HasAddon(script.skinvariables)</visible>
							<label>[B]$LOCALIZE[32272][/B]</label>
							<label2>$LOCALIZE[107]</label2>
							<onclick>Skin.Reset(Enable.NewViewSelector)</onclick>
						</item>
						<item id="1" description="Use New View Selector - SkinVariables not present">
							<visible>!Skin.HasSetting(Enable.NewViewSelector) | !System.HasAddon(script.skinvariables)</visible>
							<label>[B]$LOCALIZE[32272][/B]</label>
							<label2>$LOCALIZE[106]</label2>
							<onclick condition="!System.HasAddon(script.skinvariables)">InstallAddon(script.skinvariables)</onclick>
							<onclick condition="System.HasAddon(script.skinvariables) + !Skin.HasSetting(Enable.NewViewSelector)">Skin.SetBool(Enable.NewViewSelector)</onclick>
						</item>
						<item id="2" description="Configure Media Views">
							<label>      $LOCALIZE[32275]</label>
							<onclick>RunScript(script.skinvariables,action=buildviews,configure)</onclick>
							<visible>Skin.HasSetting(Enable.NewViewSelector)</visible>
						</item>
						<include content="CustomDialogSettingItem">
							<param name="itemid">3</param>
							<param name="itemlabel">$LOCALIZE[32335]</param>
							<param name="itemlabel2">$VAR[MediaViewsExtraArtLabelVar]</param>
							<param name="CustomProperty">CustomSelectMediaViewsExtraArt</param>
							<param name="CustomDialog">1121</param>
						</include>
						<include content="CustomDialogSettingItem">
							<param name="itemid">4</param>
							<param name="itemlabel">[B]$LOCALIZE[32390][/B]</param>
							<param name="itemlabel2" />
							<param name="CustomProperty">CustomSelectViewsItems</param>
							<param name="CustomDialog">1139</param>
						</include>
						<include content="YesNoSettingItem">
							<param name="itemid" value="5" />
							<param name="itemlabel" value="$LOCALIZE[32264]" />
							<param name="skinsetting" value="ShowSpecialFanart" />
						</include>
						<include content="YesNoSettingItem">
							<param name="itemid" value="6" />
							<param name="itemlabel" value="$LOCALIZE[32270]" />
							<param name="skinsetting" value="FanartCenterFocus" />
						</include>
						<include content="CustomDialogSettingItem">
							<param name="itemid">7</param>
							<param name="itemlabel">[B]$LOCALIZE[32393][/B]</param>
							<param name="CustomProperty">CustomSelectListOptions</param>
							<param name="CustomDialog">1139</param>
						</include>
						<include content="YesNoSettingItem">
							<param name="itemid" value="8" />
							<param name="itemlabel" value="$LOCALIZE[20189]" />
							<param name="skinsetting" value="AutoScroll" />
						</include>
						<include content="YesNoSettingItem">
							<param name="itemid" value="9" />
							<param name="itemlabel" value="$LOCALIZE[31514]" />
							<param name="skinsetting" value="EpisodesUsePoster" />
						</include>
						<include content="YesNoSettingItem">
							<param name="itemid" value="10" />
							<param name="itemlabel" value="$LOCALIZE[32415]" />
							<param name="skinsetting" value="AutoPlayTrailer" />
						</include>
						<include content="CustomDialogSettingItem">
							<param name="itemid">11</param>
							<param name="itemlabel">      [B]$LOCALIZE[32416][/B]</param>
							<param name="itemlabel2">$VAR[MediaViewsTrailerDelayLabelVar]</param>
							<param name="CustomProperty">CustomSelectTrailerDelay</param>
							<param name="CustomDialog">1121</param>
							<param name="itemvisibility" value="Skin.HasSetting(AutoPlayTrailer)" />
						</include>
						<include content="YesNoSettingItem">
							<param name="itemid" value="12" />
							<param name="itemlabel" value="      $LOCALIZE[32426]" />
							<param name="skinsetting" value="Trailer.MediaSlideOut" />
							<param name="itemvisibility" value="Skin.HasSetting(AutoPlayTrailer)" />
						</include>
						<include content="CustomDialogSettingItem">
							<param name="itemid">13</param>
							<param name="itemlabel">[B]$LOCALIZE[32394][/B]</param>
							<param name="CustomProperty">CustomSelectMarksOverlays</param>
							<param name="CustomDialog">1139</param>
						</include>
						<include content="CustomDialogSettingItem">
							<param name="itemid">14</param>
							<param name="itemlabel">[B]$LOCALIZE[32396][/B]</param>
							<param name="CustomProperty">CustomSelectEnabledViews</param>
							<param name="CustomDialog">1139</param>
						</include>
						<include content="YesNoSettingItem">
							<param name="itemid" value="15" />
							<param name="itemlabel" value="$LOCALIZE[32455]" />
							<param name="skinsetting" value="AutoExtendedInfo" />
						</include>
						<include content="YesNoSettingItem">
							<param name="itemid" value="16" />
							<param name="itemlabel" value="$LOCALIZE[32491]" />
							<param name="skinsetting" value="AlwaysShowSetList" />
						</include>
						<include content="YesNoSettingItem">
							<param name="itemid" value="1" />
							<param name="itemlabel" value="$LOCALIZE[32494]" />
							<param name="skinsetting" value="Hide.OverlayLabel" />
						</include>
					</content>
				</control>
				<!--9000 5 Top Bar Options -->
				<include content="SkinSettingsArrows">
					<param name="panelid">9105</param>
				</include>
				<control type="panel" id="9105">
					<visible>Container(9000).HasFocus(5)</visible>
					<onright>500</onright>
					<pagecontrol>500</pagecontrol>
					<onup condition="Skin.HasSetting(Enable.TouchSupport)">909090</onup>
					<onup condition="!Skin.HasSetting(Enable.TouchSupport)">9105</onup>
					<ondown>9105</ondown>
					<include>SettingsListCommons</include>
					<content>
						<include content="YesNoSettingItem">
							<param name="itemid" value="1" />
							<param name="itemlabel" value="$LOCALIZE[32366]" />
							<param name="skinsetting" value="Hide.TopBar.Main" />
							<param name="customonclickYes">true</param>
							<param name="onclick2Yes">Skin.Reset(FanartTitle.InTopBar)</param>
						</include>
						<include content="YesNoSettingItem">
							<param name="itemid" value="2" />
							<param name="itemlabel" value="$LOCALIZE[31039]" />
							<param name="skinsetting" value="Hide.TopBar.Sub" />
						</include>
						<include content="YesNoSettingItem">
							<param name="itemid" value="3" />
							<param name="itemlabel" value="$LOCALIZE[31998]" />
							<param name="skinsetting" value="ShowMasterLockTitle" />
						</include>
						<include content="YesNoSettingItem">
							<param name="itemid" value="4" />
							<param name="itemlabel" value="$LOCALIZE[31034]" />
							<param name="skinsetting" value="Hide.WeatherTitleBar" />
						</include>
						<include content="YesNoSettingItem">
							<param name="itemid" value="5" />
							<param name="itemlabel" value="$LOCALIZE[31040]" />
							<param name="skinsetting" value="Hide.RecordingTitleBar" />
						</include>
						<include content="YesNoSettingItem">
							<param name="itemid" value="6" />
							<param name="itemlabel" value="$LOCALIZE[32301]" />
							<param name="skinsetting" value="Hide.TitleBarNowPlaying" />
						</include>
					</content>
				</control>
				<!-- 9000 6 Now Playing Options -->
				<include content="SkinSettingsArrows">
					<param name="panelid">9106</param>
				</include>
				<control type="panel" id="9106">
					<visible>Container(9000).HasFocus(6)</visible>
					<onright>500</onright>
					<pagecontrol>500</pagecontrol>
					<onup condition="Skin.HasSetting(Enable.TouchSupport)">909090</onup>
					<onup condition="!Skin.HasSetting(Enable.TouchSupport)">9106</onup>
					<ondown>9106</ondown>
					<include>SettingsListCommons</include>
					<content>
						<include content="YesNoSettingItem">
							<param name="itemid" value="1" />
							<param name="itemlabel" value="$LOCALIZE[32327]" />
							<param name="skinsetting" value="Hide.NowPlaying" />
							<param name="customonclickYes">true</param>
							<param name="onclick2Yes">Skin.Reset(Hide.TitleBarNowPlaying)</param>
						</include>
						<include content="YesNoSettingItem">
							<param name="itemid" value="2" />
							<param name="itemlabel" value="$LOCALIZE[32318]" />
							<param name="skinsetting" value="Show_VideoBackground" />
							<param name="customonclickNo">true</param>
							<param name="onclick2No">Skin.SetString(NowPlayingMovieInfo,info)</param>
							<param name="onclick3No">Skin.SetString(NowPlayingVideoInfo,info)</param>
							<param name="onclick4No">Skin.Reset(Hide.TitleBarNowPlaying)</param>
						</include>
						<include content="YesNoSettingItem">
							<param name="itemid" value="3" />
							<param name="itemlabel" value="$LOCALIZE[32319]" />
							<param name="skinsetting" value="Show_MusicVizBackground" />
						</include>
						<include content="YesNoSettingItem">
							<param name="itemid" value="4" />
							<param name="itemlabel" value="$LOCALIZE[32334]" />
							<param name="skinsetting" value="Zoom.VideoPreview" />
							<param name="itemvisibility" value="!Skin.HasSetting(Enable.BottomShortcuts)" />
						</include>
						<include content="YesNoSettingItem">
							<param name="itemid" value="5" />
							<param name="itemlabel" value="$LOCALIZE[32362]" />
							<param name="skinsetting" value="DisableNowPlayingFanart" />
						</include>
						<include content="YesNoSettingItem">
							<param name="itemid" value="6" />
							<param name="itemlabel" value="$LOCALIZE[32375]" />
							<param name="skinsetting" value="NowPlaying.ArtistSlideshow" />
							<param name="itemvisibility" value="System.AddonIsEnabled(script.artistslideshow)" />
						</include>
						<include content="CustomDialogSettingItem">
							<param name="itemid" value="7" />
							<param name="itemlabel" value="$LOCALIZE[32315]" />
							<param name="itemlabel2" value="$VAR[NowPlayingHomeMovieInfoLabelVar]" />
							<param name="CustomProperty" value="CustomSelectNowPlayingMovieInfo" />
							<param name="itemvisibility" value="!Skin.HasSetting(Hide.NowPlaying)" />
							<param name="CustomDialog" value="1128" />
						</include>
						<include content="CustomDialogSettingItem">
							<param name="itemid" value="8" />
							<param name="itemlabel" value="$LOCALIZE[32316]" />
							<param name="itemlabel2" value="$VAR[NowPlayingHomeVideoInfoLabelVar]" />
							<param name="CustomProperty" value="CustomSelectNowPlayingVideoInfo" />
							<param name="itemvisibility" value="!Skin.HasSetting(Hide.NowPlaying)" />
							<param name="CustomDialog" value="1128" />
						</include>
						<include content="CustomDialogSettingItem">
							<param name="itemid" value="9" />
							<param name="itemlabel" value="$LOCALIZE[32317]" />
							<param name="itemlabel2" value="$VAR[NowPlayingHomeMusicInfoLabelVar]" />
							<param name="CustomProperty" value="CustomSelectNowPlayingMusicInfo" />
							<param name="itemvisibility" value="!Skin.HasSetting(Hide.NowPlaying)" />
							<param name="CustomDialog" value="1128" />
						</include>
						<include content="YesNoSettingItem">
							<param name="itemid" value="10" />
							<param name="itemlabel" value="[B]$LOCALIZE[32320][/B]" />
							<param name="skinsetting" value="NowPlaying.ExtraArtVideo" />
							<param name="itemvisibility" value="!Skin.HasSetting(Hide.NowPlaying)" />
							<param name="customonclickYes">true</param>
							<param name="onclick2Yes">Skin.Reset(NowPlaying.VideoLogo)</param>
							<param name="onclick3Yes">Skin.Reset(NowPlaying.VideoDiscArt)</param>
						</include>
						<include content="YesNoSettingItem">
							<param name="itemid" value="11" />
							<param name="itemlabel" value="      $LOCALIZE[32322]" />
							<param name="skinsetting" value="NowPlaying.VideoLogo" />
							<param name="itemvisibility" value="Skin.HasSetting(NowPlaying.ExtraArtVideo) + !Skin.HasSetting(Hide.NowPlaying)" />
						</include>
						<include content="YesNoSettingItem">
							<param name="itemid" value="12" />
							<param name="itemlabel" value="      [B]$LOCALIZE[32324][/B]" />
							<param name="skinsetting" value="NowPlaying.VideoDiscArt" />
							<param name="itemvisibility" value="Skin.HasSetting(NowPlaying.ExtraArtVideo) + !Skin.HasSetting(Hide.NowPlaying)" />
						</include>
						<include content="CustomDialogSettingItem">
							<param name="itemid" value="13" />
							<param name="itemlabel" value="         $LOCALIZE[32325]" />
							<param name="itemlabel2" value="$VAR[NowPlayingVideoDiscArtLabelVar]" />
							<param name="CustomProperty" value="CustomSelectVideoDiscArtFallback" />
							<param name="itemvisibility" value="Skin.HasSetting(NowPlaying.ExtraArtVideo) + Skin.HasSetting(NowPlaying.VideoDiscArt) + !Skin.HasSetting(Hide.NowPlaying)" />
							<param name="CustomDialog" value="1128" />
						</include>
						<include content="YesNoSettingItem">
							<param name="itemid" value="14" />
							<param name="itemlabel" value="[B]$LOCALIZE[32321][/B]" />
							<param name="skinsetting" value="NowPlaying.ExtraArtMusic" />
							<param name="itemvisibility" value="!Skin.HasSetting(Hide.NowPlaying)" />
							<param name="customonclickYes">true</param>
							<param name="onclick2Yes">Skin.Reset(NowPlaying.MusicLogo)</param>
							<param name="onclick3Yes">Skin.Reset(NowPlaying.MusicDiscArt)</param>
						</include>
						<include content="YesNoSettingItem">
							<param name="itemid" value="15" />
							<param name="itemlabel" value="      $LOCALIZE[32322]" />
							<param name="skinsetting" value="NowPlaying.MusicLogo" />
							<param name="itemvisibility" value="Skin.HasSetting(NowPlaying.ExtraArtMusic) + !Skin.HasSetting(Hide.NowPlaying)" />
						</include>
						<include content="YesNoSettingItem">
							<param name="itemid" value="16" />
							<param name="itemlabel" value="      [B]$LOCALIZE[32324][/B]" />
							<param name="skinsetting" value="NowPlaying.MusicDiscArt" />
							<param name="itemvisibility" value="Skin.HasSetting(NowPlaying.ExtraArtMusic) + !Skin.HasSetting(Hide.NowPlaying)" />
						</include>
						<include content="CustomDialogSettingItem">
							<param name="itemid" value="17" />
							<param name="itemlabel" value="         $LOCALIZE[32326]" />
							<param name="itemlabel2" value="$VAR[NowPlayingMusicDiscArtLabelVar]" />
							<param name="CustomProperty" value="CustomSelectMusicDiscArtFallback" />
							<param name="itemvisibility" value="Skin.HasSetting(NowPlaying.ExtraArtMusic) + Skin.HasSetting(NowPlaying.MusicDiscArt) + !Skin.HasSetting(Hide.NowPlaying)" />
							<param name="CustomDialog" value="1128" />
						</include>
					</content>
				</control>
				<!-- 9000 7 Full Screen/OSD options -->
				<include content="SkinSettingsArrows">
					<param name="panelid">9107</param>
				</include>
				<control type="panel" id="9107">
					<visible>Container(9000).HasFocus(7)</visible>
					<onright>500</onright>
					<pagecontrol>500</pagecontrol>
					<onup condition="Skin.HasSetting(Enable.TouchSupport)">909090</onup>
					<onup condition="!Skin.HasSetting(Enable.TouchSupport)">9107</onup>
					<ondown>9107</ondown>
					<include>SettingsListCommons</include>
					<content>
						<include content="YesNoSettingItem">
							<param name="itemid" value="1" />
							<param name="itemlabel" value="$LOCALIZE[32052]" />
							<param name="skinsetting" value="Show.Info.OnPause" />
						</include>
						<include content="YesNoSettingItem">
							<param name="itemid" value="2" />
							<param name="itemlabel" value="$LOCALIZE[32224]" />
							<param name="skinsetting" value="SubtitleOpensSettings" />
						</include>
						<include content="YesNoSettingItem">
							<param name="itemid" value="3" />
							<param name="itemlabel" value="[B]$LOCALIZE[32371][/B]" />
							<param name="skinsetting" value="InfoOpensVideoInfo" />
							<param name="itemvisibility" value="System.AddonIsEnabled(service.library.data.provider)" />
						</include>
						<include content="YesNoSettingItem">
							<param name="itemid" value="4" />
							<param name="itemlabel" value="      $LOCALIZE[32372]" />
							<param name="skinsetting" value="PauseOnVideoInfo" />
							<param name="itemvisibility" value="Skin.HasSetting(InfoOpensVideoInfo)" />
						</include>
						<include content="YesNoSettingItem">
							<param name="itemid" value="5" />
							<param name="itemlabel" value="$LOCALIZE[32472]" />
							<param name="skinsetting" value="TeletextOpensEPG" />
						</include>
						<include content="YesNoSettingItem">
							<param name="itemid" value="6" />
							<param name="itemlabel" value="$LOCALIZE[32410]" />
							<param name="skinsetting" value="USeCompactOSD" />
							<param name="customonclickNo">true</param>
							<param name="onclick2No">Skin.Reset(UseUltraCompactOSD)</param>
						</include>
						<include content="YesNoSettingItem">
							<param name="itemid" value="7" />
							<param name="itemlabel" value="$LOCALIZE[32411]" />
							<param name="skinsetting" value="USeUltraCompactOSD" />
							<param name="customonclickNo">true</param>
							<param name="onclick2No">Skin.Reset(UseCompactOSD)</param>
						</include>
						<include content="YesNoSettingItem">
							<param name="itemid" value="8" />
							<param name="itemlabel" value="$LOCALIZE[32412]" />
							<param name="skinsetting" value="AlternateOSDHighlight" />
						</include>
						<include content="YesNoSettingItem">
							<param name="itemid" value="9" />
							<param name="itemlabel" value="[B]$LOCALIZE[32342][/B]" />
							<param name="skinsetting" value="AutoClose.VideoOSD" />
							<param name="customonclickYes">true</param>
							<param name="onclick2Yes">Skin.Reset(SkinInfo.AutoCloseVideoOSD)</param>
							<param name="onclick3Yes">Skin.Reset(AutoClose.withInfoService)</param>
							<param name="onclick4Yes">Skin.Reset(OSDTimeout)</param>
						</include>
						<include content="YesNoSettingItem">
							<param name="itemid" value="10" />
							<param name="itemlabel" value="   [B]$LOCALIZE[32341][/B]" />
							<param name="skinsetting" value="AutoClose.withInfoService" />
							<param name="itemvisibility" value="System.AddonIsEnabled(script.skin.info.service) + Skin.HasSetting(AutoClose.VideoOSD)" />
						</include>
						<include content="CustomDialogSettingItem">
							<param name="itemid">11</param>
							<param name="itemlabel">      $LOCALIZE[32337]</param>
							<param name="itemlabel2">$VAR[OSDTimeout2LabelVar]</param>
							<param name="CustomProperty">CustomSelectOSDTimeout2</param>
							<param name="CustomDialog">1121</param>
							<param name="itemvisibility">Skin.HasSetting(AutoClose.VideoOSD) + System.AddonIsEnabled(script.skin.info.service) + Skin.HasSetting(AutoClose.withInfoService)</param>
						</include>
						<include content="CustomDialogSettingItem">
							<param name="itemid">12</param>
							<param name="itemlabel">   $LOCALIZE[32337]</param>
							<param name="itemlabel2">$VAR[OSDTimeoutLabelVar]</param>
							<param name="CustomProperty">CustomSelectOSDTimeout</param>
							<param name="CustomDialog">1121</param>
							<param name="itemvisibility">Skin.HasSetting(AutoClose.VideoOSD) + ![System.AddonIsEnabled(script.skin.info.service) + Skin.HasSetting(AutoClose.withInfoService)]</param>
						</include>
						<include content="YesNoSettingItem">
							<param name="itemid" value="13" />
							<param name="itemlabel" value="$LOCALIZE[32290]" />
							<param name="skinsetting" value="enable.bottomseekbar" />
						</include>
						<include content="YesNoSettingItem">
							<param name="itemid" value="14" />
							<param name="itemlabel" value="$LOCALIZE[32354]" />
							<param name="skinsetting" value="Hide.SeekBarWhenPaused" />
						</include>
						<include content="YesNoSettingItem">
							<param name="itemid" value="15" />
							<param name="itemlabel" value="$LOCALIZE[32385]" />
							<param name="skinsetting" value="Hide.SeekBarRF" />
						</include>
						<include content="YesNoSettingItem">
							<param name="itemid" value="16" />
							<param name="itemlabel" value="$LOCALIZE[32363]" />
							<param name="skinsetting" value="ShowInfoWithSeekBar" />
						</include>
						<include content="YesNoSettingItem">
							<param name="itemid" value="17" />
							<param name="itemlabel" value="[B]$LOCALIZE[32364][/B]" />
							<param name="skinsetting" value="ShowSeekBarOnPlayback" />
						</include>
						<include content="CustomDialogSettingItem">
							<param name="itemid">18</param>
							<param name="itemlabel">      $LOCALIZE[32365]</param>
							<param name="itemlabel2">$VAR[SeekBarInitLabelVar]</param>
							<param name="CustomProperty">CustomSelectSeekBarInit</param>
							<param name="CustomDialog">1121</param>
							<param name="itemvisibility">Skin.HasSetting(ShowSeekBarOnPlayback)</param>
						</include>
						<include content="CustomDialogSettingItem">
							<param name="itemid">21</param>
							<param name="itemlabel">[B]$LOCALIZE[32403][/B]</param>
							<param name="itemlabel2">$VAR[OSDExtraArtLabelVar]</param>
							<param name="CustomProperty">CustomSelectOSDArt</param>
							<param name="CustomDialog">1121</param>
						</include>
						<include content="YesNoSettingItem">
							<param name="itemid" value="22" />
							<param name="itemlabel" value="$LOCALIZE[32367]" />
							<param name="skinsetting" value="NoFallbackThumbOSD" />
						</include>
						<include content="YesNoSettingItem">
							<param name="itemid" value="23" />
							<param name="itemlabel" value="[B]$LOCALIZE[32457][/B]" />
							<param name="skinsetting" value="ShowEpisodeList" />
							<param name="itemvisibility">Skin.HasSetting(Enable.EmbuaryHelper) + System.AddonIsEnabled(script.embuary.helper)</param>
						</include>
						<include content="YesNoSettingItem">
							<param name="itemid" value="24" />
							<param name="itemlabel" value="      $LOCALIZE[32458]" />
							<param name="skinsetting" value="SeasonsEpisodeList" />
							<param name="itemvisibility">Skin.HasSetting(ShowEpisodeList)</param>
						</include>
						<include content="YesNoSettingItem">
							<param name="itemid" value="25" />
							<param name="itemlabel" value="$LOCALIZE[32460]" />
							<param name="skinsetting" value="DirectSeekInInfo" />
						</include>
					</content>
				</control>
				<!-- 9000 8 Video Info options -->
				<include content="SkinSettingsArrows">
					<param name="panelid">9108</param>
				</include>
				<control type="panel" id="9108">
					<visible>Container(9000).HasFocus(8)</visible>
					<onright>500</onright>
					<pagecontrol>500</pagecontrol>
					<onup condition="Skin.HasSetting(Enable.TouchSupport)">909090</onup>
					<onup condition="!Skin.HasSetting(Enable.TouchSupport)">9108</onup>
					<ondown>9108</ondown>
					<include>SettingsListCommons</include>
					<content>
						<include content="YesNoSettingItem">
							<param name="itemid" value="1" />
							<param name="itemlabel" value="$LOCALIZE[32057]" />
							<param name="skinsetting" value="Show.SeasonEpisodeInfo" />
						</include>
						<include content="YesNoSettingItem">
							<param name="itemid" value="2" />
							<param name="itemlabel" value="$LOCALIZE[32058]" />
							<param name="skinsetting" value="Show.EpisodeThumbInfo" />
						</include>
						<include content="YesNoSettingItem">
							<param name="itemid" value="3" />
							<param name="itemlabel" value="$LOCALIZE[32015]" />
							<param name="skinsetting" value="Disable.OnlineTMDbInfo" />
						</include>
						<include content="YesNoSettingItem">
							<param name="itemid" value="5" />
							<param name="itemlabel" value="[B]$LOCALIZE[32156][/B]" />
							<param name="skinsetting" value="Enable.BlurredVideoInfo" />
						</include>
						<include content="YesNoSettingItem">
							<param name="itemid" value="7" />
							<param name="itemlabel" value="      $LOCALIZE[32165]" />
							<param name="skinsetting" value="Blur.UsePoster" />
							<param name="itemvisibility">Skin.HasSetting(Enable.BlurredVideoInfo)</param>
						</include>
						<!-- <item id="5" description="Blur Background - TMDbHelper present">
							<visible>Skin.HasSetting(Enable.BlurredVideoInfo) + Skin.HasSetting(Enable.TMDbHelper)</visible>
							<label>[B]$LOCALIZE[32156][/B]</label>
							<label2>$LOCALIZE[107]</label2>
							<onclick condition="Skin.HasSetting(Enable.TMDbHelper) + Skin.HasSetting(Enable.BlurredVideoInfo)">Skin.Reset(TMDbHelper.EnableBlur)</onclick>
							<onclick condition="Skin.HasSetting(Enable.TMDbHelper) + Skin.HasSetting(Enable.BlurredVideoInfo)">ClearProperty(TMDbHelper.Blur.SourceImage,Home)</onclick>
							<onclick>Skin.Reset(Enable.BlurredVideoInfo)</onclick>
						</item>
						<item id="6" description="Blur Background - TMDbHelper not installed">
							<visible>!Skin.HasSetting(Enable.BlurredVideoInfo) | !Skin.HasSetting(Enable.TMDbHelper)</visible>
							<label>[B]$LOCALIZE[32156][/B]</label>
							<label2>$LOCALIZE[106]</label2>
							<onclick condition="!System.HasAddon(plugin.video.themoviedb.helper)">InstallAddon(plugin.video.themoviedb.helper)</onclick>
							<onclick condition="System.HasAddon(plugin.video.themoviedb.helper) + Skin.HasSetting(Enable.TMDbHelper) + !Skin.HasSetting(Enable.BlurredVideoInfo)">Skin.SetBool(TMDbHelper.EnableBlur)</onclick>
							<onclick condition="System.HasAddon(plugin.video.themoviedb.helper) + Skin.HasSetting(Enable.TMDbHelper) + !Skin.HasSetting(Enable.BlurredVideoInfo)">SetProperty(TMDbHelper.Blur.SourceImage,fanart,Home)</onclick>
							<onclick condition="System.HasAddon(plugin.video.themoviedb.helper) + Skin.HasSetting(Enable.TMDbHelper) + !Skin.HasSetting(Enable.BlurredVideoInfo)">Skin.SetBool(Enable.BlurredVideoInfo)</onclick>
						</item> -->
						<!-- <item id="7" description="Blur Poster">
							<visible>Skin.HasSetting(Enable.BlurredVideoInfo) + Skin.HasSetting(Blur.UsePoster)</visible>
							<label>      $LOCALIZE[32165]</label>
							<label2>$LOCALIZE[107]</label2>
							<onclick condition="Skin.HasSetting(Blur.UsePoster)">SetProperty(TMDbHelper.Blur.SourceImage,fanart,Home)</onclick>
							<onclick>Skin.Reset(Blur.UsePoster)</onclick>
						</item>
						<item id="7" description="Blur Poster">
							<visible>Skin.HasSetting(Enable.BlurredVideoInfo) + !Skin.HasSetting(Blur.UsePoster)</visible>
							<label>      $LOCALIZE[32165]</label>
							<label2>$LOCALIZE[106]</label2>
							<onclick condition="!Skin.HasSetting(Blur.UsePoster)">SetProperty(TMDbHelper.Blur.SourceImage,poster,Home)</onclick>
							<onclick condition="!Skin.HasSetting(Blur.UsePoster)">Skin.SetBool(Blur.UsePoster)</onclick>
						</item> -->
						<include content="CustomDialogSettingItem">
							<param name="itemid">9</param>
							<param name="itemlabel">$LOCALIZE[32104]</param>
							<param name="CustomProperty">CustomSelectInfoLists</param>
							<param name="CustomDialog">1130</param>
						</include>
						<include content="CustomDialogSettingItem">
							<param name="itemid">10</param>
							<param name="itemlabel">$LOCALIZE[32230]</param>
							<param name="CustomProperty">CustomSelectRatings</param>
							<param name="CustomDialog">1138</param>
						</include>
						<include content="YesNoSettingItem">
							<param name="itemid" value="11" />
							<param name="itemlabel" value="$LOCALIZE[32463]" />
							<param name="skinsetting" value="Trailer.WindowVideoInfo" />
						</include>
						<include content="YesNoSettingItem">
							<param name="itemid" value="12" />
							<param name="itemlabel" value="$LOCALIZE[32465]" />
							<param name="skinsetting" value="Trailer.SearchIMDb" />
							<param name="itemvisibility">System.AddonIsEnabled(plugin.video.imdb.trailers)</param>
						</include>
						<item id="13" description="Embuary Info Config">
							<label>$LOCALIZE[32128]</label>
							<onclick condition="System.HasAddon(script.embuary.info)">Addon.OpenSettings(script.embuary.info)</onclick>
							<onclick condition="!System.HasAddon(script.embuary.info)">InstallAddon(script.embuary.info)</onclick>
						</item>
						<item id="14" description="TMDb Helper Config">
							<label>$LOCALIZE[32155]</label>
							<onclick condition="System.HasAddon(plugin.video.themoviedb.helper)">Addon.OpenSettings(plugin.video.themoviedb.helper)</onclick>
							<onclick condition="!System.HasAddon(plugin.video.themoviedb.helper)">InstallAddon(plugin.video.themoviedb.helper)</onclick>
						</item>
					</content>
				</control>
				<!-- 9000 9 - Color Options -->
				<include content="SkinSettingsArrows">
					<param name="panelid">9109</param>
				</include>
				<control type="grouplist" id="9109">
					<visible>Container(9000).HasFocus(9)</visible>
					<onright>500</onright>
					<pagecontrol>500</pagecontrol>
					<posx>495</posx>
					<posy>135</posy>
					<width>1350</width>
					<height>860</height>
					<onleft>9000</onleft>
					<scrolltime>280</scrolltime>
					<onup condition="Skin.HasSetting(Enable.TouchSupport)">909090</onup>
					<onup condition="!Skin.HasSetting(Enable.TouchSupport)">9109</onup>
					<ondown>9109</ondown>
					<control type="button" id="91080">
						<width>1350</width>
						<height>60</height>
						<texturenofocus />
						<textoffsetx>30</textoffsetx>
						<onclick>SetProperty(Dialog.1.Label,$LOCALIZE[571])</onclick>
						<onclick>SetProperty(Dialog.1.BuiltIn,RunScript(script.embuary.helper,action=setkodisetting,setting=lookandfeel.skincolors,value=SKINDEFAULT)||Skin.SetString(HighlightColorStr,None)||Skin.SetString(LabelTextColorStr,None)||Skin.SetString(FocusedTextColorStr,None)||Skin.SetString(SelectedTextColorStr,None))</onclick>
						<onclick>SetProperty(Dialog.2.Label,Blue)</onclick>
						<onclick>SetProperty(Dialog.2.BuiltIn,RunScript(script.embuary.helper,action=setkodisetting,setting=lookandfeel.skincolors,value=Blue)||Skin.SetString(HighlightColorStr,None)||Skin.SetString(LabelTextColorStr,None)||Skin.SetString(FocusedTextColorStr,None)||Skin.SetString(SelectedTextColorStr,None))</onclick>
						<onclick>SetProperty(Dialog.3.Label,Green)</onclick>
						<onclick>SetProperty(Dialog.3.BuiltIn,RunScript(script.embuary.helper,action=setkodisetting,setting=lookandfeel.skincolors,value=Green)||Skin.SetString(HighlightColorStr,None)||Skin.SetString(LabelTextColorStr,None)||Skin.SetString(FocusedTextColorStr,None)||Skin.SetString(SelectedTextColorStr,None))</onclick>
						<onclick>SetProperty(Dialog.4.Label,White)</onclick>
						<onclick>SetProperty(Dialog.4.BuiltIn,RunScript(script.embuary.helper,action=setkodisetting,setting=lookandfeel.skincolors,value=White)||Skin.SetString(HighlightColorStr,None)||Skin.SetString(LabelTextColorStr,None)||Skin.SetString(FocusedTextColorStr,None)||Skin.SetString(SelectedTextColorStr,None))</onclick>
						<onclick>RunScript(script.embuary.helper,action=createselect,header=$LOCALIZE[15111])</onclick>
						<label>$LOCALIZE[32210]</label>
						<label2>$VAR[SkinColorTheme]</label2>
						<visible>Skin.HasSetting(Enable.EmbuaryHelper)</visible>
					</control>
					<control type="radiobutton" id="91091">
						<label>$LOCALIZE[32205]</label>
						<font>ListDetails</font>
						<onclick>Skin.SetString(SelectColorLabel,$LOCALIZE[32205])</onclick>
						<onclick>SetProperty(colorpick,HighlightColor,Home)</onclick>
						<onclick>ActivateWindow(1117)</onclick>
						<include content="ColorButton">
							<param name="ColorString">$VAR[HighlightColor]</param>
						</include>
					</control>
					<control type="button" id="9109101">
						<width>1350</width>
						<height>60</height>
						<font>ListDetails</font>
						<texturenofocus />
						<textoffsetx>30</textoffsetx>
						<onclick>Skin.ToggleSetting(MatchPosterColors)</onclick>
						<onclick>Skin.Reset(TMDbHelper.EnableColors)</onclick>
						<onclick>ClearProperty(TMDbHelper.Colors.SourceImage,Home)</onclick>
						<onclick>Skin.Reset(TMDbHelper.Colors.Luminance,0.75)</onclick>
						<onclick>Skin.Reset(TMDbHelper.Colors.Saturation,0.75)</onclick>
						<label>    $LOCALIZE[32289]</label>
						<label2>$LOCALIZE[107]</label2>
						<visible>Skin.HasSetting(Enable.TMDbHelper) + Skin.HasSetting(MatchPosterColors)</visible>
					</control>
					<control type="button" id="9109102">
						<width>1350</width>
						<height>60</height>
						<font>ListDetails</font>
						<texturenofocus />
						<textoffsetx>30</textoffsetx>
						<onclick>Skin.ToggleSetting(MatchPosterColors)</onclick>
						<onclick condition="!Skin.HasSetting(TMDbHelper.EnableColors)">Skin.SetBool(TMDbHelper.EnableColors)</onclick>
						<onclick condition="String.IsEmpty(Window(Home).Property(TMDbHelper.Colors.SourceImage))">SetProperty(TMDbHelper.Colors.SourceImage,poster,Home)</onclick>
						<onclick condition="String.IsEmpty(Skin.String(TMDbHelper.Colors.Luminance))">Skin.SetString(TMDbHelper.Colors.Luminance,0.75)</onclick>
						<onclick condition="String.IsEmpty(Skin.String(TMDbHelper.Colors.Saturation))">Skin.SetString(TMDbHelper.Colors.Saturation,0.75)</onclick>
						<label>    $LOCALIZE[32289]</label>
						<label2>$LOCALIZE[106]</label2>
						<visible>Skin.HasSetting(Enable.TMDbHelper) + !Skin.HasSetting(MatchPosterColors)</visible>
					</control>
					<control type="radiobutton" id="91092">
						<font>ListDetails</font>
						<label>$LOCALIZE[32212]</label>
						<onclick>Skin.SetString(SelectColorLabel,$LOCALIZE[32212])</onclick>
						<onclick>SetProperty(colorpick,LabelTextColor,Home)</onclick>
						<onclick>ActivateWindow(1117)</onclick>
						<include content="ColorButton">
							<param name="ColorString">$VAR[LabelTextColor]</param>
						</include>
					</control>
					<control type="radiobutton" id="91093">
						<label>$LOCALIZE[32213]</label>
						<font>ListDetails</font>
						<onclick>Skin.SetString(SelectColorLabel,$LOCALIZE[32213])</onclick>
						<onclick>SetProperty(colorpick,FocusedTextColor,Home)</onclick>
						<onclick>ActivateWindow(1117)</onclick>
						<include content="ColorButton">
							<param name="ColorString">$VAR[FocusedTextColor]</param>
						</include>
					</control>
					<control type="radiobutton" id="91094">
						<label>$LOCALIZE[32214]</label>
						<font>ListDetails</font>
						<onclick>Skin.SetString(SelectColorLabel,$LOCALIZE[32214])</onclick>
						<onclick>SetProperty(colorpick,SelectedTextColor,Home)</onclick>
						<onclick>ActivateWindow(1117)</onclick>
						<include content="ColorButton">
							<param name="ColorString">$VAR[SelectedTextColor]</param>
						</include>
					</control>
					<control type="radiobutton" id="91095">
						<label>$LOCALIZE[32206]</label>
						<font>ListDetails</font>
						<onclick>Skin.SetString(SelectColorLabel,$LOCALIZE[32206])</onclick>
						<onclick>SetProperty(colorpick,GlowBarsColor,Home)</onclick>
						<onclick>ActivateWindow(1117)</onclick>
						<include content="ColorButton">
							<param name="ColorString">$VAR[GlowBarsColor]</param>
						</include>
					</control>
					<control type="radiobutton" id="91096">
						<label>$LOCALIZE[32207]</label>
						<font>ListDetails</font>
						<onclick>Skin.SetString(SelectColorLabel,$LOCALIZE[32207])</onclick>
						<onclick>SetProperty(colorpick,MenuBarColor,Home)</onclick>
						<onclick>ActivateWindow(1117)</onclick>
						<include content="ColorButton">
							<param name="ColorString">$VAR[MenuBarColor]</param>
						</include>
					</control>
					<control type="radiobutton" id="91097">
						<label>$LOCALIZE[32208]</label>
						<font>ListDetails</font>
						<onclick>Skin.SetString(SelectColorLabel,$LOCALIZE[32208])</onclick>
						<onclick>SetProperty(colorpick,VertMenuBladeColor,Home)</onclick>
						<onclick>ActivateWindow(1117)</onclick>
						<include content="ColorButton">
							<param name="ColorString">$VAR[VertMenuBladeColor]</param>
						</include>
					</control>
					<control type="radiobutton" id="91098">
						<label>$LOCALIZE[32209]</label>
						<font>ListDetails</font>
						<onclick>Skin.SetString(SelectColorLabel,$LOCALIZE[32209])</onclick>
						<onclick>SetProperty(colorpick,TopBarColor,Home)</onclick>
						<onclick>ActivateWindow(1117)</onclick>
						<include content="ColorButton">
							<param name="ColorString">$VAR[TopBarColor]</param>
						</include>
					</control>
					<control type="radiobutton" id="91099">
						<label>$LOCALIZE[32211]</label>
						<font>ListDetails</font>
						<onclick>Skin.SetString(SelectColorLabel,$LOCALIZE[32211])</onclick>
						<onclick>SetProperty(colorpick,DialogBGColor,Home)</onclick>
						<onclick>ActivateWindow(1117)</onclick>
						<include content="ColorButton">
							<param name="ColorString">$VAR[DialogBGColor]</param>
						</include>
					</control>
					<control type="radiobutton" id="910910">
						<label>$LOCALIZE[32215]</label>
						<font>ListDetails</font>
						<onclick>Skin.SetString(SelectColorLabel,$LOCALIZE[32215])</onclick>
						<onclick>SetProperty(colorpick,WidgetBGColor,Home)</onclick>
						<onclick>ActivateWindow(1117)</onclick>
						<include content="ColorButton">
							<param name="ColorString">$VAR[WidgetBGColor]</param>
						</include>
					</control>
					<control type="radiobutton" id="910911">
						<label>$LOCALIZE[32221]</label>
						<font>ListDetails</font>
						<onclick>Skin.SetString(SelectColorLabel,$LOCALIZE[32221])</onclick>
						<onclick>SetProperty(colorpick,ViewsBGColor,Home)</onclick>
						<onclick>ActivateWindow(1117)</onclick>
						<include content="ColorButton">
							<param name="ColorString">$VAR[ViewsBGColor]</param>
						</include>
					</control>
					<control type="radiobutton" id="910912">
						<label>$LOCALIZE[32470]</label>
						<font>ListDetails</font>
						<onclick>Skin.SetString(SelectColorLabel,$LOCALIZE[32470])</onclick>
						<onclick>SetProperty(colorpick,TimeshiftBufferColor,Home)</onclick>
						<onclick>ActivateWindow(1117)</onclick>
						<include content="ColorButton">
							<param name="ColorString">$VAR[TimeshiftBufferColor]</param>
						</include>
					</control>
					<control type="button" id="910913">
						<width>1350</width>
						<height>60</height>
						<texturenofocus />
						<textoffsetx>30</textoffsetx>
						<onclick condition="System.AddonIsEnabled(script.skin.helper.skinbackup)">RunScript(script.skin.helper.skinbackup,action=colorthemes)</onclick>
						<label>Manage Color Themes</label>
						<visible>System.AddonIsEnabled(script.skin.helper.skinbackup)</visible>
					</control>
				</control>
				<!-- 9000 10 Search -->
				<control type="panel" id="9110">
					<visible>Container(9000).HasFocus(10)</visible>
					<onright>500</onright>
					<pagecontrol>500</pagecontrol>
					<onup condition="Skin.HasSetting(Enable.TouchSupport)">909090</onup>
					<onup condition="!Skin.HasSetting(Enable.TouchSupport)">9110</onup>
					<ondown>9110</ondown>
					<include>SettingsListCommons</include>
					<content>
						<include content="YesNoSettingItemAddon">
							<param name="itemid" value="1" />
							<param name="itemlabel" value="$LOCALIZE[31938]" />
							<param name="skinsetting" value="Enable.GlobalSearch" />
							<param name="addonpath" value="script.globalsearch" />
						</include>
						<include content="YesNoSettingItem">
							<param name="itemid" value="2" />
							<param name="itemlabel" value="$LOCALIZE[32228]" />
							<param name="skinsetting" value="OnlyLocalSearches" />
						</include>
						<include content="YesNoSettingItem">
							<param name="itemid" value="3" />
							<param name="itemlabel" value="$LOCALIZE[32476]" />
							<param name="skinsetting" value="DoCustomVideoSearch" />
						</include>
						<include content="YesNoSettingItem">
							<param name="itemid" value="4" />
							<param name="itemlabel" value="$LOCALIZE[32477]" />
							<param name="skinsetting" value="DoCustomMusicSearch" />
						</include>
						<include content="CustomDialogSettingItem">
							<param name="itemid">5</param>
							<param name="itemlabel">$LOCALIZE[32168]</param>
							<param name="CustomProperty">CustomSelectSearchOptions</param>
							<param name="CustomDialog">1133</param>
						</include>
					</content>
				</control>
				<!-- 9000 11 Advanced options -->
				<include content="SkinSettingsArrows">
					<param name="panelid">9111</param>
				</include>
				<control type="panel" id="9111">
					<visible>Container(9000).HasFocus(11)</visible>
					<onright>500</onright>
					<pagecontrol>500</pagecontrol>
					<onup condition="Skin.HasSetting(Enable.TouchSupport)">909090</onup>
					<onup condition="!Skin.HasSetting(Enable.TouchSupport)">9111</onup>
					<ondown>9111</ondown>
					<include>SettingsListCommons</include>
					<content>
						<include content="YesNoSettingItem">
							<param name="itemid" value="1" />
							<param name="itemlabel" value="$LOCALIZE[32040]" />
							<param name="skinsetting" value="KioskMode.Enabled" />
						</include>
						<include content="InstallAddonItem">
							<param name="itemid" value="4" />
							<param name="itemlabel" value="$LOCALIZE[31939]" />
							<param name="addonpath" value="script.image.resource.select" />
						</include>
						<include content="CustomImageResourceSettingItem">
							<param name="itemid" value="5" />
							<param name="itemlabel">$LOCALIZE[31940]</param>
							<param name="itemlabel2">$LOCALIZE[15109]</param>
							<param name="itemvisibility" value="System.AddonIsEnabled(script.image.resource.select)" />
							<param name="resourcetype" value="weathericons" />
						</include>
						<include content="CustomImageResourceSettingItem">
							<param name="itemid" value="6" />
							<param name="itemlabel">$LOCALIZE[32046]</param>
							<param name="itemlabel2">$LOCALIZE[15109]</param>
							<param name="itemvisibility" value="System.AddonIsEnabled(script.image.resource.select)" />
							<param name="resourcetype" value="weatherfanart" />
						</include>
						<include content="CustomImageResourceSettingItem">
							<param name="itemid" value="7" />
							<param name="itemlabel">$LOCALIZE[31942]</param>
							<param name="resourcetype" value="studios" />
							<param name="itemvisibility" value="System.AddonIsEnabled(script.image.resource.select)" />
						</include>
						<include content="CustomImageResourceSettingItem">
							<param name="itemid" value="8" />
							<param name="itemlabel">$LOCALIZE[31945]</param>
							<param name="resourcetype" value="moviecountryicons" />
							<param name="itemvisibility" value="System.AddonIsEnabled(script.image.resource.select)" />
						</include>
						<include content="CustomDialogSettingItem">
							<param name="itemid">9</param>
							<param name="itemlabel">$LOCALIZE[31941]</param>
							<param name="itemlabel2">$VAR[VideoGenreIconsLabel]</param>
							<param name="CustomProperty">CustomSelectVideoGenreIcons</param>
							<param name="CustomDialog">1121</param>
						</include>
						<include content="CustomDialogSettingItem">
							<param name="itemid">11</param>
							<param name="itemlabel">[B]$LOCALIZE[32283][/B]</param>
							<param name="itemlabel2">$VAR[VideoGenreFanartLabel]</param>
							<param name="CustomProperty">CustomSelectVideoGenreFanart</param>
							<param name="CustomDialog">1121</param>
						</include>
						<include content="YesNoSettingItem">
							<param name="itemid" value="12" />
							<param name="itemlabel" value="      $LOCALIZE[32288]" />
							<param name="skinsetting" value="CustomVideoGenreFanart.Multi" />
							<param name="itemvisibility" value="!String.IsEmpty(Skin.String(CustomVideoGenreFanartPath))" />
						</include>
						<include content="CustomDialogSettingItem">
							<param name="itemid">13</param>
							<param name="itemlabel">$LOCALIZE[31944]</param>
							<param name="itemlabel2">$VAR[MusicGenreIconsLabel]</param>
							<param name="CustomProperty">CustomSelectMusicGenreIcons</param>
							<param name="CustomDialog">1121</param>
						</include>
						<include content="CustomDialogSettingItem">
							<param name="itemid">14</param>
							<param name="itemlabel">[B]$LOCALIZE[32284][/B]</param>
							<param name="itemlabel2">$VAR[MusicGenreFanartLabel]</param>
							<param name="CustomProperty">CustomSelectMusicGenreFanart</param>
							<param name="CustomDialog">1121</param>
						</include>
						<include content="YesNoSettingItem">
							<param name="itemid" value="15" />
							<param name="itemlabel" value="      $LOCALIZE[32288]" />
							<param name="skinsetting" value="CustomMusicGenreFanart.Multi" />
							<param name="itemvisibility" value="!String.IsEmpty(Skin.String(CustomMusicGenreFanartPath))" />
						</include>
						<include content="CustomImageResourceSettingItem">
							<param name="itemid" value="16" />
							<param name="itemlabel">$LOCALIZE[31943]</param>
							<param name="resourcetype" value="recordlabels" />
							<param name="itemvisibility" value="System.AddonIsEnabled(script.image.resource.select)" />
						</include>
						<include content="CustomDialogSettingItem">
							<param name="itemid">17</param>
							<param name="itemlabel">[B]$LOCALIZE[32421][/B]</param>
							<param name="itemlabel2">$VAR[StartupBackgroundLabelVar]</param>
							<param name="CustomProperty">CustomSelectStartupBackground</param>
							<param name="CustomDialog">1121</param>
						</include>
						<include content="CustomDialogSettingItem">
							<param name="itemid">18</param>
							<param name="itemlabel">      [B]$LOCALIZE[32469][/B]</param>
							<param name="itemlabel2">$VAR[StartupVideoDurationLabelVar]</param>
							<param name="CustomProperty">CustomSelectStartupVideoDuration</param>
							<param name="CustomDialog">1121</param>
							<param name="itemvisibility" value="!String.IsEmpty(Skin.String(StartupPlaylist))" />
						</include>
					</content>
				</control>
				<!-- 9000 12 - Backup/Restore -->
				<control type="panel" id="9112">
					<visible>Container(9000).HasFocus(12)</visible>
					<onright>500</onright>
					<pagecontrol>500</pagecontrol>
					<onup condition="Skin.HasSetting(Enable.TouchSupport)">909090</onup>
					<onup condition="!Skin.HasSetting(Enable.TouchSupport)">9112</onup>
					<ondown>9112</ondown>
					<include>SettingsListCommons</include>
					<content>
						<item id="1" description="Backup Skin Settings">
							<label>$LOCALIZE[32065]</label>
							<onclick condition="System.HasAddon(script.xmbcbackup) + !System.HasAddon(script.skin.helper.skinbackup)">RunScript(script.xbmcbackup,mode=backup)</onclick>
							<onclick condition="System.HasAddon(script.skin.helper.skinbackup)">RunScript(script.skin.helper.skinbackup,action=backup)</onclick>
							<onclick condition="!System.HasAddon(script.xbmcbackup) + !System.HasAddon(script.skin.helper.skinbackup)">InstallAddon(script.skin.helper.skinbackup)</onclick>
						</item>
						<item id="2" description="Restore Skin Settings Backup">
							<label>$LOCALIZE[32066]</label>
							<onclick condition="System.HasAddon(script.xmbcbackup) + !System.HasAddon(script.skin.helper.skinbackup)">RunScript(script.xbmcbackup,mode=restore)</onclick>
							<onclick condition="System.HasAddon(script.skin.helper.skinbackup)">RunScript(script.skin.helper.skinbackup,action=restore)</onclick>
							<onclick condition="!System.HasAddon(script.xbmcbackup) + !System.HasAddon(script.skin.helper.skinbackup)">InstallAddon(script.skin.helper.skinbackup)</onclick>
							<onclick>ReloadSkin()</onclick>
						</item>
						<item id="3" description="Backup/Restore Config">
							<label>$LOCALIZE[32067]</label>
							<onclick condition="System.HasAddon(script.xmbcbackup) + !System.HasAddon(script.skin.helper.skinbackup)">Addon.OpenSettings(script.xbmcbackup)</onclick>
							<onclick condition="System.HasAddon(script.skin.helper.skinbackup)">Addon.OpenSettings(script.skin.helper.skinbackup)</onclick>
							<onclick condition="!System.HasAddon(script.xbmcbackup) + !System.HasAddon(script.skin.helper.skinbackup)">InstallAddon(script.skin.helper.skinbackup)</onclick>

						</item>
						<item id="4" description="Reset all settings to default">
							<label>$LOCALIZE[31038]</label>
							<icon>DefaultIconWarning.png</icon>
							<onclick>Skin.ResetSettings</onclick>
							<onclick>RunScript(script.skin.helper.skinbackup,action=reset)</onclick>
							<onclick>ReloadSkin()</onclick>
							<visible>System.AddonIsEnabled(script.skin.helper.skinbackup)</visible>
						</item>
					</content>
				</control>
				<!-- 9000 13 - Manage Dependencies -->
				<include content="SkinSettingsArrows">
					<param name="panelid">9113</param>
				</include>
				<control type="grouplist" id="9113">
					<visible>Container(9000).HasFocus(13)</visible>
					<onright>500</onright>
					<pagecontrol>500</pagecontrol>
					<include>SettingsListCommons</include>
					<onup condition="Skin.HasSetting(Enable.TouchSupport)">909090</onup>
					<onup condition="!Skin.HasSetting(Enable.TouchSupport)">9113</onup>
					<ondown>9113</ondown>
					<control type="radiobutton" id="911201">
						<label>script.favourites</label>
						<label2>$INFO[System.AddonVersion(script.favourites)]             </label2>
						<onclick condition="System.HasAddon(script.favourites) + !System.AddonIsEnabled(script.favourites)">EnableAddon(script.favourites)</onclick>
						<onclick condition="!System.HasAddon(script.favourites)">InstallAddon(script.favourites)</onclick>
						<selected>System.AddonIsEnabled(script.favourites)</selected>
					</control>
					<control type="radiobutton" id="911203">
						<label>resource.uisounds.amber</label>
						<label2>$INFO[System.AddonVersion(resource.uisounds.amber)]             </label2>
						<onclick condition="System.HasAddon(resource.uisounds.amber) + !System.AddonIsEnabled(resource.uisounds.amber)">EnableAddon(resource.uisounds.amber)</onclick>
						<onclick condition="!System.HasAddon(resource.uisounds.amber)">InstallAddon(resource.uisounds.amber)</onclick>
						<selected>System.AddonIsEnabled(resource.uisounds.amber)</selected>
					</control>
					<control type="radiobutton" id="911204">
						<label>script.skinshortcuts</label>
						<label2>$INFO[System.AddonVersion(script.skinshortcuts)]             </label2>
						<onclick condition="System.AddonIsEnabled(script.skinshortcuts)">Addon.OpenSettings(script.skinshortcuts)</onclick>
						<onclick condition="System.HasAddon(script.skinshortcuts) + !System.AddonIsEnabled(script.skinshortcuts)">EnableAddon(script.skinshortcuts)</onclick>
						<onclick condition="!System.HasAddon(script.skinshortcuts)">InstallAddon(script.skinshortcuts)</onclick>
						<selected>System.AddonIsEnabled(script.skinshortcuts)</selected>
					</control>
					<control type="radiobutton" id="911205">
						<label>script.globalsearch</label>
						<label2>$INFO[System.AddonVersion(script.globalsearch)]             </label2>
						<onclick condition="System.AddonIsEnabled(script.globalsearch)">Addon.OpenSettings(script.globalsearch)</onclick>
						<onclick condition="System.HasAddon(script.globalsearch) + !System.AddonIsEnabled(script.globalsearch)">EnableAddon(script.globalsearch)</onclick>
						<onclick condition="!System.HasAddon(script.globalsearch)">InstallAddon(script.globalsearch)</onclick>
						<selected>System.AddonIsEnabled(script.globalsearch)</selected>
					</control>
					<control type="radiobutton" id="911211">
						<label>script.cu.lrclyrics</label>
						<label2>$INFO[System.AddonVersion(script.cu.lrclyrics)]             </label2>
						<onclick condition="System.AddonIsEnabled(script.cu.lrclyrics)">Addon.OpenSettings(script.cu.lrclyrics)</onclick>
						<onclick condition="System.HasAddon(script.cu.lrclyrics) + !System.AddonIsEnabled(script.cu.lrclyrics)">EnableAddon(script.cu.lrclyrics)</onclick>
						<onclick condition="!System.HasAddon(script.cu.lrclyrics)">InstallAddon(script.cu.lrclyrics)</onclick>
						<selected>System.AddonIsEnabled(script.cu.lrclyrics)</selected>
					</control>
					<control type="radiobutton" id="911212">
						<label>script.artistslideshow</label>
						<label2>$INFO[System.AddonVersion(script.artistslideshow)]             </label2>
						<onclick condition="System.AddonIsEnabled(script.artistslideshow)">Addon.OpenSettings(script.artistslideshow)</onclick>
						<onclick condition="System.HasAddon(script.artistslideshow) + !System.AddonIsEnabled(script.artistslideshow)">EnableAddon(script.artistslideshow)</onclick>
						<onclick condition="!System.HasAddon(script.artistslideshow)">InstallAddon(script.artistslideshow)</onclick>
						<selected>System.AddonIsEnabled(script.artistslideshow)</selected>
					</control>
					<control type="radiobutton" id="911214">
						<label>service.upnext</label>
						<label2>$INFO[System.AddonVersion(service.upnext)]             </label2>
						<onclick condition="System.AddonIsEnabled(service.upnext)">Addon.OpenSettings(service.upnext)</onclick>
						<onclick condition="System.HasAddon(service.upnext) + !System.AddonIsEnabled(service.upnext)">EnableAddon(service.upnext)</onclick>
						<onclick condition="!System.HasAddon(service.upnext)">InstallAddon(service.upnext)</onclick>
						<selected>System.AddonIsEnabled(service.upnext)</selected>
					</control>
					<control type="radiobutton" id="911216">
						<label>service.library.data.provider</label>
						<label2>$INFO[System.AddonVersion(service.library.data.provider)]             </label2>
						<onclick condition="System.AddonIsEnabled(service.library.data.provider)">Addon.OpenSettings(service.library.data.provider)</onclick>
						<onclick condition="System.HasAddon(service.library.data.provider) + !System.AddonIsEnabled(service.library.data.provider)">EnableAddon(service.library.data.provider)</onclick>
						<onclick condition="!System.HasAddon(service.library.data.provider)">InstallAddon(service.library.data.provider)</onclick>
						<selected>System.AddonIsEnabled(service.library.data.provider)</selected>
					</control>
					<control type="radiobutton" id="911217">
						<label>script.xbmcbackup</label>
						<label2>$INFO[System.AddonVersion(script.xbmcbackup)]             </label2>
						<onclick condition="System.AddonIsEnabled(script.xbmcbackup)">Addon.OpenSettings(script.xbmcbackup)</onclick>
						<onclick condition="System.HasAddon(script.xbmcbackup) + !System.AddonIsEnabled(script.xbmcbackup)">EnableAddon(script.xbmcbackup)</onclick>
						<onclick condition="!System.HasAddon(script.xbmcbackup)">InstallAddon(script.xbmcbackup)</onclick>
						<selected>System.AddonIsEnabled(script.xbmcbackup)</selected>
					</control>
					<control type="radiobutton" id="911219">
						<label>script.skin.info.service</label>
						<label2>$INFO[System.AddonVersion(script.skin.info.service)]             </label2>
						<onclick condition="System.AddonIsEnabled(script.skin.info.service)">Addon.OpenSettings(script.skin.info.service)</onclick>
						<onclick condition="System.HasAddon(script.skin.info.service) + !System.AddonIsEnabled(script.skin.info.service)">EnableAddon(script.skin.info.service)</onclick>
						<onclick condition="!System.HasAddon(script.skin.info.service)">InstallAddon(script.skin.info.service)</onclick>
						<selected>System.AddonIsEnabled(script.skin.info.service)</selected>
					</control>
					<control type="radiobutton" id="911220">
						<label>plugin.program.autocompletion</label>
						<label2>$INFO[System.AddonVersion(plugin.program.autocompletion)]             </label2>
						<onclick condition="System.AddonIsEnabled(plugin.program.autocompletion)">Addon.OpenSettings(plugin.program.autocompletion)</onclick>
						<onclick condition="System.HasAddon(plugin.program.autocompletion) + !System.AddonIsEnabled(plugin.program.autocompletion)">EnableAddon(plugin.program.autocompletion)</onclick>
						<onclick condition="!System.HasAddon(plugin.program.autocompletion)">InstallAddon(plugin.program.autocompletion)</onclick>
						<selected>System.AddonIsEnabled(plugin.program.autocompletion)</selected>
					</control>
					<control type="radiobutton" id="911221">
						<label>script.metadata.editor</label>
						<label2>$INFO[System.AddonVersion(script.metadata.editor)]             </label2>
						<onclick condition="System.AddonIsEnabled(script.metadata.editor)">Addon.OpenSettings(script.metadata.editor)</onclick>
						<onclick condition="System.HasAddon(script.metadata.editor) + !System.AddonIsEnabled(script.metadata.editor)">EnableAddon(script.metadata.editor)</onclick>
						<onclick condition="!System.HasAddon(script.metadata.editor)">InstallAddon(script.metadata.editor)</onclick>
						<selected>System.AddonIsEnabled(script.metadata.editor)</selected>
					</control>
					<control type="radiobutton" id="911222">
						<label>script.embuary.helper</label>
						<label2>$INFO[System.AddonVersion(script.embuary.helper)]             </label2>
						<onclick condition="System.AddonIsEnabled(script.embuary.helper)">Addon.OpenSettings(script.embuary.helper)</onclick>
						<onclick condition="System.HasAddon(script.embuary.helper) + !System.AddonIsEnabled(script.embuary.helper)">EnableAddon(script.embuary.helper)</onclick>
						<onclick condition="!System.HasAddon(script.embuary.helper)">InstallAddon(script.embuary.helper)</onclick>
						<selected>System.AddonIsEnabled(script.embuary.helper)</selected>
					</control>
					<control type="radiobutton" id="911223">
						<label>script.embuary.info</label>
						<label2>$INFO[System.AddonVersion(script.embuary.info)]             </label2>
						<onclick condition="System.AddonIsEnabled(script.embuary.info)">Addon.OpenSettings(script.embuary.info)</onclick>
						<onclick condition="System.HasAddon(script.embuary.info) + !System.AddonIsEnabled(script.embuary.info)">EnableAddon(script.embuary.info)</onclick>
						<onclick condition="!System.HasAddon(script.embuary.info)">InstallAddon(script.embuary.info)</onclick>
						<selected>System.AddonIsEnabled(script.embuary.info)</selected>
					</control>
					<control type="radiobutton" id="911224">
						<label>plugin.video.themoviedb.helper</label>
						<label2>$INFO[System.AddonVersion(plugin.video.themoviedb.helper)]             </label2>
						<onclick condition="System.AddonIsEnabled(plugin.video.themoviedb.helper)">Addon.OpenSettings(plugin.video.themoviedb.helper)</onclick>
						<onclick condition="System.HasAddon(plugin.video.themoviedb.helper) + !System.AddonIsEnabled(plugin.video.themoviedb.helper)">EnableAddon(plugin.video.themoviedb.helper)</onclick>
						<onclick condition="!System.HasAddon(plugin.video.themoviedb.helper)">InstallAddon(plugin.video.themoviedb.helper)</onclick>
						<selected>System.AddonIsEnabled(plugin.video.themoviedb.helper)</selected>
					</control>
					<control type="radiobutton" id="911225">
						<label>script.skinvariables</label>
						<label2>$INFO[System.AddonVersion(script.skinvariables)]             </label2>
						<onclick condition="System.HasAddon(script.skinvariables) + !System.AddonIsEnabled(script.skinvariables)">EnableAddon(script.skinvariables)</onclick>
						<onclick condition="!System.HasAddon(script.skinvariables)">InstallAddon(script.skinvariables)</onclick>
						<selected>System.AddonIsEnabled(script.skinvariables)</selected>
					</control>
					<control type="radiobutton" id="911226">
						<label>script.playrandomvideos</label>
						<label2>$INFO[System.AddonVersion(script.playrandomvideos)]             </label2>
						<onclick condition="System.AddonIsEnabled(script.playrandomvideos)">Addon.OpenSettings(script.playrandomvideos)</onclick>
						<onclick condition="System.HasAddon(script.playrandomvideos) + !System.AddonIsEnabled(script.playrandomvideos)">EnableAddon(script.playrandomvideos)</onclick>
						<onclick condition="!System.HasAddon(script.playrandomvideos)">InstallAddon(script.playrandomvideos)</onclick>
						<selected>System.AddonIsEnabled(script.playrandomvideos)</selected>
					</control>
					<control type="radiobutton" id="91126">
						<label>script.tv.show.next.aired</label>
						<label2>$INFO[System.AddonVersion(script.tv.show.next.aired)]             </label2>
						<onclick condition="System.AddonIsEnabled(script.tv.show.next.aired)">Addon.OpenSettings(script.tv.show.next.aired)</onclick>
						<onclick condition="System.HasAddon(script.tv.show.next.aired) + !System.AddonIsEnabled(script.tv.show.next.aired)">EnableAddon(script.tv.show.next.aired)</onclick>
						<onclick condition="!System.HasAddon(script.tv.show.next.aired)">InstallAddon(script.tv.show.next.aired)</onclick>
						<selected>System.AddonIsEnabled(script.tv.show.next.aired)</selected>
					</control>
					<control type="radiobutton" id="91128">
						<label>script.skin.helper.widgets</label>
						<label2>$INFO[System.AddonVersion(script.skin.helper.widgets)]             </label2>
						<onclick condition="System.AddonIsEnabled(service.skin.widgets)">Addon.OpenSettings(script.skin.helper.widgets)</onclick>
						<onclick condition="System.HasAddon(script.skin.helper.widgets) + !System.AddonIsEnabled(script.skin.helper.widgets)">EnableAddon(script.skin.helper.widgets)</onclick>
						<onclick condition="!System.HasAddon(service.skin.widgets)">InstallAddon(script.skin.helper.widgets)</onclick>
						<selected>System.AddonIsEnabled(script.skin.helper.widgets)</selected>
					</control>
					<control type="radiobutton" id="911228">
						<label>script.skin.helper.skinbackup</label>
						<label2>$INFO[System.AddonVersion(script.skin.helper.skinbackup)]            </label2>
						<onclick condition="System.AddonIsEnabled(script.skin.helper.skinbackup)">Addon.OpenSettings(script.skin.helper.skinbackup)</onclick>
						<onclick condition="System.HasAddon(script.skin.helper.skinbackup) + !System.AddonIsEnabled(script.skin.helper.skinbackup)">EnableAddon(script.skin.helper.skinbackup)</onclick>
						<onclick condition="!System.HasAddon(script.skin.helper.skinbackup)">InstallAddon(script.skin.helper.skinbackup)</onclick>
						<selected>System.AddonIsEnabled(script.skin.helper.skinbackup)</selected>
					</control>
				</control>
			</control>
		</control>
		<control type="scrollbar" id="500">
			<left>1845</left>
			<top>100</top>
			<width>36</width>
			<height>900</height>
			<texturesliderbackground />
			<texturesliderbar />
			<texturesliderbarfocus />
			<textureslidernib border="18">OSD/ScrollbarNibNF.png</textureslidernib>
			<textureslidernibfocus border="18" colordiffuse="$VAR[HighlightColor]">OSD/ScrollbarNibFO.png</textureslidernibfocus>
			<orientation>vertical</orientation>
			<onleft>9100</onleft>
		</control>
		<control type="group" description="Holiday theme">
			<visible>Skin.HasSetting(holiday)</visible>
			<include>Holiday</include>
		</control>
	</controls>
</window>