<?xml version="1.0" encoding="UTF-8"?>
<window>
	<defaultcontrol always="true">9001</defaultcontrol>
	<include>OpenClose</include>
	<controls>
		<include>DimBG</include>
		<control type="image">
			<posx>295</posx>
			<posy>240</posy>
			<width>1292</width>
			<height>475</height>
			<texture>dialogs/SmartplaylistRule.png</texture>
			<colordiffuse>$VAR[DialogBGColor]</colordiffuse>
		</control>
		<control type="group">
			<posx>310</posx>
			<posy>270</posy>
			<control type="label" description="Rule match label">
				<posy>40</posy>
				<width>1010</width>
				<align>center</align>
				<textcolor>$VAR[HighlightColor]</textcolor>
				<label>$LOCALIZE[21422]</label>
			</control>
			<control type="group" id="9001">
				<posy>60</posy>
				<control type="button" id="15" description="Rule Field">
					<posy>90</posy>
					<width>1010</width>
					<textoffsetx>30</textoffsetx>
					<onright>9000</onright>
					<onup>17</onup>
					<ondown>16</ondown>
					<align>left</align>
					<texturenofocus border="3">buttons/ButtonNF.png</texturenofocus>
				</control>
				<control type="button" id="16" description="Rule operator">
					<posy>150</posy>
					<width>1010</width>
					<textoffsetx>30</textoffsetx>
					<onright>9000</onright>
					<onup>15</onup>
					<ondown>17</ondown>
					<texturenofocus border="3">buttons/ButtonNF.png</texturenofocus>
				</control>
				<control type="edit" id="17" description="Value Button">
					<posy>210</posy>
					<width>1010</width>
					<hinttext>21420</hinttext>
					<textoffsetx>30</textoffsetx>
					<onup>16</onup>
					<onright>9000</onright>
					<texturenofocus border="3">buttons/ButtonNF.png</texturenofocus>
				</control>
			</control>
			<control type="grouplist" id="9000">
				<posx>1010</posx>
				<posy>200</posy>
				<control type="button" id="19" description="Cancel">
					<posy>210</posy>
					<width>231</width>
					<label>$LOCALIZE[222]</label>
					<onleft>9001</onleft>
					<texturenofocus border="3">buttons/ButtonNF.png</texturenofocus>
				</control>
				<control type="button" id="20" description="Browse">
					<posy>270</posy>
					<width>231</width>
					<label>$LOCALIZE[1024]</label>
					<onleft>9001</onleft>
					<texturenofocus border="3">buttons/ButtonNF.png</texturenofocus>
				</control>
				<control type="button" id="18" description="OK">
					<posy>330</posy>
					<width>231</width>
					<label>$LOCALIZE[186]</label>
					<onleft>9001</onleft>
					<texturenofocus border="3">buttons/ButtonNF.png</texturenofocus>
				</control>
			</control>
		</control>
	</controls>
</window>