<?xml version="1.0" encoding="UTF-8"?>
<window>
	<defaultcontrol always="true">9002</defaultcontrol>
	<include>OpenClose</include>
	<controls>
		<include>DimBG</include>
		<control type="group">
			<control type="image">
				<posx>36</posx>
				<posy>35</posy>
				<width>1849</width>
				<height>1010</height>
				<texture flipx="true">dialogs/SettingsBG.png</texture>
				<colordiffuse>$VAR[DialogBGColor]</colordiffuse>
			</control>
			<control type="label" id="2" description="Header label">
				<posx>65</posx>
				<posy>90</posy>
				<width>1402</width>
				<label />
				<align>center</align>
				<aligny>center</aligny>
				<textcolor>$VAR[HighlightColor]</textcolor>
				<visible>!Container(9000).Hasfocus(5)</visible>
			</control>
			<control type="grouplist" id="9001" description="Add remove edit">
				<posx>1533</posx>
				<posy>400</posy>
				<width>324</width>
				<height>240</height>
				<onleft>9000</onleft>
				<onright>60</onright>
				<onup>noop</onup>
				<ondown>9002</ondown>
				<scrolltime>200</scrolltime>
				<control type="button" id="13">
					<width>330</width>
					<height>60</height>
					<label>$LOCALIZE[15019]</label>
					<texturenofocus border="3">buttons/ButtonNF.png</texturenofocus>
				</control>
				<control type="button" id="14">
					<width>330</width>
					<height>60</height>
					<label>$LOCALIZE[1210]</label>
					<texturenofocus border="3">buttons/ButtonNF.png</texturenofocus>
				</control>
				<control type="button" id="15">
					<width>330</width>
					<height>60</height>
					<label>$LOCALIZE[21435]</label>
					<texturenofocus border="3">buttons/ButtonNF.png</texturenofocus>
				</control>
			</control>
			<control type="grouplist" id="9002" description="Ok cancel">
				<posx>1533</posx>
				<posy>840</posy>
				<width>324</width>
				<height>240</height>
				<onleft>9000</onleft>
				<onright>60</onright>
				<onup>9001</onup>
				<ondown>noop</ondown>
				<scrolltime>200</scrolltime>
				<control type="button" id="20">
					<width>330</width>
					<height>60</height>
					<label>$LOCALIZE[186]</label>
					<texturenofocus border="3">buttons/ButtonNF.png</texturenofocus>
				</control>
				<control type="button" id="21">
					<width>330</width>
					<height>60</height>
					<label>$LOCALIZE[222]</label>
					<texturenofocus border="3">buttons/ButtonNF.png</texturenofocus>
				</control>
			</control>
			<control type="group" id="9000">
				<posx>65</posx>
				<control type="button" id="22" description="Set Playlist type">
					<posy>180</posy>
					<width>1467</width>
					<label>$LOCALIZE[467]</label>
					<textoffsetx>30</textoffsetx>
					<onright>9002</onright>
					<onup>19</onup>
					<ondown>12</ondown>
					<texturenofocus border="3">buttons/ButtonNF.png</texturenofocus>
				</control>
				<control type="button" id="12" description="Name Button">
					<posy>240</posy>
					<width>1467</width>
					<textoffsetx>30</textoffsetx>
					<onleft>9002</onleft>
					<onright>9002</onright>
					<onup>22</onup>
					<ondown>10</ondown>
					<label>$LOCALIZE[21433]</label>
					<texturenofocus border="3">buttons/ButtonNF.png</texturenofocus>
				</control>
				<control type="label">
					<posy>306</posy>
					<width>1467</width>
					<label>$LOCALIZE[21434]</label>
					<textoffsetx>30</textoffsetx>
					<align>center</align>
				</control>
				<control type="image">
					<posx>19</posx>
					<posy>380</posy>
					<width>1422</width>
					<height>200</height>
					<texture border="15">dialogs/AddSourceTopFrame.png</texture>
				</control>
				<control type="panel" id="10" description="Rules List">
					<posx>30</posx>
					<posy>390</posy>
					<width>1400</width>
					<height>179</height>
					<onup>12</onup>
					<onleft>noop</onleft>
					<onright>9001</onright>
					<ondown>16</ondown>
					<itemlayout width="1400" height="60">
						<control type="image">
							<width>1400</width>
							<height>60</height>
							<texture border="3">list/ListNF.png</texture>
						</control>
						<control type="label">
							<posx>30</posx>
							<width>1400</width>
							<height>60</height>
							<textoffsetx>30</textoffsetx>
							<info>ListItem.Label</info>
						</control>
					</itemlayout>
					<focusedlayout width="1400" height="60">
						<control type="image">
							<width>1400</width>
							<height>60</height>
							<texture border="4" colordiffuse="$VAR[HighlightColor]">img/WhiteRoundedST2.png</texture>
						</control>
						<control type="label">
							<posx>30</posx>
							<width>1400</width>
							<height>60</height>
							<textoffsetx>30</textoffsetx>
							<aligny>center</aligny>
							<info>ListItem.Label</info>
							<textcolor>$VAR[FocusedTextColor]</textcolor>
							<shadowcolor />
						</control>
					</focusedlayout>
				</control>
				<control type="button" id="16" description="Items must match">
					<posy>600</posy>
					<width>1467</width>
					<label>$LOCALIZE[21424]</label>
					<textoffsetx>30</textoffsetx>
					<onleft>9002</onleft>
					<onright>9002</onright>
					<onup>10</onup>
					<ondown>17</ondown>
					<texturenofocus border="3">buttons/ButtonNF.png</texturenofocus>
				</control>
				<control type="button" id="17" description="Limit to">
					<posy>660</posy>
					<width>1467</width>
					<label>$LOCALIZE[21427]</label>
					<textoffsetx>30</textoffsetx>
					<onleft>9002</onleft>
					<onright>9002</onright>
					<onup>16</onup>
					<ondown>18</ondown>
					<texturenofocus border="3">buttons/ButtonNF.png</texturenofocus>
				</control>
				<control type="button" id="18" description="Order by">
					<posy>720</posy>
					<width>1467</width>
					<label>$LOCALIZE[21429]</label>
					<textoffsetx>30</textoffsetx>
					<onleft>9002</onleft>
					<onright>9002</onright>
					<onup>17</onup>
					<ondown>23</ondown>
					<texturenofocus border="3">buttons/ButtonNF.png</texturenofocus>
				</control>
				<control type="button" id="23" description="Group by">
					<posy>780</posy>
					<width>1467</width>
					<label>$LOCALIZE[21458]</label>
					<textoffsetx>30</textoffsetx>
					<onleft>9002</onleft>
					<onright>9002</onright>
					<onup>18</onup>
					<ondown>19</ondown>
					<texturenofocus border="3">buttons/ButtonNF.png</texturenofocus>
				</control>
				<control type="radiobutton" id="24" description="Mixed">
					<posy>840</posy>
					<width>1467</width>
					<height>60</height>
					<label>$LOCALIZE[20395]</label>
					<textoffsetx>30</textoffsetx>
					<onleft>9002</onleft>
					<onright>9002</onright>
					<onup>23</onup>
					<ondown>19</ondown>
				</control>
				<control type="togglebutton" id="19" description="Ascending descending">
					<posy>900</posy>
					<width>1467</width>
					<height>60</height>
					<label>$LOCALIZE[21429]:  $LOCALIZE[21431]</label>
					<altlabel>$LOCALIZE[21429]:  $LOCALIZE[21430]</altlabel>
					<textoffsetx>30</textoffsetx>
					<onleft>9002</onleft>
					<onright>9002</onright>
					<onup>24</onup>
					<ondown>22</ondown>
				</control>
			</control>
		</control>
	</controls>
</window>