<?xml version="1.0" encoding="UTF-8"?>
<includes>
	<include name="View_55_BigPanel">
		<control type="group" description="Content">
			<include content="PVRBackground">
				<param name="viewid">55</param>
			</include>

			<include content="BackgroundOverlay">
				<param name="parentid" value="55" />
			</include>
			<visible>Control.IsVisible(55)</visible>
			<include>ContentFade</include>

			<control type="panel" id="55" description="Big Panel">
				<viewtype label="$LOCALIZE[31958]">list</viewtype>
				<left>945</left>
				<top>60</top>
				<width>930</width>
				<include condition="!Skin.HasSetting(Enable.TouchSupport)">BigPanelHeightStandard</include>
				<include condition="Skin.HasSetting(Enable.TouchSupport)">BigPanelHeightTouch</include>
				<orientation>vertical</orientation>
				<onleft condition="!Skin.HasSetting(KioskMode.Enabled)">9000</onleft>
				<onleft condition="!Skin.HasSetting(KioskMode.Enabled)">SetProperty(MediaMenu,true,Home)</onleft>
				<onleft condition="Skin.HasSetting(KioskMode.Enabled)">noop</onleft>

				<oninfo condition="System.AddonIsEnabled(script.extendedinfo) + Skin.HasSetting(AutoExtendedInfo) + String.IsEqual(ListItem.DBType,movie)">RunScript(script.extendedinfo,info=extendedinfo,dbid=$INFO[ListItem.DBID],id=$INFO[ListItem.UniqueID(tmdb)],imdb_id=$INFO[ListItem.IMDBNumber],name=$INFO[Listitem.Title])</oninfo>
				<oninfo condition="System.AddonIsEnabled(script.extendedinfo) + Skin.HasSetting(AutoExtendedInfo) + String.IsEqual(ListItem.DBType,tvshow)">RunScript(script.extendedinfo,info=extendedtvinfo,dbid=$INFO[ListItem.DBID],id=$INFO[ListItem.UniqueID(tmdb)],tvdb_id=$INFO[ListItem.UniqueID(tvdb)],name=$INFO[Listitem.Title])</oninfo>
				<oninfo condition="System.AddonIsEnabled(script.extendedinfo) + Skin.HasSetting(AutoExtendedInfo) + String.IsEqual(ListItem.DBType,season)">RunScript(script.extendedinfo,info=seasoninfo,tvshow=$INFO[Listitem.TVShowTitle],season=$INFO[ListItem.Season])</oninfo>
				<oninfo condition="System.AddonIsEnabled(script.extendedinfo) + Skin.HasSetting(AutoExtendedInfo) + String.IsEqual(ListItem.DBType,episode)">RunScript(script.extendedinfo,info=extendedepisodeinfo,tvshow=$INFO[Listitem.TVShowTitle],season=$INFO[ListItem.Season],episode=$INFO[ListItem.Episode])</oninfo>
				<onright condition="!Control.IsVisible(615) | [Control.IsVisible(615) + Control.IsVisible(65)]">65</onright>
				<onright condition="Control.IsVisible(615)">615</onright>
				<onup>55</onup>
				<ondown>55</ondown>
				<preloaditems>4</preloaditems>
				<pagecontrol>65</pagecontrol>
				<visible>[$EXP[Exp_View_55] + Skin.HasSetting(Enable.NewViewSelector)] | [!Skin.HasSetting(hide.bigpanelview) + !Skin.HasSetting(Enable.NewViewSelector)]</visible>

				<include content="BannerLayout">
					<param name="viewid">55</param>
				</include>

				<include content="RecordingsLayout">
					<param name="viewid">55</param>
				</include>

				<include content="PosterLayout">
					<param name="viewid">55</param>
				</include>

				<include content="EpisodeLayout">
					<param name="viewid">55</param>
				</include>

				<include content="MusicLayout">
					<param name="viewid">55</param>
				</include>

				<include content="ImageLayout">
					<param name="viewid">55</param>
				</include>

				<include content="AddonLayout">
					<param name="viewid">55</param>
				</include>

				<include content="GenericLayout">
					<param name="viewid">55</param>
				</include>

				<include content="VideoLayout">
					<param name="viewid">55</param>
				</include>
			</control>

			<include content="PanelTemplate">
				<param name="viewid">55</param>
				<param name="top">100</param>
				<param name="height">640</param>
				<param name="width">850</param>
				<param name="groupheight">850</param>
				<param name="plotheight">590</param>
				<param name="heading">$VAR[panelheading]</param>
				<param name="subheading">$VAR[panelsubheading]</param>
				<param name="plot">$VAR[Plots]</param>
				<param name="footer">$VAR[panelfooter]</param>
				<param name="footertop">900</param>
				<param name="visibility">[$EXP[isPVRRecordingsGroups] | $EXP[isPVRTimerRules] | $EXP[isPVRTimer] | Window.IsActive(MYPVRChannels.xml)] + !$EXP[PVRChannelPlaying]</param>
			</include>
			<include content="PanelTemplate">
				<param name="viewid">55</param>
				<param name="top">100</param>
				<param name="height">275</param>
				<param name="width">850</param>
				<param name="groupheight">850</param>
				<param name="plotheight">300</param>
				<param name="heading">$VAR[panelheading]</param>
				<param name="subheading">$VAR[panelsubheading]</param>
				<param name="plot">$VAR[Plots]</param>
				<param name="footer" />
				<param name="footertop">900</param>
				<param name="visibility">[Window.IsActive(MyPVRRecordings.xml) | Window.IsActive(MyPVRTimers.xml) | Window.IsActive(MyPVRSearch.xml) | Window.IsActive(MyPVRChannels.xml)] + $EXP[PVRChannelPlaying]</param>
			</include>

			<include content="PanelTemplate">
				<param name="viewid">55</param>
				<param name="top">100</param>
				<param name="height">640</param>
				<param name="width">850</param>
				<param name="groupheight">850</param>
				<param name="plotheight">590</param>
				<param name="heading">$VAR[panelheading]</param>
				<param name="subheading">$VAR[panelsubheading]</param>
				<param name="subheading2">$VAR[panelsubheading2]</param>
				<param name="subheading2_visible">[Container.content(movies) | Container.content(episodes)] + [Skin.HasSetting(ShowAudioSub) + ![String.IsEmpty(ListItem.Property(AudioLanguage.1)) + String.IsEmpty(ListItem.Property(SubtitleLanguage.1))]]</param>
				<param name="plot">$VAR[Plots]</param>
				<param name="footer">$VAR[panelfooter]</param>
				<param name="footertop">900</param>
				<param name="flagitemwidth">102</param>
				<param name="flagitemheight">70</param>
				<param name="visibility">![$EXP[isPVRRecordingsGroups] | $EXP[isPVRTimerRules] | $EXP[isPVRTimer] | $EXP[PVRChannelPlaying]] + ![Container.Content(artists) | Container.Content(albums) | Container.Content(images) | Container.Content(sets) | Container.Content(tvshows) | Container.Content(seasons)]</param>
			</include>
			<include content="PanelTemplate">
				<param name="viewid">55</param>
				<param name="top">100</param>
				<param name="height">640</param>
				<param name="width">850</param>
				<param name="groupheight">850</param>
				<param name="plotheight">550</param>
				<param name="heading">$VAR[panelheading]</param>
				<param name="subheading">$VAR[panelsubheading]</param>
				<param name="subheading2">$VAR[panelsubheading2]</param>
				<param name="subheading2_visible">!String.IsEmpty(Window(Home).Property(TMDbHelper.ListItem.Next_Aired))</param>
				<param name="plot">$VAR[Plots]</param>
				<param name="footer">$VAR[panelfooter]</param>
				<param name="visibility">[Container.Content(tvshows) | Container.Content(seasons)]</param>
			</include>
			<include content="PanelTemplate">
				<param name="viewid">55</param>
				<param name="top">100</param>
				<param name="height">640</param>
				<param name="width">850</param>
				<param name="groupheight">850</param>
				<param name="plotheight">550</param>
				<param name="heading">$VAR[panelheading]</param>
				<param name="subheading">$VAR[panelsubheading]</param>
				<param name="footer">$VAR[panelfooter]</param>
				<param name="visibility">Container.Content(sets)</param>
			</include>
			<include content="PanelTemplate">
				<param name="viewid">55</param>
				<param name="top">100</param>
				<param name="height">760</param>
				<param name="width">850</param>
				<param name="groupheight">850</param>
				<param name="plotheight">550</param>
				<param name="heading">$VAR[panelheading]</param>
				<param name="subheading">$VAR[panelsubheading]</param>
				<param name="plot">$VAR[Plots]</param>
				<param name="footer" />
				<param name="visibility">Container.Content(images)</param>
			</include>
			<include content="PanelTemplate">
				<param name="viewid">55</param>
				<param name="top">100</param>
				<param name="height">710</param>
				<param name="width">850</param>
				<param name="groupheight">870</param>
				<param name="plotheight">550</param>
				<param name="heading">$VAR[panelheading]</param>
				<param name="subheading">$VAR[panelsubheading]</param>
				<param name="plot">$VAR[Plots]</param>
				<param name="footer" />
				<param name="footer">$VAR[panelfooter]</param>
				<param name="visibility">Container.Content(artists)</param>
			</include>
			<include content="PanelTemplate">
				<param name="viewid">55</param>
				<param name="top">100</param>
				<param name="height">635</param>
				<param name="width">850</param>
				<param name="groupheight">850</param>
				<param name="plotheight">550</param>
				<param name="heading">$VAR[panelheading]</param>
				<param name="subheading">$VAR[panelsubheading]</param>
				<param name="plot">$VAR[Plots]</param>
				<param name="footer">$VAR[panelfooter]</param>
				<param name="visibility">Container.Content(albums)</param>
			</include>

			<control type="scrollbar" id="65">
				<animation effect="slide" start="0,0" end="-8,0" time="150">Focus</animation>
				<animation effect="slide" start="-8,0" end="0,0" time="300">UnFocus</animation>
				<posx>20r</posx>
				<top>60</top>
				<width>36</width>
				<height>990</height>
				<texturesliderbackground />
				<texturesliderbar />
				<texturesliderbarfocus />
				<textureslidernib border="18">OSD/ScrollbarNibNF.png</textureslidernib>
				<textureslidernibfocus border="18" colordiffuse="$VAR[HighlightColor]">OSD/ScrollbarNibFO.png</textureslidernibfocus>
				<showonepage>false</showonepage>
				<orientation>vertical</orientation>
				<onleft>55</onleft>
				<onright>55</onright>
				<visible>!Skin.HasSetting(Show.JumpToLetter) | ![String.IsEqual(Container.SortMethod,$LOCALIZE[551]) | String.IsEqual(Container.SortMethod,$LOCALIZE[556]) | String.IsEqual(Container.SortMethod,$LOCALIZE[561]) | String.IsEqual(Container.SortMethod,$LOCALIZE[558]) | String.IsEqual(Container.SortMethod,$LOCALIZE[557])]</visible>
			</control>

			<control type="button" id="65">
				<visible>Control.IsVisible(55)</visible>
				<visible>Skin.HasSetting(Show.JumpToLetter) + !Skin.HasSetting(Show.EHJumpToLetter) + [String.IsEqual(Container.SortMethod,$LOCALIZE[551]) | String.IsEqual(Container.SortMethod,$LOCALIZE[556]) | String.IsEqual(Container.SortMethod,$LOCALIZE[561]) | String.IsEqual(Container.SortMethod,$LOCALIZE[558]) | String.IsEqual(Container.SortMethod,$LOCALIZE[557])]</visible>
				<font />
				<texturefocus />
				<texturenofocus />
				<width>40</width>
				<onleft>55</onleft>
				<posx>50r</posx>
				<posy>75</posy>
				<height>990</height>
				<ondown>SetFocus(55)</ondown>
				<ondown>Action(nextletter)</ondown>
				<ondown condition="!Container.HasNext | String.IsEqual(ListItem.SortLetter,Z)">Action(jumpsms2)</ondown>
				<ondown condition="!Container.HasNext | String.IsEqual(ListItem.SortLetter,Z)">Action(prevletter)</ondown>
				<ondown condition="!Container.HasNext | String.IsEqual(ListItem.SortLetter,Z)">Action(prevletter)</ondown>
				<ondown condition="!Container.HasNext | String.IsEqual(ListItem.SortLetter,Z)">Action(prevletter)</ondown>
				<ondown>SetFocus(65)</ondown>
				<onup>SetFocus(55)</onup>
				<onup>Action(prevletter)</onup>
				<onup condition="!Container.HasPrevious | $EXP[Exp_SortLetterIsNumber]">Action(jumpsms9)</onup>
				<onup condition="!Container.HasPrevious | $EXP[Exp_SortLetterIsNumber]">Action(nextletter)</onup>
				<onup condition="!Container.HasPrevious | $EXP[Exp_SortLetterIsNumber]">Action(nextletter)</onup>
				<onup condition="!Container.HasPrevious | $EXP[Exp_SortLetterIsNumber]">Action(nextletter)</onup>
				<onup>SetFocus(65)</onup>
			</control>

			<control type="grouplist" id="65551">
				<posx>36r</posx>
				<posy>75</posy>
				<height>990</height>
				<width>42</width>
				<itemgap>0</itemgap>
				<orientation>vertical</orientation>
				<animation effect="fade" start="100" end="0" time="400" condition="!Control.HasFocus(65) + !Container.Scrolling">Conditional</animation>
				<include>AlphabetNumber</include>
				<include content="AlphabetLetter">
					<param name="label" value="A" />
				</include>
				<include content="AlphabetLetter">
					<param name="label" value="B" />
				</include>
				<include content="AlphabetLetter">
					<param name="label" value="C" />
				</include>
				<include content="AlphabetLetter">
					<param name="label" value="D" />
				</include>
				<include content="AlphabetLetter">
					<param name="label" value="E" />
				</include>
				<include content="AlphabetLetter">
					<param name="label" value="F" />
				</include>
				<include content="AlphabetLetter">
					<param name="label" value="G" />
				</include>
				<include content="AlphabetLetter">
					<param name="label" value="H" />
				</include>
				<include content="AlphabetLetter">
					<param name="label" value="I" />
				</include>
				<include content="AlphabetLetter">
					<param name="label" value="J" />
				</include>
				<include content="AlphabetLetter">
					<param name="label" value="K" />
				</include>
				<include content="AlphabetLetter">
					<param name="label" value="L" />
				</include>
				<include content="AlphabetLetter">
					<param name="label" value="M" />
				</include>
				<include content="AlphabetLetter">
					<param name="label" value="N" />
				</include>
				<include content="AlphabetLetter">
					<param name="label" value="O" />
				</include>
				<include content="AlphabetLetter">
					<param name="label" value="P" />
				</include>
				<include content="AlphabetLetter">
					<param name="label" value="Q" />
				</include>
				<include content="AlphabetLetter">
					<param name="label" value="R" />
				</include>
				<include content="AlphabetLetter">
					<param name="label" value="S" />
				</include>
				<include content="AlphabetLetter">
					<param name="label" value="T" />
				</include>
				<include content="AlphabetLetter">
					<param name="label" value="U" />
				</include>
				<include content="AlphabetLetter">
					<param name="label" value="V" />
				</include>
				<animation effect="fade" start="100" end="0" condition="[String.IsEqual(ListItem.SortLetter,O) | String.IsEqual(ListItem.SortLetter,P) | String.IsEqual(ListItem.SortLetter,Q) | String.IsEqual(ListItem.SortLetter,R) | String.IsEqual(ListItem.SortLetter,S) | String.IsEqual(ListItem.SortLetter,T) | String.IsEqual(ListItem.SortLetter,U) | String.IsEqual(ListItem.SortLetter,V) | String.IsEqual(ListItem.SortLetter,W) | String.IsEqual(ListItem.SortLetter,X) | String.IsEqual(ListItem.SortLetter,Y) | String.IsEqual(ListItem.SortLetter,Z)]">Conditional</animation>
				<visible>Control.IsVisible(55)</visible>
				<visible>Skin.HasSetting(Show.JumpToLetter) + !Skin.HasSetting(Show.EHJumpToLetter) + [String.IsEqual(Container.SortMethod,$LOCALIZE[551]) | String.IsEqual(Container.SortMethod,$LOCALIZE[556]) | String.IsEqual(Container.SortMethod,$LOCALIZE[561]) | String.IsEqual(Container.SortMethod,$LOCALIZE[558]) | String.IsEqual(Container.SortMethod,$LOCALIZE[557])]</visible>
			</control>

			<control type="grouplist" id="65552">
				<posx>36r</posx>
				<posy>75</posy>
				<height>990</height>
				<width>42</width>
				<itemgap>0</itemgap>
				<orientation>vertical</orientation>
				<animation effect="fade" start="100" end="0" time="400" condition="!Control.HasFocus(65) + !Container.Scrolling">Conditional</animation>
				<include content="AlphabetLetter">
					<param name="label" value="D" />
				</include>
				<include content="AlphabetLetter">
					<param name="label" value="E" />
				</include>
				<include content="AlphabetLetter">
					<param name="label" value="F" />
				</include>
				<include content="AlphabetLetter">
					<param name="label" value="G" />
				</include>
				<include content="AlphabetLetter">
					<param name="label" value="H" />
				</include>
				<include content="AlphabetLetter">
					<param name="label" value="I" />
				</include>
				<include content="AlphabetLetter">
					<param name="label" value="J" />
				</include>
				<include content="AlphabetLetter">
					<param name="label" value="K" />
				</include>
				<include content="AlphabetLetter">
					<param name="label" value="L" />
				</include>
				<include content="AlphabetLetter">
					<param name="label" value="M" />
				</include>
				<include content="AlphabetLetter">
					<param name="label" value="N" />
				</include>
				<include content="AlphabetLetter">
					<param name="label" value="O" />
				</include>
				<include content="AlphabetLetter">
					<param name="label" value="P" />
				</include>
				<include content="AlphabetLetter">
					<param name="label" value="Q" />
				</include>
				<include content="AlphabetLetter">
					<param name="label" value="R" />
				</include>
				<include content="AlphabetLetter">
					<param name="label" value="S" />
				</include>
				<include content="AlphabetLetter">
					<param name="label" value="T" />
				</include>
				<include content="AlphabetLetter">
					<param name="label" value="U" />
				</include>
				<include content="AlphabetLetter">
					<param name="label" value="V" />
				</include>
				<include content="AlphabetLetter">
					<param name="label" value="W" />
				</include>
				<include content="AlphabetLetter">
					<param name="label" value="X" />
				</include>
				<include content="AlphabetLetter">
					<param name="label" value="Y" />
				</include>
				<include content="AlphabetLetter">
					<param name="label" value="Z" />
				</include>
				<animation effect="fade" start="100" end="0" condition="![String.IsEqual(ListItem.SortLetter,O) | String.IsEqual(ListItem.SortLetter,P) | String.IsEqual(ListItem.SortLetter,Q) | String.IsEqual(ListItem.SortLetter,R) | String.IsEqual(ListItem.SortLetter,S) | String.IsEqual(ListItem.SortLetter,T) | String.IsEqual(ListItem.SortLetter,U) | String.IsEqual(ListItem.SortLetter,V) | String.IsEqual(ListItem.SortLetter,W) | String.IsEqual(ListItem.SortLetter,X) | String.IsEqual(ListItem.SortLetter,Y) | String.IsEqual(ListItem.SortLetter,Z)]">Conditional</animation>
				<visible>Control.IsVisible(55)</visible>
				<visible>Skin.HasSetting(Show.JumpToLetter) + !Skin.HasSetting(Show.EHJumpToLetter) + [String.IsEqual(Container.SortMethod,$LOCALIZE[551]) | String.IsEqual(Container.SortMethod,$LOCALIZE[556]) | String.IsEqual(Container.SortMethod,$LOCALIZE[561]) | String.IsEqual(Container.SortMethod,$LOCALIZE[558]) | String.IsEqual(Container.SortMethod,$LOCALIZE[557])]</visible>
			</control>

			<include content="PVRRecordingSpaceUsage">
				<param name="posx">60</param>
				<param name="posy">1015</param>
				<param name="width">850</param>
			</include>

			<include content="PVRChannelProgress">
				<param name="posx">60</param>
				<param name="posy">1015</param>
				<param name="width">850</param>
			</include>

			<control type="group">
				<visible>$EXP[PVRChannelPlaying]</visible>
				<left>30</left>
				<top>540</top>
				<control type="videowindow">
					<width>900</width>
					<height>450</height>
				</control>
			</control>

			<include condition="Skin.HasSetting(Enable.TouchSupport)" content="TouchButtons">
				<param name="ButtonsTop">990</param>
				<param name="id">55</param>
			</include>
		</control>
	</include>
</includes>