<?xml version="1.0" encoding="UTF-8"?>
<includes>
	<include name="View_53_Icons">
		<control type="group" description="Grid view">
			<include content="PVRBackground">
				<param name="viewid">53</param>
			</include>

			<include content="BackgroundOverlay">
				<param name="parentid" value="53" />
			</include>
			<visible>Control.IsVisible(53)</visible>
			<include>ContentFade</include>
			<control type="panel" id="53" description="Grid">
				<viewtype label="$LOCALIZE[536]">list</viewtype>
				<posx>20</posx>
				<posy>60</posy>
				<width>1860</width>
				<height>903</height>
				<orientation>vertical</orientation>
				<onleft condition="!Skin.HasSetting(KioskMode.Enabled)">9000</onleft>
				<onleft condition="!Skin.HasSetting(KioskMode.Enabled)">SetProperty(MediaMenu,true,Home)</onleft>
				<onleft condition="Skin.HasSetting(KioskMode.Enabled)">noop</onleft>

				<oninfo condition="System.AddonIsEnabled(script.extendedinfo) + Skin.HasSetting(AutoExtendedInfo) + String.IsEqual(ListItem.DBType,movie)">RunScript(script.extendedinfo,info=extendedinfo,dbid=$INFO[ListItem.DBID],id=$INFO[ListItem.UniqueID(tmdb)],imdb_id=$INFO[ListItem.IMDBNumber],name=$INFO[Listitem.Title])</oninfo>
				<oninfo condition="System.AddonIsEnabled(script.extendedinfo) + Skin.HasSetting(AutoExtendedInfo) + String.IsEqual(ListItem.DBType,tvshow)">RunScript(script.extendedinfo,info=extendedtvinfo,dbid=$INFO[ListItem.DBID],id=$INFO[ListItem.UniqueID(tmdb)],tvdb_id=$INFO[ListItem.UniqueID(tvdb)],name=$INFO[Listitem.Title])</oninfo>
				<oninfo condition="System.AddonIsEnabled(script.extendedinfo) + Skin.HasSetting(AutoExtendedInfo) + String.IsEqual(ListItem.DBType,season)">RunScript(script.extendedinfo,info=seasoninfo,tvshow=$INFO[Listitem.TVShowTitle],season=$INFO[ListItem.Season])</oninfo>
				<oninfo condition="System.AddonIsEnabled(script.extendedinfo) + Skin.HasSetting(AutoExtendedInfo) + String.IsEqual(ListItem.DBType,episode)">RunScript(script.extendedinfo,info=extendedepisodeinfo,tvshow=$INFO[Listitem.TVShowTitle],season=$INFO[ListItem.Season],episode=$INFO[ListItem.Episode])</oninfo>
				<onright condition="!Control.IsVisible(615) | [Control.IsVisible(615) + Control.IsVisible(63)]">63</onright>
				<onright condition="Control.IsVisible(615)">615</onright>
				<onup>53</onup>
				<ondown>53</ondown>
				<preloaditems>12</preloaditems>
				<pagecontrol>63</pagecontrol>
				<visible>[$EXP[Exp_View_53] + Skin.HasSetting(Enable.NewViewSelector)] | [!Skin.HasSetting(hide.iconsview) + !Skin.HasSetting(Enable.NewViewSelector)]</visible>

				<include content="BannerLayout">
					<param name="viewid">53</param>
				</include>

				<include content="RecordingsLayout">
					<param name="viewid">53</param>
				</include>

				<include content="PosterLayout">
					<param name="viewid">53</param>
				</include>

				<include content="EpisodeLayout">
					<param name="viewid">53</param>
				</include>

				<include content="MusicLayout">
					<param name="viewid">53</param>
				</include>

				<include content="ImageLayout">
					<param name="viewid">53</param>
				</include>

				<include content="AddonLayout">
					<param name="viewid">53</param>
				</include>

				<include content="GenericLayout">
					<param name="viewid">53</param>
				</include>

				<include content="VideoLayout">
					<param name="viewid">53</param>
				</include>
			</control>
			<control type="image" description="Footer Dim BG">
				<posy>911</posy>
				<width>1920</width>
				<height>207</height>
				<texture>img/GradientNew.png</texture>
			</control>
			<control type="image" description="Footer">
				<posy>911</posy>
				<width>1920</width>
				<height>207</height>
				<texture>OSD/FS_OSDBackground.png</texture>
			</control>

			<include condition="!Skin.HasSetting(Enable.TouchSupport)">FooterInfo</include>

			<include condition="Skin.HasSetting(Enable.TouchSupport)" content="FooterInfo">
				<param name="width">1280</param>
				<param name="left">300</param>
			</include>

			<control type="scrollbar" id="63">
				<animation effect="slide" start="0,0" end="-6,0" time="150">Focus</animation>
				<animation effect="slide" start="-6,0" end="0,0" time="300">UnFocus</animation>
				<posx>20r</posx>
				<posy>60</posy>
				<width>36</width>
				<height>903</height>
				<texturesliderbackground />
				<texturesliderbar />
				<texturesliderbarfocus />
				<textureslidernib border="18">OSD/ScrollbarNibNF.png</textureslidernib>
				<textureslidernibfocus border="18" colordiffuse="$VAR[HighlightColor]">OSD/ScrollbarNibFO.png</textureslidernibfocus>
				<showonepage>false</showonepage>
				<orientation>vertical</orientation>
				<onleft>53</onleft>
				<onright>53</onright>
				<visible>!Skin.HasSetting(Show.JumpToLetter) | ![String.IsEqual(Container.SortMethod,$LOCALIZE[551]) | String.IsEqual(Container.SortMethod,$LOCALIZE[556]) | String.IsEqual(Container.SortMethod,$LOCALIZE[561]) | String.IsEqual(Container.SortMethod,$LOCALIZE[558]) | String.IsEqual(Container.SortMethod,$LOCALIZE[557])]</visible>
			</control>

			<control type="button" id="63">
				<visible>Control.IsVisible(53)</visible>
				<visible>Skin.HasSetting(Show.JumpToLetter) + !Skin.HasSetting(Show.EHJumpToLetter) + [String.IsEqual(Container.SortMethod,$LOCALIZE[551]) | String.IsEqual(Container.SortMethod,$LOCALIZE[556]) | String.IsEqual(Container.SortMethod,$LOCALIZE[561]) | String.IsEqual(Container.SortMethod,$LOCALIZE[558]) | String.IsEqual(Container.SortMethod,$LOCALIZE[557])]</visible>
				<font />
				<texturefocus />
				<texturenofocus />
				<width>40</width>
				<onleft>55</onleft>
				<posx>50r</posx>
				<posy>65</posy>
				<height>903</height>
				<ondown>SetFocus(53)</ondown>
				<ondown>Action(nextletter)</ondown>
				<ondown condition="!Container.HasNext | String.IsEqual(ListItem.SortLetter,Z)">Action(jumpsms2)</ondown>
				<ondown condition="!Container.HasNext | String.IsEqual(ListItem.SortLetter,Z)">Action(prevletter)</ondown>
				<ondown condition="!Container.HasNext | String.IsEqual(ListItem.SortLetter,Z)">Action(prevletter)</ondown>
				<ondown condition="!Container.HasNext | String.IsEqual(ListItem.SortLetter,Z)">Action(prevletter)</ondown>
				<ondown>SetFocus(63)</ondown>
				<onup>SetFocus(53)</onup>
				<onup>Action(prevletter)</onup>
				<onup condition="!Container.HasPrevious | $EXP[Exp_SortLetterIsNumber]">Action(jumpsms9)</onup>
				<onup condition="!Container.HasPrevious | $EXP[Exp_SortLetterIsNumber]">Action(nextletter)</onup>
				<onup condition="!Container.HasPrevious | $EXP[Exp_SortLetterIsNumber]">Action(nextletter)</onup>
				<onup condition="!Container.HasPrevious | $EXP[Exp_SortLetterIsNumber]">Action(nextletter)</onup>
				<onup>SetFocus(63)</onup>
			</control>

			<control type="grouplist" id="63531">
				<posx>36r</posx>
				<posy>65</posy>
				<height>903</height>
				<width>42</width>
				<itemgap>0</itemgap>
				<orientation>vertical</orientation>
				<animation effect="fade" start="100" end="0" time="400" condition="!Control.HasFocus(63) + !Container.Scrolling">Conditional</animation>
				<include>AlphabetNumber</include>
				<include content="AlphabetLetter">
					<param name="label" value="A" />
				</include>
				<include content="AlphabetLetter">
					<param name="label" value="B" />
				</include>
				<include content="AlphabetLetter">
					<param name="label" value="C" />
				</include>
				<include content="AlphabetLetter">
					<param name="label" value="D" />
				</include>
				<include content="AlphabetLetter">
					<param name="label" value="E" />
				</include>
				<include content="AlphabetLetter">
					<param name="label" value="F" />
				</include>
				<include content="AlphabetLetter">
					<param name="label" value="G" />
				</include>
				<include content="AlphabetLetter">
					<param name="label" value="H" />
				</include>
				<include content="AlphabetLetter">
					<param name="label" value="I" />
				</include>
				<include content="AlphabetLetter">
					<param name="label" value="J" />
				</include>
				<include content="AlphabetLetter">
					<param name="label" value="K" />
				</include>
				<include content="AlphabetLetter">
					<param name="label" value="L" />
				</include>
				<include content="AlphabetLetter">
					<param name="label" value="M" />
				</include>
				<include content="AlphabetLetter">
					<param name="label" value="N" />
				</include>
				<include content="AlphabetLetter">
					<param name="label" value="O" />
				</include>
				<include content="AlphabetLetter">
					<param name="label" value="P" />
				</include>
				<include content="AlphabetLetter">
					<param name="label" value="Q" />
				</include>
				<include content="AlphabetLetter">
					<param name="label" value="R" />
				</include>
				<include content="AlphabetLetter">
					<param name="label" value="S" />
				</include>
				<animation effect="fade" start="100" end="0" condition="[String.IsEqual(ListItem.SortLetter,O) | String.IsEqual(ListItem.SortLetter,P) | String.IsEqual(ListItem.SortLetter,Q) | String.IsEqual(ListItem.SortLetter,R) | String.IsEqual(ListItem.SortLetter,S) | String.IsEqual(ListItem.SortLetter,T) | String.IsEqual(ListItem.SortLetter,U) | String.IsEqual(ListItem.SortLetter,V) | String.IsEqual(ListItem.SortLetter,W) | String.IsEqual(ListItem.SortLetter,X) | String.IsEqual(ListItem.SortLetter,Y) | String.IsEqual(ListItem.SortLetter,Z)]">Conditional</animation>
				<visible>Control.IsVisible(53)</visible>
				<visible>Skin.HasSetting(Show.JumpToLetter) + !Skin.HasSetting(Show.EHJumpToLetter) + [String.IsEqual(Container.SortMethod,$LOCALIZE[551]) | String.IsEqual(Container.SortMethod,$LOCALIZE[556]) | String.IsEqual(Container.SortMethod,$LOCALIZE[561]) | String.IsEqual(Container.SortMethod,$LOCALIZE[558]) | String.IsEqual(Container.SortMethod,$LOCALIZE[557])]</visible>
			</control>

			<control type="grouplist" id="63532">
				<posx>36r</posx>
				<posy>65</posy>
				<height>903</height>
				<width>42</width>
				<itemgap>0</itemgap>
				<orientation>vertical</orientation>
				<animation effect="fade" start="100" end="0" time="400" condition="!Control.HasFocus(63) + !Container.Scrolling">Conditional</animation>
				<include content="AlphabetLetter">
					<param name="label" value="G" />
				</include>
				<include content="AlphabetLetter">
					<param name="label" value="H" />
				</include>
				<include content="AlphabetLetter">
					<param name="label" value="I" />
				</include>
				<include content="AlphabetLetter">
					<param name="label" value="J" />
				</include>
				<include content="AlphabetLetter">
					<param name="label" value="K" />
				</include>
				<include content="AlphabetLetter">
					<param name="label" value="L" />
				</include>
				<include content="AlphabetLetter">
					<param name="label" value="M" />
				</include>
				<include content="AlphabetLetter">
					<param name="label" value="N" />
				</include>
				<include content="AlphabetLetter">
					<param name="label" value="O" />
				</include>
				<include content="AlphabetLetter">
					<param name="label" value="P" />
				</include>
				<include content="AlphabetLetter">
					<param name="label" value="Q" />
				</include>
				<include content="AlphabetLetter">
					<param name="label" value="R" />
				</include>
				<include content="AlphabetLetter">
					<param name="label" value="S" />
				</include>
				<include content="AlphabetLetter">
					<param name="label" value="T" />
				</include>
				<include content="AlphabetLetter">
					<param name="label" value="U" />
				</include>
				<include content="AlphabetLetter">
					<param name="label" value="V" />
				</include>
				<include content="AlphabetLetter">
					<param name="label" value="W" />
				</include>
				<include content="AlphabetLetter">
					<param name="label" value="X" />
				</include>
				<include content="AlphabetLetter">
					<param name="label" value="Y" />
				</include>
				<include content="AlphabetLetter">
					<param name="label" value="Z" />
				</include>
				<animation effect="fade" start="100" end="0" condition="![String.IsEqual(ListItem.SortLetter,O) | String.IsEqual(ListItem.SortLetter,P) | String.IsEqual(ListItem.SortLetter,Q) | String.IsEqual(ListItem.SortLetter,R) | String.IsEqual(ListItem.SortLetter,S) | String.IsEqual(ListItem.SortLetter,T) | String.IsEqual(ListItem.SortLetter,U) | String.IsEqual(ListItem.SortLetter,V) | String.IsEqual(ListItem.SortLetter,W) | String.IsEqual(ListItem.SortLetter,X) | String.IsEqual(ListItem.SortLetter,Y) | String.IsEqual(ListItem.SortLetter,Z)]">Conditional</animation>
				<visible>Control.IsVisible(53)</visible>
				<visible>Skin.HasSetting(Show.JumpToLetter) + !Skin.HasSetting(Show.EHJumpToLetter) + [String.IsEqual(Container.SortMethod,$LOCALIZE[551]) | String.IsEqual(Container.SortMethod,$LOCALIZE[556]) | String.IsEqual(Container.SortMethod,$LOCALIZE[561]) | String.IsEqual(Container.SortMethod,$LOCALIZE[558]) | String.IsEqual(Container.SortMethod,$LOCALIZE[557])]</visible>
			</control>

			<include content="PVRRecordingSpaceUsage">
				<param name="posx">35</param>
				<param name="posy">990</param>
				<param name="width">385</param>
			</include>

			<include content="PVRChannelProgress">
				<param name="posx">35</param>
				<param name="posy">990</param>
				<param name="width">385</param>
			</include>

			<include condition="Skin.HasSetting(Enable.TouchSupport)" content="TouchButtons">
				<param name="ButtonsTop">935</param>
				<param name="id">53</param>
				<param name="left">1535</param>
			</include>
		</control>
	</include>
</includes>