<?xml version="1.0" encoding="UTF-8" standalone="yes"?>
<addon id="repository.slyguy" name="SlyGuy Repository" provider-name="SlyGuy" version="0.0.9">
  <extension point="xbmc.addon.repository" name="SlyGuy Repository">
    <dir>
      <info compressed="false">https://slyguy.uk/.repo/repository.slyguy/addons.xml</info>
      <checksum>https://slyguy.uk/.repo/repository.slyguy/addons.xml.md5</checksum>
      <datadir zip="true">https://slyguy.uk/.repo/repository.slyguy/</datadir>
    </dir>
  </extension>
  <extension point="xbmc.addon.metadata">
    <platform>all</platform>
    <description lang="en">Addons by SlyGuy (slyguy.uk)</description>
    <description lang="pl">Dodatki SlyGuy (slyguy.uk)</description>
    <license></license>
    <language></language>
    <website></website>
    <news></news>
    <assets>
      <icon>icon.png</icon>
    </assets>
  </extension>
</addon>
