<?xml version="1.0" encoding="UTF-8"?>
<addon id="skin.blue.amber" version="3.50.01" name="Amber Blue" provider-name="bsoriano, Jester, Joethepartylion, Pecinko">
	<requires>
		<import addon="xbmc.gui" version="5.16.0"/>
		<import addon="script.favourites" version="7.1.1"/>
		<import addon="resource.uisounds.amber" version="1.0.0"/>
		<import addon="script.skinshortcuts" version="1.0.17"/>
	</requires>
	<extension point="xbmc.gui.skin" debugging="false">
		<res width="1920" height="1080" aspect="16:9" default="true" folder="1080i" />
	</extension>
	<extension point="xbmc.addon.metadata">
		<platform>all</platform>
		<license>GNU GENERAL PUBLIC LICENSE. Version 3, June 2007</license>
		<forum>https://forum.kodi.tv/forumdisplay.php?fid=203</forum>
		<source>https://github.com/bartolomesoriano/skin.amber</source>
		<assets>
			<icon>resources/icon.png</icon>
			<fanart>resources/fanart.jpg</fanart>
			<screenshot>resources/screenshot01.jpg</screenshot>
			<screenshot>resources/screenshot02.jpg</screenshot>
			<screenshot>resources/screenshot03.jpg</screenshot>
			<screenshot>resources/screenshot04.jpg</screenshot>
			<screenshot>resources/screenshot05.jpg</screenshot>
			<screenshot>resources/screenshot06.jpg</screenshot>
			<screenshot>resources/screenshot07.jpg</screenshot>
			<screenshot>resources/screenshot08.jpg</screenshot>
			<screenshot>resources/screenshot09.jpg</screenshot>
			<screenshot>resources/screenshot10.jpg</screenshot>
		</assets>
		<news>3.50.01 (15.04.2024)
			- Blue MOD
			- Polish description
			3.4.32 (11-01-2022)
			- Allow different view types for PVR
			- Search for trailer and play trailer in window (video info)
			- Date added and Last Played in video info dialog
			- Linked movie info in episodes list dialog
			- Many, many fixes!
			3.4.31 (28-10-2021)
			- Shelf Info for 2 shelves together
			- Episodes List button in OSD
			- Misc. fixes
			3.4.30 (17-10-2021)
			- Show Info for shelf items
			- Search movies by tag
			- Many misc. fixes
		</news>
		<summary lang="ca_ES">Sense bloatware, només els fitxers multimèdia amb una interfície fàcil de navegar</summary>
		<summary lang="da_DK">Ingen bloatware, kun dine medier med en brugerflade der er let at navigere</summary>
		<summary lang="de_DE">Keine Bloatware, nur Ihre Medien mit einer leicht zu navigierenden Oberfläche</summary>
		<summary lang="en_AU">No bloatware, just your media with an easy to navigate interface</summary>
		<summary lang="en_GB">No bloatware, just your media with an easy to navigate interface</summary>
		<summary lang="en_NZ">No bloatware, just your media with an easy to navigate interface</summary>
		<summary lang="en_US">No bloatware, just your media with an easy to navigate interface</summary>
		<summary lang="es_ES">Sin excesos, solo su contenido con una interfaz fácil de navegar</summary>
		<summary lang="es_MX">Nada de bloatware, solo tu multimedia con una interfaz fácil de navegar</summary>
		<summary lang="et_EE">Ei midagi üleliigset, ainult sinu meedium koos hõlpsasti navigeeritava liidesega</summary>
		<summary lang="fi_FI">Vain helppokäyttöinen käyttöliittymä mediakirjastollesi ilman turhia ominaisuuksia</summary>
		<summary lang="fr_CA">Pas d’inflagiciel, juste vos médias avec une interface facile à parcourir</summary>
		<summary lang="fr_FR">Pas d&apos;usine à gaz, juste les médias avec une interface épurée</summary>
		<summary lang="is_IS">Alls ekki óþarfa prjál, heldur bara margmiðlunarefnið þitt með einföldu viðmóti</summary>
		<summary lang="it_IT">Nessun bloatware, solo i tuoi file multimediali con un&apos;interfaccia facile da navigare</summary>
		<summary lang="nl_NL">Geen bloatware, alleen jouw media in een makkelijk te navigeren omgeving</summary>
		<summary lang="pl_PL">Bez zbędnego oprogramowania, tylko multimedia z łatwym w nawigacji interfejsem</summary>
		<summary lang="pt_BR">Sem bloatware, apenas sua mídia com uma interface fácil de navegar</summary>
		<summary lang="ru_RU">Никакого вредоносного ПО, только ваши медиафайлы с удобным интерфейсом</summary>
		<summary lang="zh_CN">没有臃肿的软件，只有你的媒体和一个易于导航的界面</summary>
		<description lang="ca_ES">Sense bloatware, només els fitxers multimèdia amb una interfície fàcil de navegar.[CR]Utilitza algunes textures d&apos;skins Mediastream i Aeon.</description>
		<description lang="de_DE">Keine Bloatware, nur Ihre Medien mit einer einfach zu navigierenden Oberfläche.[CR]Benutzt Texturen aus den Mediastream und Aeon skins.</description>
		<description lang="en_AU">No bloatware, just your media with an easy to navigate interface.[CR]Uses some textures from Mediastream and Aeon skins.</description>
		<description lang="en_GB">No bloatware, just your media with an easy to navigate interface.[CR]Uses some textures from Mediastream and Aeon skins.</description>
		<description lang="en_NZ">No bloatware, just your media with an easy to navigate interface.[CR]Uses some textures from Mediastream and Aeon skins.</description>
		<description lang="en_US">No bloatware, just your media with an easy to navigate interface.[CR]Uses some textures from Mediastream and Aeon skins.</description>
		<description lang="es_ES">Sin excesos, sólo su contenido con una interfaz fácil de navegar.[CR]Utiliza algunas texturas de los skins Mediastream y Aeon.</description>
		<description lang="es_MX">Nada de bloatware, solo tu multimedia con una interfaz fácil de navegar.[CR]Utiliza algunas texturas de las máscaras Mediastream y Aeon.</description>
		<description lang="et_EE">Ei midagi üleliigset, ainult sinu meedium koos hõlpsasti navigeeritava liidesega.[CR]Kasutab mõnda Mediastream ja Aeon rüü tekstuuri.</description>
		<description lang="fi_FI">Vain helppokäyttöinen käyttöliittymä mediakirjastollesi ilman turhia ominaisuuksia. [CR]Käyttää jonkin verran kuvamateriaalia Mediastream- ja Aeon-ulkoasuista.</description>
		<description lang="fr_CA">Pas d’inflagiciel, juste vos médias avec une interface facile à parcourir.[CR]Utilise des textures des habillages Mediastream et Aeon.</description>
		<description lang="fr_FR">Pas d&apos;utilisation excessive des ressources, juste vos médias avec une interface facile à utiliser.[CR]Utilise quelques textures provenant des habillages Mediastream et Aeon.</description>
		<description lang="is_IS">Alls ekki óþarfa prjál, heldur bara margmiðlunarefnið þitt með einföldu viðmóti.[CR]Notar ýmsar áferðir úr Mediastream og Aeon skinnunum.</description>
		<description lang="it_IT">Nessun bloatware, solo i tuoi file multimediali con un&apos;interfaccia facile da navigare.[CR]Usa alcune texture delle skin Mediastream e Aeon.</description>
		<description lang="nl_NL">Geen bloatware, alleen jouw media met een makkelijk te navigeren interface.[CR]Gebruikt sommige texturen van de Mediastream- en Aeonontwerpen.</description>
		<description lang="pl_PL">Bez zbędnego oprogramowania, tylko multimedia z łatwym w nawigacji interfejsem.[CR]Wykorzystuje niektóre tekstury ze skórek Mediastream i Aeon.</description>
		<description lang="pt_BR">Sem excessos, apenas a sua mídia com uma interface fácil de navegar. [CR]Utiliza algumas texturas das skins Mediastream e Aeon.</description>
		<description lang="pt_PT">Um tema sem excessos que apenas mostra a sua média com uma interface de navegação simples.[CR]Utiliza algumas texturas dos temas Mediastream e Aeon.</description>
		<description lang="ru_RU">Никаких вредоносных программ, только ваши носители с удобным интерфейсом навигации.[CR] Использует некоторые текстуры из скинов Mediastream и Aeon.</description>
		<description lang="zh_CN">没有臃肿的软件，只有你的媒体和一个易于导航的界面。[CR]使用了 Mediastream 和 Aeon 皮肤的一些纹理。</description>
	</extension>
</addon>
